{
"type": "FeatureCollection",
"name": "tract_all_vars",
"crs": { "type": "name", "properties": { "name": "urn:ogc:def:crs:OGC:1.3:CRS84" } },
"features": [
{ "type": "Feature", "properties": { "PRED_SS_PC": 0.1168295340317049, "PERCAP": 0.0788308733358761, "TRACTCE": "000400", "HLTH_INS": 0.75373294674439251, "Q_FEMALE": -0.3526044459022033, "RC5": -0.9087282214100556, "HOU_DEN": 1.7437281892350609, "MED_VAL": 0.17765497728012539, "POP_CHG": -0.78784676013466659, "LBR_FORCE": 1.101090887680843, "SoVI_class": "-0.5 to 0.5 SD", "Q_UNEMP": 0.140081022278539, "Q_EXTRACT": -0.31548525880941392, "MED_RENT": 0.21322642444072881, "Q_MOBILE": 0.10761543497920829, "Q_RENTER": -0.65906394185958572, "AGE_DEP": -0.4128317654280072, "MED_AGE": 0.079057077374741894, "PCT_URBAN": 0.92287987496125579, "NO_VEH": -0.1158662310455984, "Q_SERV": -0.02560544766318849, "COUNTYFP": "025", "ALAND": 2815319.0, "Ii": -0.035921752611890762, "NAME": "4", "RC4": -1.100726538394359, "HOSP_PC": -0.39945578899327572, "PRED_NURS_PC": -1.0469495550947829, "AWATER": 0.0, "Q_TRANS": 0.71873723573440618, "NAMELSAD": "Census Tract 4", "RC8": 0.49689912986049928, "RC1": 0.48850927073713069, "STATEFP": "56", "NO_HS": -0.01386764628941926, "MTFCC": "G5020", "PRED_BRATE": -1.193005216207178, "SoVI": -0.2312247287481847, "PRED_PCT_GOP": -0.2358086186197467, "Q_MINOR": -0.84504549157899855, "lag_sovi": 1.5437721489339318, "Area_miles": null, "RC3": -0.68131246455359562, "Q_GRP_QTR": -0.35621174230522579, "GEOIDFQ": "1400000US56025000400", "PRED_GDP_PC": -0.14697944970591029, "FUNCSTAT": "S", "RC10": 1.3873828006558591, "GISJOIN": "G5600250000400", "NAME_E": "Census Tract 4, Natrona County, Wyoming", "COUNTY": "Natrona County", "INTPTLON": "-106.2891368", "RC2": 0.1315606961268132, "RC9": -0.90422784344209839, "AVG_HH_SZ": -1.0063106408955109, "ESL_PCT": -0.2201845938942972, "INTPTLAT": "+42.8486773", "Q_POV": -0.60405570448760448, "FEM_LBR": 0.32755009802807711, "GEOID": "56025000400", "RC7": 0.39463579015409828, "quadrant": "High Vulnerability & Low Wildfire Risk", "RC6": -0.4647826515175229, "PRED_PHYS_PC": -0.01868989404236986, "PRED_FARM_VAL": 0.70471122445945855, "P.Ii": 0.22467975828303471, "cluster": "Not Significant", "TRACTFIPS": "56025000400", "SOVI_SCORE": 45.0127347, "SOVI_RATNG": "Relatively Moderate", "WFIR_RISKS": 0.0, "WFIR_RISKR": "No Rating", "WFIR_EALT": 0.0 }, "geometry": { "type": "Polygon", "coordinates": [ [ [ -106.297667, 42.854294 ], [ -106.29788, 42.83888 ], [ -106.286492, 42.838892 ], [ -106.2814, 42.8426 ], [ -106.28025, 42.84801 ], [ -106.28144, 42.85331 ], [ -106.277969, 42.855999 ], [ -106.27803, 42.85814 ], [ -106.297633, 42.856423 ], [ -106.297667, 42.854294 ] ] ] } },
{ "type": "Feature", "properties": { "PRED_SS_PC": 0.13989668527882879, "PERCAP": 0.078877205334751288, "TRACTCE": "970903", "HLTH_INS": -1.820502424943637, "Q_FEMALE": -0.52795642659631736, "RC5": 0.056313744051002632, "HOU_DEN": -0.31191817395515881, "MED_VAL": 0.17827341104171121, "POP_CHG": 0.30479642338543778, "LBR_FORCE": 0.058983444465102258, "SoVI_class": "> 1 SD", "Q_UNEMP": -0.34610039994632541, "Q_EXTRACT": -0.01467877779929202, "MED_RENT": 0.21322528398351909, "Q_MOBILE": 1.411446313111884, "Q_RENTER": 1.040413754888579, "AGE_DEP": -0.68322834289596079, "MED_AGE": 0.079056718772476664, "PCT_URBAN": 0.80265225827419828, "NO_VEH": 0.32414497563089961, "Q_SERV": 0.31651326850467698, "COUNTYFP": "037", "ALAND": 12277199.0, "Ii": 1.4191249714240284, "NAME": "9709.03", "RC4": 1.6186965992297579, "HOSP_PC": 2.02031170360498, "PRED_NURS_PC": 1.429410958685551, "AWATER": 0.0, "Q_TRANS": 0.17372321811589911, "NAMELSAD": "Census Tract 9709.03", "RC8": 1.542344659553774, "RC1": 0.44879193927273991, "STATEFP": "56", "NO_HS": 2.5930886950624532, "MTFCC": "G5020", "PRED_BRATE": 0.71121489922976067, "SoVI": 8.3924528365035336, "PRED_PCT_GOP": -0.1181705025840786, "Q_MINOR": 1.284117053143063, "lag_sovi": 1.6803188348121747, "Area_miles": null, "RC3": 2.406902238271587, "Q_GRP_QTR": 0.69625170645458168, "GEOIDFQ": "1400000US56037970903", "PRED_GDP_PC": 1.9821905470573311, "FUNCSTAT": "S", "RC10": -0.23639696054632461, "GISJOIN": "G5600370970903", "NAME_E": "Census Tract 9709.03, Sweetwater County, Wyoming", "COUNTY": "Sweetwater County", "INTPTLON": "-109.2595702", "RC2": 1.986538429739136, "RC9": 0.3332565211477006, "AVG_HH_SZ": 0.47366061036948032, "ESL_PCT": 2.889831042902284, "INTPTLAT": "+41.5747070", "Q_POV": 0.49797081050101127, "FEM_LBR": -0.46375269581996609, "GEOID": "56037970903", "RC7": -0.073535047318091948, "quadrant": "High Vulnerability & Low Wildfire Risk", "RC6": -0.30954071310225151, "PRED_PHYS_PC": -0.49193247984087263, "PRED_FARM_VAL": 0.70471122445945855, "P.Ii": 0.16262499077127046, "cluster": "Not Significant", "TRACTFIPS": "56037970903", "SOVI_SCORE": 49.42368063, "SOVI_RATNG": "Relatively Moderate", "WFIR_RISKS": 69.351789090599993, "WFIR_RISKR": "Relatively Low", "WFIR_EALT": 1229.92006004 }, "geometry": { "type": "Polygon", "coordinates": [ [ [ -109.310463, 41.557511 ], [ -109.30417, 41.547497 ], [ -109.300891, 41.548796 ], [ -109.29437, 41.55424 ], [ -109.279465, 41.557331 ], [ -109.272605, 41.56143 ], [ -109.265711, 41.564231 ], [ -109.25807, 41.56476 ], [ -109.24932, 41.56702 ], [ -109.24422, 41.569639 ], [ -109.23688, 41.57005 ], [ -109.230997, 41.575233 ], [ -109.23548, 41.57714 ], [ -109.23105, 41.57965 ], [ -109.226837, 41.584766 ], [ -109.226626, 41.591276 ], [ -109.224857, 41.59247 ], [ -109.230862, 41.597073 ], [ -109.229189, 41.601149 ], [ -109.2295, 41.60786 ], [ -109.235653, 41.605412 ], [ -109.23861, 41.60298 ], [ -109.25112, 41.58381 ], [ -109.25623, 41.57942 ], [ -109.27631, 41.57166 ], [ -109.28884, 41.56698 ], [ -109.310463, 41.557511 ] ] ] } },
{ "type": "Feature", "properties": { "PRED_SS_PC": -0.079563796800443051, "PERCAP": 0.079137438625730874, "TRACTCE": "971200", "HLTH_INS": 1.0844137252715611, "Q_FEMALE": 0.45396295111401808, "RC5": -0.545590662685567, "HOU_DEN": -0.53491947607591062, "MED_VAL": 0.17791867056457941, "POP_CHG": -0.39065570087293061, "LBR_FORCE": 0.043910871041181319, "SoVI_class": "-0.5 to 0.5 SD", "Q_UNEMP": -0.29748225772383891, "Q_EXTRACT": 0.93401858538647697, "MED_RENT": 0.2132243189812647, "Q_MOBILE": -0.89593924091685129, "Q_RENTER": -1.1370420440700071, "AGE_DEP": 0.48300877840814999, "MED_AGE": 0.079056870561795278, "PCT_URBAN": 0.92287987496125579, "NO_VEH": 0.56140227425790346, "Q_SERV": -0.23087667736390829, "COUNTYFP": "037", "ALAND": 34902923.0, "Ii": 0.03235851272864608, "NAME": "9712", "RC4": -0.34387875056373729, "HOSP_PC": -0.39945578899327572, "PRED_NURS_PC": -0.46129137740298398, "AWATER": 0.0, "Q_TRANS": 0.89215078679483995, "NAMELSAD": "Census Tract 9712", "RC8": -0.048341679688412298, "RC1": 0.33096112418677309, "STATEFP": "56", "NO_HS": 1.0361403070428981, "MTFCC": "G5020", "PRED_BRATE": -1.2442958559807951, "SoVI": 0.1716887873124999, "PRED_PCT_GOP": 0.24002881541575849, "Q_MINOR": 0.032755279279700372, "lag_sovi": 1.872865466327404, "Area_miles": null, "RC3": -0.62516917167173391, "Q_GRP_QTR": -0.35621174230522579, "GEOIDFQ": "1400000US56037971200", "PRED_GDP_PC": -0.25229191969316261, "FUNCSTAT": "S", "RC10": 0.84840535547898976, "GISJOIN": "G5600370971200", "NAME_E": "Census Tract 9712, Sweetwater County, Wyoming", "COUNTY": "Sweetwater County", "INTPTLON": "-109.1487819", "RC2": 0.39550318774814619, "RC9": -0.66405363277300966, "AVG_HH_SZ": -0.86669071153088961, "ESL_PCT": 0.29733173338779678, "INTPTLAT": "+41.5725257", "Q_POV": 0.74640611324157635, "FEM_LBR": -0.40263647325694679, "GEOID": "56037971200", "RC7": 0.59935267044571106, "quadrant": "High Vulnerability & Low Wildfire Risk", "RC6": -0.2245003468353399, "PRED_PHYS_PC": -0.26694520264701133, "PRED_FARM_VAL": 0.70471122445945855, "P.Ii": 0.23142701608657951, "cluster": "Not Significant", "TRACTFIPS": "56037971200", "SOVI_SCORE": 63.7469644, "SOVI_RATNG": "Relatively High", "WFIR_RISKS": 84.446981318300004, "WFIR_RISKR": "Relatively Low", "WFIR_EALT": 9311.2191902699997 }, "geometry": { "type": "Polygon", "coordinates": [ [ [ -109.215393, 41.589413 ], [ -109.21464, 41.58657 ], [ -109.21093, 41.58293 ], [ -109.2069, 41.57678 ], [ -109.2018, 41.57619 ], [ -109.18325, 41.56983 ], [ -109.17251, 41.56392 ], [ -109.16275, 41.56141 ], [ -109.15736, 41.55889 ], [ -109.14976, 41.55332 ], [ -109.14106, 41.54679 ], [ -109.13739, 41.54271 ], [ -109.13087, 41.53572 ], [ -109.12317, 41.53385 ], [ -109.107826, 41.53472 ], [ -109.10748, 41.54499 ], [ -109.117, 41.58025 ], [ -109.11627, 41.59083 ], [ -109.117915, 41.593886 ], [ -109.125406, 41.601102 ], [ -109.12858, 41.603178 ], [ -109.135402, 41.603346 ], [ -109.144406, 41.600587 ], [ -109.146267, 41.596247 ], [ -109.151993, 41.595305 ], [ -109.160012, 41.591355 ], [ -109.169265, 41.59471 ], [ -109.181417, 41.591608 ], [ -109.190645, 41.58854 ], [ -109.195933, 41.589823 ], [ -109.196881, 41.592823 ], [ -109.20733, 41.595367 ], [ -109.21284, 41.592228 ], [ -109.215393, 41.589413 ] ] ] } },
{ "type": "Feature", "properties": { "PRED_SS_PC": 0.71486586616395942, "PERCAP": 0.078812317768759008, "TRACTCE": "000300", "HLTH_INS": 0.24867298214297739, "Q_FEMALE": 0.16497963636688681, "RC5": -0.29301406383717721, "HOU_DEN": 0.2806702403675429, "MED_VAL": 0.17841685331696791, "POP_CHG": 0.61283848096074123, "LBR_FORCE": -0.64524147742034288, "SoVI_class": "-0.5 to 0.5 SD", "Q_UNEMP": 0.33455359116848471, "Q_EXTRACT": -0.97494562102391202, "MED_RENT": 0.2132266510700461, "Q_MOBILE": -0.88803723559483516, "Q_RENTER": 0.078556586242916532, "AGE_DEP": 0.57921295706474607, "MED_AGE": 0.079056756719806318, "PCT_URBAN": 0.92287987496125579, "NO_VEH": 0.44961487591251847, "Q_SERV": 0.66718495257673871, "COUNTYFP": "021", "ALAND": 5967340.0, "Ii": 0.10006058865000646, "NAME": "3", "RC4": 0.31463366553935229, "HOSP_PC": -0.39945578899327572, "PRED_NURS_PC": 0.2611528888356634, "AWATER": 0.0, "Q_TRANS": -0.3217440706281981, "NAMELSAD": "Census Tract 3", "RC8": 0.002042534224648548, "RC1": 1.3490960132073899, "STATEFP": "56", "NO_HS": 0.5480959564838096, "MTFCC": "G5020", "PRED_BRATE": 0.018235256539143891, "SoVI": 0.88596308451984007, "PRED_PCT_GOP": 0.097938213753943001, "Q_MINOR": 0.9175762554831044, "lag_sovi": 1.1222959343381076, "Area_miles": null, "RC3": -0.1050533905091542, "Q_GRP_QTR": -0.33142926850165821, "GEOIDFQ": "1400000US56021000300", "PRED_GDP_PC": 0.073347545798069166, "FUNCSTAT": "S", "RC10": -1.359279350957495, "GISJOIN": "G5600210000300", "NAME_E": "Census Tract 3, Laramie County, Wyoming", "COUNTY": "Laramie County", "INTPTLON": "-104.8304713", "RC2": -0.22417869588052569, "RC9": 0.71778370180291362, "AVG_HH_SZ": 1.3113801865572099, "ESL_PCT": -0.010085362490497509, "INTPTLAT": "+41.1086430", "Q_POV": 0.43502034278528018, "FEM_LBR": -0.45886596650313288, "GEOID": "56021000300", "RC7": 0.4649036985623175, "quadrant": "High Vulnerability & Low Wildfire Risk", "RC6": -0.01902897236756973, "PRED_PHYS_PC": -0.59048357787762762, "PRED_FARM_VAL": 0.70471122445945855, "P.Ii": 0.47125198889594072, "cluster": "Not Significant", "TRACTFIPS": "56021000300", "SOVI_SCORE": 69.73286738, "SOVI_RATNG": "Relatively High", "WFIR_RISKS": 85.405443972699999, "WFIR_RISKR": "Relatively Low", "WFIR_EALT": 10822.283436399999 }, "geometry": { "type": "Polygon", "coordinates": [ [ [ -104.850979, 41.11389 ], [ -104.850547, 41.099522 ], [ -104.837199, 41.098555 ], [ -104.82897, 41.102374 ], [ -104.809546, 41.102389 ], [ -104.809546, 41.118403 ], [ -104.824226, 41.116441 ], [ -104.839105, 41.116323 ], [ -104.850979, 41.11389 ] ] ] } },
{ "type": "Feature", "properties": { "PRED_SS_PC": -1.2302462419288001, "PERCAP": 0.079405925159753338, "TRACTCE": "000900", "HLTH_INS": 0.81321267502754868, "Q_FEMALE": 0.4610850344900127, "RC5": -0.1085050611711824, "HOU_DEN": 0.77424394311844391, "MED_VAL": 0.17896313647303541, "POP_CHG": -0.41167654519646307, "LBR_FORCE": 0.81749070033178206, "SoVI_class": "-1 to -0.5 SD", "Q_UNEMP": -0.58919111105875754, "Q_EXTRACT": -0.89395926075195598, "MED_RENT": 0.21322923903063731, "Q_MOBILE": -0.93544926752693236, "Q_RENTER": 0.03134887244435635, "AGE_DEP": -0.51930330619298137, "MED_AGE": 0.079057081169474852, "PCT_URBAN": 0.91145707269244924, "NO_VEH": -0.94543708663694837, "Q_SERV": 1.1547041231159469, "COUNTYFP": "021", "ALAND": 3272089.0, "Ii": 0.43660931799318192, "NAME": "9", "RC4": -0.81402160210326002, "HOSP_PC": -0.39945578899327572, "PRED_NURS_PC": -1.0469495550947829, "AWATER": 280715.0, "Q_TRANS": -0.3217440706281981, "NAMELSAD": "Census Tract 9", "RC8": -0.94852750584522683, "RC1": 0.96592274945760803, "STATEFP": "56", "NO_HS": -1.033188499782036, "MTFCC": "G5020", "PRED_BRATE": -1.494940072311576, "SoVI": -2.4908017146688102, "PRED_PCT_GOP": -0.87608297924651213, "Q_MINOR": -0.32709680077220538, "lag_sovi": -1.7418622481343085, "Area_miles": null, "RC3": 0.022936834950353781, "Q_GRP_QTR": -0.35621174230522579, "GEOIDFQ": "1400000US56021000900", "PRED_GDP_PC": 0.1525696217311443, "FUNCSTAT": "S", "RC10": 1.0689971708564701, "GISJOIN": "G5600210000900", "NAME_E": "Census Tract 9, Laramie County, Wyoming", "COUNTY": "Laramie County", "INTPTLON": "-104.8346965", "RC2": -0.89151007933285586, "RC9": -1.260097429686984, "AVG_HH_SZ": -1.3134744854976781, "ESL_PCT": -0.71676894288916393, "INTPTLAT": "+41.1555079", "Q_POV": -0.62362723231163253, "FEM_LBR": 0.48940926288990327, "GEOID": "56021000900", "RC7": -0.2223180986943642, "quadrant": "Low Vulnerability & Low Wildfire Risk", "RC6": 0.30367869309936868, "PRED_PHYS_PC": 1.124247398525311, "PRED_FARM_VAL": 0.70471122445945855, "P.Ii": 0.26075000225081602, "cluster": "Not Significant", "TRACTFIPS": "56021000900", "SOVI_SCORE": 9.209856068000001, "SOVI_RATNG": "Very Low", "WFIR_RISKS": 26.9249521363, "WFIR_RISKR": "Very Low", "WFIR_EALT": 33.824656040800001 }, "geometry": { "type": "Polygon", "coordinates": [ [ [ -104.843552, 41.167879 ], [ -104.846044, 41.164081 ], [ -104.852664, 41.164089 ], [ -104.852679, 41.159257 ], [ -104.839425, 41.159211 ], [ -104.839389, 41.147849 ], [ -104.840509, 41.146842 ], [ -104.836932, 41.146107 ], [ -104.818345, 41.145965 ], [ -104.81869, 41.152294 ], [ -104.828401, 41.160513 ], [ -104.837358, 41.166151 ], [ -104.842948, 41.167831 ], [ -104.843552, 41.167879 ] ] ] } },
{ "type": "Feature", "properties": { "PRED_SS_PC": -0.17398493256981951, "PERCAP": 0.078918642306718287, "TRACTCE": "957200", "HLTH_INS": 0.69170867913590117, "Q_FEMALE": 1.312514510585961, "RC5": 0.41012289057198892, "HOU_DEN": -0.64891098937169966, "MED_VAL": 0.1778216108214416, "POP_CHG": -0.38108917404591452, "LBR_FORCE": -0.27210563032862611, "SoVI_class": "-0.5 to 0.5 SD", "Q_UNEMP": -0.4919548266137847, "Q_EXTRACT": 1.605048427639826, "MED_RENT": 0.2132236244720665, "Q_MOBILE": 0.083909419013159764, "Q_RENTER": 0.58603950957743822, "AGE_DEP": 0.35844549621428279, "MED_AGE": 0.079057213985128633, "PCT_URBAN": -1.3265962575458641, "NO_VEH": -0.91086115761299502, "Q_SERV": -1.376974376526257, "COUNTYFP": "027", "ALAND": 6801380681.0, "Ii": 0.13342652151980239, "NAME": "9572", "RC4": 1.5294590923221889, "HOSP_PC": 2.3554822008905498, "PRED_NURS_PC": 1.8698909980357361, "AWATER": 4969450.0, "Q_TRANS": -0.99062491043272916, "NAMELSAD": "Census Tract 9572", "RC8": -1.157250595779086, "RC1": -2.280386229212815, "STATEFP": "56", "NO_HS": -0.2585194502866825, "MTFCC": "G5020", "PRED_BRATE": -1.3932927709440159, "SoVI": -0.89184372275791857, "PRED_PCT_GOP": 1.1357811891219569, "Q_MINOR": -0.74081942316933758, "lag_sovi": -1.4866658543665423, "Area_miles": null, "RC3": -0.28895062184347242, "Q_GRP_QTR": 0.85906875913034175, "GEOIDFQ": "1400000US56027957200", "PRED_GDP_PC": -1.1665851166081771, "FUNCSTAT": "S", "RC10": 2.2018076851277599, "GISJOIN": "G5600270957200", "NAME_E": "Census Tract 9572, Niobrara County, Wyoming", "COUNTY": "Niobrara County", "INTPTLON": "-104.4683727", "RC2": -0.63586370765352807, "RC9": 0.25649181975928609, "AVG_HH_SZ": -1.4251704289893761, "ESL_PCT": -0.67044454708603585, "INTPTLAT": "+43.0621590", "Q_POV": 0.13906036809336869, "FEM_LBR": 0.57198910782576395, "GEOID": "56027957200", "RC7": 0.39026617650999129, "quadrant": "Low Vulnerability & High Wildfire Risk", "RC6": 1.3175402325602319, "PRED_PHYS_PC": 1.802964357132403, "PRED_FARM_VAL": -1.481187626489376, "P.Ii": 0.34048359078131685, "cluster": "Not Significant", "TRACTFIPS": "56027957200", "SOVI_SCORE": 82.41544749000001, "SOVI_RATNG": "Very High", "WFIR_RISKS": 97.901133269100001, "WFIR_RISKR": "Relatively High", "WFIR_EALT": 309536.010481 }, "geometry": { "type": "Polygon", "coordinates": [ [ [ -104.899941, 43.49964 ], [ -104.899303, 43.477987 ], [ -104.898785, 43.407191 ], [ -104.898667, 43.37497 ], [ -104.89796, 43.368585 ], [ -104.897832, 43.354544 ], [ -104.898506, 43.313382 ], [ -104.898207, 43.249967 ], [ -104.898024, 43.24707 ], [ -104.896966, 43.145635 ], [ -104.897201, 43.131685 ], [ -104.898598, 43.117763 ], [ -104.897781, 43.075408 ], [ -104.897732, 43.005309 ], [ -104.898072, 42.999967 ], [ -104.897968, 42.89932 ], [ -104.898211, 42.874967 ], [ -104.89765, 42.873828 ], [ -104.898823, 42.851117 ], [ -104.899333, 42.823127 ], [ -104.898661, 42.811494 ], [ -104.899373, 42.804524 ], [ -104.89827, 42.79676 ], [ -104.89848, 42.78303 ], [ -104.893479, 42.78282 ], [ -104.892932, 42.759897 ], [ -104.893164, 42.723846 ], [ -104.892709, 42.696618 ], [ -104.892331, 42.690143 ], [ -104.892249, 42.624956 ], [ -104.892437, 42.608939 ], [ -104.872942, 42.609889 ], [ -104.829, 42.610064 ], [ -104.77974, 42.60987 ], [ -104.764221, 42.61024 ], [ -104.655639, 42.609468 ], [ -104.625513, 42.609257 ], [ -104.611847, 42.608787 ], [ -104.474705, 42.609632 ], [ -104.453505, 42.609449 ], [ -104.43011, 42.610084 ], [ -104.375505, 42.610677 ], [ -104.360106, 42.611243 ], [ -104.282024, 42.611648 ], [ -104.242645, 42.61198 ], [ -104.181245, 42.61192 ], [ -104.116825, 42.61198 ], [ -104.052838, 42.611767 ], [ -104.05285, 42.6492 ], [ -104.05262, 42.660549 ], [ -104.052997, 42.741531 ], [ -104.052863, 42.754569 ], [ -104.053071, 42.863169 ], [ -104.052984, 42.874967 ], [ -104.0531, 42.943004 ], [ -104.053129, 43.014941 ], [ -104.053261, 43.032463 ], [ -104.053327, 43.116218 ], [ -104.053471, 43.124857 ], [ -104.053967, 43.245132 ], [ -104.053908, 43.296876 ], [ -104.054417, 43.329732 ], [ -104.05479, 43.41642 ], [ -104.054786, 43.503328 ], [ -104.059552, 43.503062 ], [ -104.179504, 43.502793 ], [ -104.250247, 43.502623 ], [ -104.262712, 43.502468 ], [ -104.35879, 43.502072 ], [ -104.365139, 43.502221 ], [ -104.501571, 43.50199 ], [ -104.517832, 43.501691 ], [ -104.596379, 43.501991 ], [ -104.733763, 43.501735 ], [ -104.750519, 43.501134 ], [ -104.799817, 43.500713 ], [ -104.875522, 43.499798 ], [ -104.899941, 43.49964 ] ] ] } },
{ "type": "Feature", "properties": { "PRED_SS_PC": -1.3370533006775731, "PERCAP": 0.079231867109924914, "TRACTCE": "955100", "HLTH_INS": 0.3205983551158107, "Q_FEMALE": -0.40492500814820998, "RC5": -0.81808267310632532, "HOU_DEN": -0.64918926822036227, "MED_VAL": 0.17927836590428811, "POP_CHG": -1.3771789397657981, "LBR_FORCE": -0.2404581423981822, "SoVI_class": "< -1 SD", "Q_UNEMP": -1.0753725332836219, "Q_EXTRACT": 4.2891677966532216, "MED_RENT": 0.21322664375942291, "Q_MOBILE": -0.1057387087152295, "Q_RENTER": -1.3022690423649681, "AGE_DEP": 1.5922620835409691, "MED_AGE": 0.079057215882495119, "PCT_URBAN": -1.3161254609632089, "NO_VEH": -1.1209764186047111, "Q_SERV": -2.4888602040718202, "COUNTYFP": "019", "ALAND": 10693617436.0, "Ii": 1.1614816172238014, "NAME": "9551", "RC4": -0.72830592736753996, "HOSP_PC": -0.39945578899327572, "PRED_NURS_PC": -0.32100568604148982, "AWATER": 52753993.0, "Q_TRANS": -0.34651743506540289, "NAMELSAD": "Census Tract 9551", "RC8": 0.49976016575162813, "RC1": -2.7795455844713999, "STATEFP": "56", "NO_HS": 0.24194142797174131, "MTFCC": "G5020", "PRED_BRATE": 0.80561370264514442, "SoVI": -5.7948620885050488, "PRED_PCT_GOP": 1.223328845487194, "Q_MINOR": -0.82616035484646611, "lag_sovi": -1.991724192499005, "Area_miles": null, "RC3": -0.91622777173241698, "Q_GRP_QTR": -0.34998312264442882, "GEOIDFQ": "1400000US56019955100", "PRED_GDP_PC": -0.40437054961483537, "FUNCSTAT": "S", "RC10": 0.40341593785146002, "GISJOIN": "G5600190955100", "NAME_E": "Census Tract 9551, Johnson County, Wyoming", "COUNTY": "Johnson County", "INTPTLON": "-106.5885406", "RC2": 0.45611461286642219, "RC9": -1.405893539958575, "AVG_HH_SZ": 0.054800822275614038, "ESL_PCT": -0.63222948679387003, "INTPTLAT": "+44.0440477", "Q_POV": -0.57689127170345145, "FEM_LBR": 0.22845363864186499, "GEOID": "56019955100", "RC7": 0.89554819457092061, "quadrant": "Low Vulnerability & High Wildfire Risk", "RC6": 1.401645502909223, "PRED_PHYS_PC": 0.25283344597305302, "PRED_FARM_VAL": -1.532146216527535, "P.Ii": 0.01498731895209139, "cluster": "Low-Low", "TRACTFIPS": "56019955100", "SOVI_SCORE": 52.72641118, "SOVI_RATNG": "Relatively Moderate", "WFIR_RISKS": 98.6372230745, "WFIR_RISKR": "Relatively High", "WFIR_EALT": 715356.16389800003 }, "geometry": { "type": "Polygon", "coordinates": [ [ [ -107.369621, 44.559837 ], [ -107.371447, 44.556944 ], [ -107.36543, 44.555049 ], [ -107.360162, 44.550314 ], [ -107.360467, 44.547074 ], [ -107.355568, 44.545251 ], [ -107.353778, 44.542192 ], [ -107.33484, 44.540518 ], [ -107.330284, 44.543806 ], [ -107.330116, 44.536069 ], [ -107.324311, 44.533231 ], [ -107.322765, 44.529191 ], [ -107.327128, 44.523682 ], [ -107.325272, 44.521705 ], [ -107.315287, 44.515776 ], [ -107.310938, 44.508835 ], [ -107.301435, 44.506419 ], [ -107.294159, 44.500707 ], [ -107.298539, 44.496213 ], [ -107.29712, 44.490934 ], [ -107.298484, 44.484564 ], [ -107.30523, 44.483169 ], [ -107.299665, 44.476268 ], [ -107.303339, 44.464624 ], [ -107.30058, 44.459081 ], [ -107.288955, 44.459817 ], [ -107.285861, 44.45863 ], [ -107.27841, 44.459077 ], [ -107.274891, 44.456175 ], [ -107.278729, 44.450819 ], [ -107.272708, 44.448886 ], [ -107.267865, 44.449581 ], [ -107.258309, 44.446026 ], [ -107.255053, 44.441614 ], [ -107.242507, 44.438359 ], [ -107.238756, 44.44022 ], [ -107.227372, 44.44149 ], [ -107.215175, 44.446702 ], [ -107.210313, 44.44496 ], [ -107.202038, 44.446305 ], [ -107.200149, 44.441962 ], [ -107.203853, 44.435748 ], [ -107.200709, 44.434051 ], [ -107.204337, 44.428981 ], [ -107.20402, 44.425201 ], [ -107.200196, 44.421652 ], [ -107.20188, 44.416457 ], [ -107.199866, 44.409339 ], [ -107.198841, 44.399149 ], [ -107.188471, 44.398665 ], [ -107.185916, 44.401937 ], [ -107.179205, 44.403336 ], [ -107.169212, 44.393507 ], [ -107.172697, 44.389131 ], [ -107.174063, 44.382106 ], [ -107.176505, 44.376645 ], [ -107.173265, 44.374966 ], [ -107.165462, 44.373868 ], [ -107.163457, 44.368056 ], [ -107.173118, 44.360454 ], [ -107.184891, 44.3588 ], [ -107.188691, 44.353346 ], [ -107.188982, 44.348172 ], [ -107.184996, 44.346365 ], [ -107.179707, 44.346072 ], [ -107.176027, 44.342596 ], [ -107.176329, 44.338188 ], [ -107.172614, 44.335163 ], [ -107.168355, 44.335684 ], [ -107.160447, 44.33447 ], [ -107.156723, 44.331759 ], [ -107.159562, 44.33002 ], [ -107.159586, 44.325144 ], [ -107.15547, 44.322328 ], [ -107.150781, 44.324468 ], [ -107.145001, 44.324004 ], [ -107.146135, 44.234646 ], [ -107.146808, 44.165666 ], [ -107.128584, 44.165692 ], [ -107.128055, 44.14125 ], [ -107.128641, 44.121245 ], [ -107.128492, 44.06357 ], [ -107.128827, 44.006114 ], [ -107.129009, 43.999963 ], [ -107.127969, 43.936244 ], [ -107.127816, 43.916683 ], [ -107.128394, 43.902481 ], [ -107.128034, 43.873632 ], [ -107.127622, 43.815961 ], [ -107.113655, 43.816092 ], [ -107.113739, 43.754835 ], [ -107.113885, 43.73524 ], [ -107.113062, 43.729746 ], [ -107.113634, 43.715802 ], [ -107.113385, 43.657647 ], [ -107.11369, 43.612496 ], [ -107.113639, 43.555781 ], [ -107.110799, 43.555571 ], [ -107.110734, 43.500286 ], [ -107.11092, 43.492362 ], [ -107.000617, 43.492513 ], [ -106.958915, 43.492164 ], [ -106.875611, 43.492266 ], [ -106.833209, 43.491966 ], [ -106.750606, 43.491918 ], [ -106.694359, 43.491956 ], [ -106.674702, 43.491969 ], [ -106.594897, 43.49147 ], [ -106.575196, 43.49207 ], [ -106.517093, 43.491771 ], [ -106.500593, 43.492322 ], [ -106.463935, 43.492673 ], [ -106.404087, 43.492771 ], [ -106.375585, 43.492972 ], [ -106.227277, 43.493272 ], [ -106.188075, 43.493971 ], [ -106.148073, 43.493771 ], [ -106.078068, 43.494471 ], [ -106.017366, 43.494969 ], [ -106.016996, 43.531746 ], [ -106.017613, 43.575411 ], [ -106.017998, 43.619583 ], [ -106.018862, 43.624972 ], [ -106.018121, 43.739006 ], [ -106.01824, 43.754492 ], [ -106.017611, 43.799506 ], [ -106.017598, 43.821489 ], [ -106.009201, 43.821579 ], [ -106.009882, 43.935809 ], [ -106.010217, 43.999978 ], [ -106.009932, 44.030464 ], [ -106.00957, 44.083553 ], [ -106.011345, 44.124979 ], [ -106.011377, 44.169735 ], [ -106.016504, 44.169729 ], [ -106.016558, 44.259237 ], [ -106.016712, 44.304461 ], [ -106.016632, 44.374981 ], [ -106.014507, 44.49998 ], [ -106.014477, 44.52098 ], [ -106.008477, 44.521081 ], [ -106.009676, 44.563981 ], [ -106.059279, 44.563081 ], [ -106.059479, 44.563781 ], [ -106.111882, 44.56368 ], [ -106.179485, 44.56378 ], [ -106.179185, 44.56208 ], [ -106.250589, 44.56223 ], [ -106.375594, 44.562078 ], [ -106.428897, 44.561777 ], [ -106.428897, 44.556777 ], [ -106.5006, 44.556713 ], [ -106.550001, 44.556874 ], [ -106.590703, 44.556775 ], [ -106.625605, 44.557174 ], [ -106.630905, 44.557474 ], [ -106.663806, 44.556874 ], [ -106.690307, 44.557474 ], [ -106.710608, 44.557573 ], [ -106.75061, 44.557323 ], [ -106.811312, 44.557872 ], [ -106.875614, 44.557871 ], [ -106.99649, 44.559079 ], [ -107.000618, 44.558832 ], [ -107.0332, 44.559197 ], [ -107.033213, 44.558343 ], [ -107.052925, 44.558411 ], [ -107.125232, 44.558664 ], [ -107.125622, 44.558361 ], [ -107.250627, 44.558667 ], [ -107.296437, 44.559101 ], [ -107.345962, 44.559734 ], [ -107.369621, 44.559837 ] ], [ [ -106.732702, 44.322535 ], [ -106.744498, 44.324705 ], [ -106.753937, 44.325298 ], [ -106.755946, 44.328971 ], [ -106.759684, 44.329708 ], [ -106.766156, 44.333234 ], [ -106.775101, 44.332246 ], [ -106.776024, 44.3365 ], [ -106.762942, 44.338827 ], [ -106.762189, 44.342761 ], [ -106.766502, 44.347003 ], [ -106.775417, 44.343124 ], [ -106.783392, 44.344134 ], [ -106.783176, 44.349033 ], [ -106.771337, 44.357506 ], [ -106.764029, 44.355536 ], [ -106.759988, 44.355845 ], [ -106.732897, 44.364263 ], [ -106.737974, 44.367586 ], [ -106.745117, 44.369362 ], [ -106.746098, 44.373998 ], [ -106.754759, 44.37844 ], [ -106.756961, 44.386091 ], [ -106.761932, 44.389968 ], [ -106.769922, 44.393884 ], [ -106.771692, 44.398646 ], [ -106.770249, 44.408984 ], [ -106.750047, 44.408724 ], [ -106.73919, 44.404989 ], [ -106.726864, 44.405162 ], [ -106.711781, 44.386803 ], [ -106.709088, 44.384611 ], [ -106.687732, 44.372941 ], [ -106.68327, 44.36915 ], [ -106.672213, 44.362558 ], [ -106.662865, 44.359584 ], [ -106.666047, 44.355351 ], [ -106.668912, 44.354126 ], [ -106.675166, 44.352145 ], [ -106.675809, 44.348037 ], [ -106.671276, 44.343361 ], [ -106.674235, 44.340766 ], [ -106.667431, 44.33699 ], [ -106.668588, 44.327849 ], [ -106.668009, 44.324118 ], [ -106.673477, 44.318311 ], [ -106.67308, 44.316291 ], [ -106.681693, 44.313407 ], [ -106.68195, 44.310348 ], [ -106.697604, 44.310546 ], [ -106.70013, 44.311724 ], [ -106.705961, 44.309013 ], [ -106.716686, 44.301723 ], [ -106.719908, 44.29726 ], [ -106.722331, 44.299558 ], [ -106.721128, 44.306631 ], [ -106.722835, 44.30726 ], [ -106.729742, 44.298643 ], [ -106.740119, 44.295111 ], [ -106.742713, 44.299551 ], [ -106.746189, 44.301554 ], [ -106.751314, 44.301409 ], [ -106.75363, 44.308472 ], [ -106.750605, 44.313868 ], [ -106.747333, 44.317046 ], [ -106.740711, 44.318021 ], [ -106.738603, 44.32053 ], [ -106.732702, 44.322535 ] ] ] } },
{ "type": "Feature", "properties": { "PRED_SS_PC": -0.27048337340184092, "PERCAP": 0.078962014521881549, "TRACTCE": "970601", "HLTH_INS": 0.43124238763936718, "Q_FEMALE": 0.4164947123174304, "RC5": -0.001590294424286987, "HOU_DEN": -0.57922125069026731, "MED_VAL": 0.17779927849116209, "POP_CHG": 0.065598348400785711, "LBR_FORCE": 0.10670186094757091, "SoVI_class": "-0.5 to 0.5 SD", "Q_UNEMP": -0.29748225772383891, "Q_EXTRACT": 1.130699746046941, "MED_RENT": 0.213225488680967, "Q_MOBILE": 1.7907425685686631, "Q_RENTER": -0.033561734028663942, "AGE_DEP": -0.42570107747622588, "MED_AGE": 0.079056946456454585, "PCT_URBAN": 0.68173976132636516, "NO_VEH": -0.54747399457677615, "Q_SERV": -1.1460442431129481, "COUNTYFP": "037", "ALAND": 89184725.0, "Ii": 0.10504513039793592, "NAME": "9706.01", "RC4": -0.85925055360281055, "HOSP_PC": -0.39945578899327572, "PRED_NURS_PC": -0.39432237257921299, "AWATER": 1232448.0, "Q_TRANS": 0.074629760367079745, "NAMELSAD": "Census Tract 9706.01", "RC8": -0.19172145196725321, "RC1": -0.48127698246656753, "STATEFP": "56", "NO_HS": -0.029912717258544639, "MTFCC": "G5020", "PRED_BRATE": -0.42607013426103307, "SoVI": 0.455972250270824, "PRED_PCT_GOP": 0.93609135931243803, "Q_MINOR": 0.81378411846727916, "lag_sovi": 2.2892724094563377, "Area_miles": null, "RC3": 0.40118568590405262, "Q_GRP_QTR": -0.067975573077486057, "GEOIDFQ": "1400000US56037970601", "PRED_GDP_PC": 0.42613334558180072, "FUNCSTAT": "S", "RC10": 0.56392445998716734, "GISJOIN": "G5600370970601", "NAME_E": "Census Tract 9706.01, Sweetwater County, Wyoming", "COUNTY": "Sweetwater County", "INTPTLON": "-109.3868484", "RC2": 0.95534551216676278, "RC9": -0.51768536473846849, "AVG_HH_SZ": -0.33613497994532587, "ESL_PCT": 0.81288494165661407, "INTPTLAT": "+41.4995835", "Q_POV": -0.30692708082110792, "FEM_LBR": 0.28964074080219421, "GEOID": "56037970601", "RC7": 0.71186856433516932, "quadrant": "High Vulnerability & Low Wildfire Risk", "RC6": 0.12482732492294139, "PRED_PHYS_PC": 0.1268209619784024, "PRED_FARM_VAL": 0.70471122445945855, "P.Ii": 0.071139854979284003, "cluster": "Not Significant", "TRACTFIPS": "56037970601", "SOVI_SCORE": 29.66652846, "SOVI_RATNG": "Relatively Low", "WFIR_RISKS": 78.686692114699994, "WFIR_RISKR": "Relatively Low", "WFIR_EALT": 5024.5879040299997 }, "geometry": { "type": "Polygon", "coordinates": [ [ [ -109.466417, 41.519084 ], [ -109.47058, 41.51602 ], [ -109.47422, 41.50982 ], [ -109.47041, 41.50783 ], [ -109.46373, 41.50845 ], [ -109.46402, 41.50329 ], [ -109.45405, 41.50326 ], [ -109.45321, 41.50153 ], [ -109.44609, 41.498193 ], [ -109.448147, 41.494182 ], [ -109.45785, 41.49088 ], [ -109.450858, 41.486316 ], [ -109.454288, 41.480666 ], [ -109.452752, 41.478075 ], [ -109.43983, 41.477355 ], [ -109.444222, 41.471849 ], [ -109.443356, 41.469582 ], [ -109.437544, 41.466757 ], [ -109.435206, 41.463391 ], [ -109.431895, 41.462395 ], [ -109.4271, 41.463386 ], [ -109.420461, 41.459955 ], [ -109.415282, 41.459425 ], [ -109.40993, 41.460648 ], [ -109.402019, 41.465875 ], [ -109.396824, 41.465864 ], [ -109.390959, 41.464297 ], [ -109.386929, 41.460614 ], [ -109.385236, 41.465419 ], [ -109.387115, 41.472072 ], [ -109.384274, 41.474288 ], [ -109.377873, 41.474754 ], [ -109.371417, 41.477107 ], [ -109.37099, 41.474559 ], [ -109.363641, 41.476431 ], [ -109.360102, 41.47438 ], [ -109.354794, 41.475949 ], [ -109.346087, 41.475462 ], [ -109.33935, 41.474164 ], [ -109.338993, 41.479093 ], [ -109.337084, 41.482978 ], [ -109.328061, 41.483846 ], [ -109.317169, 41.489332 ], [ -109.309335, 41.491882 ], [ -109.305347, 41.500162 ], [ -109.30581, 41.503813 ], [ -109.295936, 41.526878 ], [ -109.295284, 41.532201 ], [ -109.29725, 41.53611 ], [ -109.302566, 41.542028 ], [ -109.30417, 41.547497 ], [ -109.310463, 41.557511 ], [ -109.33052, 41.5488 ], [ -109.34605, 41.54362 ], [ -109.37251, 41.53306 ], [ -109.3793, 41.53241 ], [ -109.38543, 41.53323 ], [ -109.39147, 41.53231 ], [ -109.39942, 41.52919 ], [ -109.41209, 41.52752 ], [ -109.42361, 41.52829 ], [ -109.42923, 41.52783 ], [ -109.44004, 41.52392 ], [ -109.445622, 41.523864 ], [ -109.45001, 41.52162 ], [ -109.45507, 41.52207 ], [ -109.460089, 41.524986 ], [ -109.466417, 41.519084 ] ] ] } },
{ "type": "Feature", "properties": { "PRED_SS_PC": 1.779692313397621, "PERCAP": 0.078905152523261995, "TRACTCE": "001100", "HLTH_INS": 0.41355888348214459, "Q_FEMALE": 0.81951637502875518, "RC5": -0.43587939937315923, "HOU_DEN": -0.061676643136945798, "MED_VAL": 0.17795560480311851, "POP_CHG": -0.041607176025800462, "LBR_FORCE": -0.93329119915610004, "SoVI_class": "-0.5 to 0.5 SD", "Q_UNEMP": 1.8417160000655639, "Q_EXTRACT": -0.25763785861515959, "MED_RENT": 0.21322668031253861, "Q_MOBILE": 0.73977586074050583, "Q_RENTER": -0.60005429961138557, "AGE_DEP": 0.38076370378447882, "MED_AGE": 0.079056870561795278, "PCT_URBAN": 0.68887157446574809, "NO_VEH": -0.89448246243546714, "Q_SERV": -0.60720726514855961, "COUNTYFP": "025", "ALAND": 8221107.0, "Ii": 0.15172058591459922, "NAME": "11", "RC4": -0.1719905869925035, "HOSP_PC": -0.39945578899327572, "PRED_NURS_PC": 0.59833393391412948, "AWATER": 376917.0, "Q_TRANS": 0.96647088010645477, "NAMELSAD": "Census Tract 11", "RC8": -1.143090547685647, "RC1": 0.12804776068281651, "STATEFP": "56", "NO_HS": 0.57371719728292137, "MTFCC": "G5020", "PRED_BRATE": -0.79095830292145797, "SoVI": 1.2989974808901861, "PRED_PCT_GOP": 1.1843250066377009, "Q_MINOR": -0.1288956116976204, "lag_sovi": 1.1606363415841634, "Area_miles": null, "RC3": -0.77179511870207607, "Q_GRP_QTR": -0.34769521928580788, "GEOIDFQ": "1400000US56025001100", "PRED_GDP_PC": -0.46727463328094487, "FUNCSTAT": "S", "RC10": 0.29784578840544951, "GISJOIN": "G5600250001100", "NAME_E": "Census Tract 11, Natrona County, Wyoming", "COUNTY": "Natrona County", "INTPTLON": "-106.3920070", "RC2": 0.54650061639344993, "RC9": 1.274867362068415, "AVG_HH_SZ": 0.054800822275614038, "ESL_PCT": -0.71676894288916393, "INTPTLAT": "+42.8329881", "Q_POV": 0.58075805328987662, "FEM_LBR": -0.1398677172345521, "GEOID": "56025001100", "RC7": 0.76006190630473525, "quadrant": "High Vulnerability & High Wildfire Risk", "RC6": -0.81442969978870583, "PRED_PHYS_PC": -0.93623074661288319, "PRED_FARM_VAL": 0.70471122445945855, "P.Ii": 0.45517355257465208, "cluster": "Not Significant", "TRACTFIPS": "56025001100", "SOVI_SCORE": 20.58875792, "SOVI_RATNG": "Relatively Low", "WFIR_RISKS": 91.306054011599997, "WFIR_RISKR": "Relatively Moderate", "WFIR_EALT": 49523.3801332 }, "geometry": { "type": "Polygon", "coordinates": [ [ [ -106.414736, 42.842721 ], [ -106.41275, 42.83311 ], [ -106.414879, 42.827162 ], [ -106.407785, 42.828264 ], [ -106.404957, 42.831996 ], [ -106.40221, 42.832692 ], [ -106.388907, 42.821708 ], [ -106.381209, 42.820746 ], [ -106.376353, 42.821255 ], [ -106.368043, 42.826264 ], [ -106.36758, 42.831498 ], [ -106.378369, 42.834687 ], [ -106.38015, 42.838242 ], [ -106.376938, 42.840811 ], [ -106.368829, 42.838197 ], [ -106.364599, 42.836665 ], [ -106.360983, 42.838364 ], [ -106.357002, 42.844373 ], [ -106.35778, 42.845367 ], [ -106.372635, 42.847368 ], [ -106.382744, 42.850736 ], [ -106.389, 42.84682 ], [ -106.395063, 42.844667 ], [ -106.40457, 42.84293 ], [ -106.414736, 42.842721 ] ] ] } },
{ "type": "Feature", "properties": { "PRED_SS_PC": -1.0958256144676719, "PERCAP": 0.079125201058460395, "TRACTCE": "000101", "HLTH_INS": 0.52651766404041067, "Q_FEMALE": -0.1121602789769196, "RC5": -0.31552385578181219, "HOU_DEN": -0.64877053692559428, "MED_VAL": 0.17935996480338631, "POP_CHG": 0.073573513024634385, "LBR_FORCE": -0.7222210452042892, "SoVI_class": "-1 to -0.5 SD", "Q_UNEMP": -1.1726088177285949, "Q_EXTRACT": 1.6166179076786771, "MED_RENT": 0.2132255837190678, "Q_MOBILE": 0.40789163721582472, "Q_RENTER": -1.467496040659928, "AGE_DEP": 0.008580148081927778, "MED_AGE": 0.079056927482789752, "PCT_URBAN": -1.325331796538272, "NO_VEH": -1.1209764186047111, "Q_SERV": -1.2743387616758981, "COUNTYFP": "005", "ALAND": 3111463324.0, "Ii": 0.28185783928846142, "NAME": "1.01", "RC4": -0.28249405994629989, "HOSP_PC": -0.39945578899327572, "PRED_NURS_PC": 0.42763792031236741, "AWATER": 2486471.0, "Q_TRANS": -0.14833051956776411, "NAMELSAD": "Census Tract 1.01", "RC8": 0.68799487968416095, "RC1": -1.5839436989063811, "STATEFP": "56", "NO_HS": 1.967265933186426, "MTFCC": "G5020", "PRED_BRATE": 1.590402422403502, "SoVI": -2.6566237197177069, "PRED_PCT_GOP": 1.1996743164064909, "Q_MINOR": -1.2508636549981951, "lag_sovi": -1.0542898732480119, "Area_miles": null, "RC3": -0.60256202109270451, "Q_GRP_QTR": -0.35621174230522579, "GEOIDFQ": "1400000US56005000101", "PRED_GDP_PC": -0.72397827219127087, "FUNCSTAT": "S", "RC10": -0.84646633287227113, "GISJOIN": "G5600050000101", "NAME_E": "Census Tract 1.01, Campbell County, Wyoming", "COUNTY": "Campbell County", "INTPTLON": "-105.3272541", "RC2": 0.14030178369463761, "RC9": -0.7173892395371505, "AVG_HH_SZ": 1.3951521441759831, "ESL_PCT": -0.71676894288916393, "INTPTLAT": "+43.9159304", "Q_POV": -0.16845204642852729, "FEM_LBR": -0.39771272556065318, "GEOID": "56005000101", "RC7": 0.94116758758627117, "quadrant": "Low Vulnerability & High Wildfire Risk", "RC6": 0.077708762546157967, "PRED_PHYS_PC": -0.80225524868646136, "PRED_FARM_VAL": -1.1606016597145881, "P.Ii": 0.35975005477156241, "cluster": "Not Significant", "TRACTFIPS": "56005000101", "SOVI_SCORE": 9.209856068000001, "SOVI_RATNG": "Very Low", "WFIR_RISKS": 97.847621086199993, "WFIR_RISKR": "Relatively High", "WFIR_EALT": 549012.86797400005 }, "geometry": { "type": "Polygon", "coordinates": [ [ [ -105.489044, 44.210136 ], [ -105.484194, 44.203909 ], [ -105.478293, 44.199306 ], [ -105.469483, 44.195174 ], [ -105.471865, 44.188337 ], [ -105.47533, 44.189594 ], [ -105.485279, 44.190299 ], [ -105.485809, 44.186481 ], [ -105.483925, 44.182933 ], [ -105.486085, 44.179136 ], [ -105.481536, 44.176009 ], [ -105.476305, 44.167632 ], [ -105.475, 44.159618 ], [ -105.479429, 44.158666 ], [ -105.486988, 44.14935 ], [ -105.492048, 44.144518 ], [ -105.501916, 44.14554 ], [ -105.518435, 44.144199 ], [ -105.51959, 44.14268 ], [ -105.532497, 44.146063 ], [ -105.535612, 44.148296 ], [ -105.540092, 44.148298 ], [ -105.551335, 44.151479 ], [ -105.557718, 44.155299 ], [ -105.558832, 44.158551 ], [ -105.565949, 44.168058 ], [ -105.575257, 44.172371 ], [ -105.58565, 44.172744 ], [ -105.598, 44.18173 ], [ -105.6013, 44.18705 ], [ -105.60147, 44.19839 ], [ -105.60681, 44.19285 ], [ -105.61749, 44.18628 ], [ -105.63059, 44.17687 ], [ -105.641, 44.17031 ], [ -105.66062, 44.1591 ], [ -105.694269, 44.139014 ], [ -105.70906, 44.12943 ], [ -105.71182, 44.12519 ], [ -105.71138, 44.11605 ], [ -105.71136, 44.09381 ], [ -105.71275, 44.08916 ], [ -105.71773, 44.08039 ], [ -105.72139, 44.07045 ], [ -105.72176, 44.05926 ], [ -105.71935, 44.04365 ], [ -105.71948, 44.03575 ], [ -105.72203, 44.02601 ], [ -105.72002, 44.01727 ], [ -105.72427, 44.00075 ], [ -105.72484, 43.99307 ], [ -105.72404, 43.98387 ], [ -105.718844, 43.979865 ], [ -105.71441, 43.978676 ], [ -105.706586, 43.974104 ], [ -105.695448, 43.973032 ], [ -105.689961, 43.969892 ], [ -105.68699, 43.970715 ], [ -105.675903, 43.965265 ], [ -105.674068, 43.95629 ], [ -105.67365, 43.948372 ], [ -105.66864, 43.944596 ], [ -105.663245, 43.945654 ], [ -105.649225, 43.943981 ], [ -105.637701, 43.943895 ], [ -105.631357, 43.943129 ], [ -105.618728, 43.943447 ], [ -105.611, 43.940483 ], [ -105.60597, 43.940525 ], [ -105.59958, 43.944576 ], [ -105.592173, 43.942039 ], [ -105.584133, 43.942087 ], [ -105.578912, 43.940841 ], [ -105.571399, 43.941406 ], [ -105.5582, 43.94074 ], [ -105.55831, 43.9351 ], [ -105.55129, 43.93324 ], [ -105.53712, 43.93429 ], [ -105.53252, 43.93694 ], [ -105.52189, 43.9344 ], [ -105.51774, 43.93412 ], [ -105.51172, 43.93591 ], [ -105.48335, 43.93966 ], [ -105.47802, 43.94213 ], [ -105.46278, 43.94436 ], [ -105.46004, 43.94547 ], [ -105.4456, 43.9455 ], [ -105.44735, 43.92523 ], [ -105.45162, 43.89247 ], [ -105.45733, 43.86574 ], [ -105.46505, 43.84208 ], [ -105.46934, 43.80697 ], [ -105.47638, 43.78598 ], [ -105.4767, 43.7839 ], [ -105.47574, 43.76148 ], [ -105.47253, 43.69412 ], [ -105.46955, 43.6781 ], [ -105.46799, 43.63463 ], [ -105.4692, 43.62977 ], [ -105.47768, 43.61239 ], [ -105.47871, 43.60552 ], [ -105.47689, 43.59876 ], [ -105.46254, 43.56761 ], [ -105.45369, 43.53598 ], [ -105.45124, 43.52125 ], [ -105.4482, 43.51176 ], [ -105.44686, 43.496703 ], [ -105.372701, 43.49731 ], [ -105.251703, 43.498021 ], [ -105.241995, 43.498217 ], [ -105.137546, 43.498039 ], [ -105.079797, 43.498445 ], [ -105.080558, 43.5024 ], [ -105.080837, 43.534727 ], [ -105.08144, 43.549608 ], [ -105.081769, 43.592115 ], [ -105.081376, 43.624971 ], [ -105.08091, 43.701322 ], [ -105.080715, 43.749973 ], [ -105.078784, 43.827021 ], [ -105.081407, 43.826928 ], [ -105.081252, 43.856928 ], [ -105.081267, 43.90752 ], [ -105.080568, 43.99567 ], [ -105.080178, 44.016253 ], [ -105.080417, 44.023919 ], [ -105.080326, 44.077918 ], [ -105.080649, 44.086477 ], [ -105.080141, 44.104522 ], [ -105.079397, 44.149437 ], [ -105.079281, 44.176182 ], [ -105.082181, 44.176175 ], [ -105.084467, 44.216633 ], [ -105.084391, 44.235081 ], [ -105.083726, 44.264082 ], [ -105.08391, 44.2855 ], [ -105.09942, 44.28514 ], [ -105.12417, 44.2856 ], [ -105.13367, 44.28727 ], [ -105.14581, 44.29182 ], [ -105.15396, 44.29326 ], [ -105.23898, 44.29278 ], [ -105.25746, 44.2964 ], [ -105.27593, 44.296913 ], [ -105.280975, 44.293416 ], [ -105.290588, 44.294132 ], [ -105.292791, 44.290704 ], [ -105.297788, 44.287649 ], [ -105.299938, 44.26192 ], [ -105.301196, 44.255506 ], [ -105.308159, 44.249352 ], [ -105.312147, 44.243684 ], [ -105.312156, 44.236795 ], [ -105.317023, 44.236064 ], [ -105.32051, 44.23379 ], [ -105.32874, 44.23358 ], [ -105.33639, 44.23641 ], [ -105.34249, 44.23738 ], [ -105.34749, 44.23664 ], [ -105.34755, 44.22583 ], [ -105.365611, 44.226057 ], [ -105.369301, 44.2267 ], [ -105.375144, 44.231312 ], [ -105.37917, 44.23299 ], [ -105.40679, 44.23266 ], [ -105.41304, 44.23201 ], [ -105.4227, 44.22884 ], [ -105.4512, 44.22908 ], [ -105.45786, 44.22831 ], [ -105.44868, 44.2089 ], [ -105.44526, 44.20322 ], [ -105.45147, 44.20321 ], [ -105.453506, 44.201398 ], [ -105.458077, 44.202267 ], [ -105.467264, 44.201853 ], [ -105.468823, 44.204775 ], [ -105.478873, 44.210041 ], [ -105.486098, 44.209259 ], [ -105.489044, 44.210136 ] ] ] } },
{ "type": "Feature", "properties": { "PRED_SS_PC": -0.082008274217958588, "PERCAP": 0.079164418192643457, "TRACTCE": "000103", "HLTH_INS": -1.147062135388212, "Q_FEMALE": -0.25299962290943778, "RC5": -0.30432361827968418, "HOU_DEN": -0.6480243869008443, "MED_VAL": 0.17803205008753681, "POP_CHG": -1.329189637179264, "LBR_FORCE": -0.027399949999594098, "SoVI_class": "0.5 to 1 SD", "Q_UNEMP": -0.63780925328124383, "Q_EXTRACT": 2.137244509426965, "MED_RENT": 0.21322567875716861, "Q_MOBILE": 1.4904663663320461, "Q_RENTER": -0.86559768972828655, "AGE_DEP": -1.3634638369841781, "MED_AGE": 0.079057100143139672, "PCT_URBAN": -1.3265962575458641, "NO_VEH": -1.1209764186047111, "Q_SERV": -2.0013410335326118, "COUNTYFP": "005", "ALAND": 2339945718.0, "Ii": -0.83652578963797697, "NAME": "1.03", "RC4": -0.54206355132742112, "HOSP_PC": -0.39945578899327572, "PRED_NURS_PC": -0.1126062724817038, "AWATER": 376744.0, "Q_TRANS": -1.040171639307139, "NAMELSAD": "Census Tract 1.03", "RC8": 0.48794468934650642, "RC1": -2.5476049421560689, "STATEFP": "56", "NO_HS": 2.7826778787828639, "MTFCC": "G5020", "PRED_BRATE": -0.066503051877150526, "SoVI": 2.572829562707633, "PRED_PCT_GOP": 1.223328845487194, "Q_MINOR": -0.85762160865030712, "lag_sovi": -3.2309354385500133, "Area_miles": null, "RC3": 2.445860168140356, "Q_GRP_QTR": -0.34871169219498549, "GEOIDFQ": "1400000US56005000103", "PRED_GDP_PC": 2.863077207200591, "FUNCSTAT": "S", "RC10": 1.498907181531963, "GISJOIN": "G5600050000103", "NAME_E": "Census Tract 1.03, Campbell County, Wyoming", "COUNTY": "Campbell County", "INTPTLON": "-105.7181658", "RC2": 2.7984693042220812, "RC9": -0.71394600422404952, "AVG_HH_SZ": -0.50367889518287212, "ESL_PCT": 3.9097949986674858, "INTPTLAT": "+43.7081085", "Q_POV": 1.454236769226551, "FEM_LBR": -0.51102580248966623, "GEOID": "56005000103", "RC7": 1.056074665403858, "quadrant": "High Vulnerability & High Wildfire Risk", "RC6": 1.606488329949908, "PRED_PHYS_PC": 1.24585468039162, "PRED_FARM_VAL": -1.553517414016707, "P.Ii": 0.039669583569899115, "cluster": "High-Low", "TRACTFIPS": "56005000103", "SOVI_SCORE": 27.65029912, "SOVI_RATNG": "Relatively Low", "WFIR_RISKS": 96.197067532399998, "WFIR_RISKR": "Relatively Moderate", "WFIR_EALT": 203301.59405300001 }, "geometry": { "type": "Polygon", "coordinates": [ [ [ -106.009932, 44.030464 ], [ -106.010217, 43.999978 ], [ -106.009882, 43.935809 ], [ -106.009201, 43.821579 ], [ -106.017598, 43.821489 ], [ -106.017611, 43.799506 ], [ -106.01824, 43.754492 ], [ -106.018121, 43.739006 ], [ -106.018862, 43.624972 ], [ -106.017998, 43.619583 ], [ -106.017613, 43.575411 ], [ -106.016996, 43.531746 ], [ -106.017366, 43.494969 ], [ -106.000566, 43.4948 ], [ -105.87556, 43.495134 ], [ -105.86681, 43.495402 ], [ -105.750557, 43.495827 ], [ -105.731438, 43.495577 ], [ -105.62555, 43.496164 ], [ -105.558017, 43.496697 ], [ -105.500545, 43.496561 ], [ -105.495864, 43.496833 ], [ -105.44686, 43.496703 ], [ -105.4482, 43.51176 ], [ -105.45124, 43.52125 ], [ -105.45369, 43.53598 ], [ -105.46254, 43.56761 ], [ -105.47689, 43.59876 ], [ -105.47871, 43.60552 ], [ -105.47768, 43.61239 ], [ -105.4692, 43.62977 ], [ -105.46799, 43.63463 ], [ -105.46955, 43.6781 ], [ -105.47253, 43.69412 ], [ -105.47574, 43.76148 ], [ -105.4767, 43.7839 ], [ -105.47638, 43.78598 ], [ -105.46934, 43.80697 ], [ -105.46505, 43.84208 ], [ -105.45733, 43.86574 ], [ -105.45162, 43.89247 ], [ -105.44735, 43.92523 ], [ -105.4456, 43.9455 ], [ -105.46004, 43.94547 ], [ -105.46278, 43.94436 ], [ -105.47802, 43.94213 ], [ -105.48335, 43.93966 ], [ -105.51172, 43.93591 ], [ -105.51774, 43.93412 ], [ -105.52189, 43.9344 ], [ -105.53252, 43.93694 ], [ -105.53712, 43.93429 ], [ -105.55129, 43.93324 ], [ -105.55831, 43.9351 ], [ -105.5582, 43.94074 ], [ -105.571399, 43.941406 ], [ -105.578912, 43.940841 ], [ -105.584133, 43.942087 ], [ -105.592173, 43.942039 ], [ -105.59958, 43.944576 ], [ -105.60597, 43.940525 ], [ -105.611, 43.940483 ], [ -105.618728, 43.943447 ], [ -105.631357, 43.943129 ], [ -105.637701, 43.943895 ], [ -105.649225, 43.943981 ], [ -105.663245, 43.945654 ], [ -105.66864, 43.944596 ], [ -105.67365, 43.948372 ], [ -105.674068, 43.95629 ], [ -105.675903, 43.965265 ], [ -105.68699, 43.970715 ], [ -105.689961, 43.969892 ], [ -105.695448, 43.973032 ], [ -105.706586, 43.974104 ], [ -105.71441, 43.978676 ], [ -105.718844, 43.979865 ], [ -105.72404, 43.98387 ], [ -105.73262, 43.98347 ], [ -105.7389, 43.982 ], [ -105.74785, 43.97849 ], [ -105.74963, 43.97556 ], [ -105.75575, 43.97179 ], [ -105.76539, 43.96242 ], [ -105.77619, 43.95519 ], [ -105.78726, 43.94592 ], [ -105.79224, 43.94866 ], [ -105.79327, 43.95188 ], [ -105.80381, 43.96058 ], [ -105.80752, 43.96262 ], [ -105.81403, 43.96397 ], [ -105.8253, 43.96991 ], [ -105.82775, 43.97266 ], [ -105.8344, 43.97572 ], [ -105.83923, 43.98 ], [ -105.84285, 43.98478 ], [ -105.85231, 43.99013 ], [ -105.86115, 43.9976 ], [ -105.86923, 44.00007 ], [ -105.8744, 43.99844 ], [ -105.8886, 43.9984 ], [ -105.8991, 44.0058 ], [ -105.90524, 44.00319 ], [ -105.91408, 44.00344 ], [ -105.92154, 44.00655 ], [ -105.93482, 44.0096 ], [ -105.93945, 44.01256 ], [ -105.95113, 44.01404 ], [ -105.95695, 44.01654 ], [ -105.97308, 44.01919 ], [ -105.98032, 44.02383 ], [ -105.9845, 44.02346 ], [ -105.99139, 44.02938 ], [ -105.99778, 44.02943 ], [ -106.00303, 44.03178 ], [ -106.009932, 44.030464 ] ] ] } },
{ "type": "Feature", "properties": { "PRED_SS_PC": -1.511669142152317, "PERCAP": 0.079347014080102446, "TRACTCE": "000701", "HLTH_INS": 0.76319787828308794, "Q_FEMALE": 0.44232107254082192, "RC5": -0.46100342631989472, "HOU_DEN": -0.64883682272394871, "MED_VAL": 0.1785345275188252, "POP_CHG": -0.1678685781497232, "LBR_FORCE": 1.7659326287842561, "SoVI_class": "< -1 SD", "Q_UNEMP": -1.1726088177285949, "Q_EXTRACT": 2.715718511369507, "MED_RENT": -4.6605295529758362, "Q_MOBILE": 1.047954068299138, "Q_RENTER": -0.2223925892229045, "AGE_DEP": 0.1892493296509902, "MED_AGE": 0.079057086861574297, "PCT_URBAN": -1.3265962575458641, "NO_VEH": 0.045068633385352982, "Q_SERV": -0.93222004550803284, "COUNTYFP": "005", "ALAND": 3225676199.0, "Ii": 1.3303795338856683, "NAME": "7.01", "RC4": -1.3218831856044631, "HOSP_PC": -0.39945578899327572, "PRED_NURS_PC": -1.0469495550947829, "AWATER": 3079418.0, "Q_TRANS": 0.79305732904602044, "NAMELSAD": "Census Tract 7.01", "RC8": 0.74752713393756209, "RC1": -2.265187789135501, "STATEFP": "56", "NO_HS": -1.193961393435218, "MTFCC": "G5020", "PRED_BRATE": 1.150460956833226, "SoVI": -8.1561001011424707, "PRED_PCT_GOP": -2.584752904032622, "Q_MINOR": -0.78289710525284351, "lag_sovi": -1.6208878638140665, "Area_miles": null, "RC3": -1.5577056746708591, "Q_GRP_QTR": -0.35621174230522579, "GEOIDFQ": "1400000US56005000701", "PRED_GDP_PC": -1.2213574108651311, "FUNCSTAT": "S", "RC10": 0.37092629176178099, "GISJOIN": "G5600050000701", "NAME_E": "Census Tract 7.01, Campbell County, Wyoming", "COUNTY": "Campbell County", "INTPTLON": "-105.7917740", "RC2": -0.062936522257761668, "RC9": -0.33289888942424678, "AVG_HH_SZ": 0.64120452560702523, "ESL_PCT": -0.71676894288916393, "INTPTLAT": "+44.6580082", "Q_POV": -1.0932500351950341, "FEM_LBR": 1.4091644803161221, "GEOID": "56005000701", "RC7": -3.9761318925265088, "quadrant": "Low Vulnerability & High Wildfire Risk", "RC6": -0.70319385309742177, "PRED_PHYS_PC": -1.1622627293537351, "PRED_FARM_VAL": -2.320375985891566, "P.Ii": 0.17847456743826456, "cluster": "Not Significant", "TRACTFIPS": "56005000701", "SOVI_SCORE": 26.02914174, "SOVI_RATNG": "Relatively Low", "WFIR_RISKS": 98.553981901, "WFIR_RISKR": "Relatively High", "WFIR_EALT": 830906.22258399997 }, "geometry": { "type": "Polygon", "coordinates": [ [ [ -106.024815, 44.993495 ], [ -106.024929, 44.976809 ], [ -106.023103, 44.86882 ], [ -106.017575, 44.868785 ], [ -106.014275, 44.857784 ], [ -106.014476, 44.850684 ], [ -106.014927, 44.749983 ], [ -106.014977, 44.707082 ], [ -106.010677, 44.693182 ], [ -106.010577, 44.624988 ], [ -106.009676, 44.563981 ], [ -106.008477, 44.521081 ], [ -106.014477, 44.52098 ], [ -106.014507, 44.49998 ], [ -106.016632, 44.374981 ], [ -106.016712, 44.304461 ], [ -106.010452, 44.302524 ], [ -106.008407, 44.299227 ], [ -105.998803, 44.296348 ], [ -105.994656, 44.29771 ], [ -105.992598, 44.293367 ], [ -105.984502, 44.289918 ], [ -105.983047, 44.284876 ], [ -105.97469, 44.280708 ], [ -105.973652, 44.283312 ], [ -105.968655, 44.283519 ], [ -105.952617, 44.288687 ], [ -105.945317, 44.289445 ], [ -105.938807, 44.287726 ], [ -105.929249, 44.280594 ], [ -105.928922, 44.288358 ], [ -105.925467, 44.29073 ], [ -105.914496, 44.290879 ], [ -105.90813, 44.29636 ], [ -105.89733, 44.29465 ], [ -105.88497, 44.29535 ], [ -105.88119, 44.2976 ], [ -105.86314, 44.29438 ], [ -105.8492, 44.29081 ], [ -105.84102, 44.29033 ], [ -105.83501, 44.28692 ], [ -105.80538, 44.2874 ], [ -105.79534, 44.2867 ], [ -105.7873, 44.28714 ], [ -105.77895, 44.2811 ], [ -105.76444, 44.28442 ], [ -105.75637, 44.2835 ], [ -105.74831, 44.28404 ], [ -105.74246, 44.28558 ], [ -105.73039, 44.285 ], [ -105.72479, 44.28335 ], [ -105.719099, 44.284995 ], [ -105.71202, 44.28493 ], [ -105.70488, 44.28226 ], [ -105.685563, 44.28127 ], [ -105.680559, 44.281999 ], [ -105.677045, 44.27689 ], [ -105.662369, 44.262815 ], [ -105.661408, 44.259583 ], [ -105.655229, 44.249816 ], [ -105.655606, 44.247088 ], [ -105.6605, 44.2448 ], [ -105.64422, 44.24842 ], [ -105.62899, 44.25476 ], [ -105.62379, 44.25834 ], [ -105.61197, 44.27086 ], [ -105.60265, 44.2789 ], [ -105.59237, 44.29213 ], [ -105.58631, 44.29495 ], [ -105.575909, 44.295316 ], [ -105.576034, 44.308449 ], [ -105.584524, 44.317711 ], [ -105.587417, 44.323338 ], [ -105.562974, 44.31414 ], [ -105.551346, 44.310829 ], [ -105.530514, 44.31124 ], [ -105.530971, 44.317334 ], [ -105.52973, 44.32748 ], [ -105.507855, 44.328077 ], [ -105.502639, 44.325286 ], [ -105.499597, 44.320953 ], [ -105.496452, 44.320935 ], [ -105.496529, 44.316067 ], [ -105.489208, 44.313354 ], [ -105.4889, 44.32164 ], [ -105.48193, 44.3456 ], [ -105.48197, 44.36535 ], [ -105.4808, 44.36966 ], [ -105.47686, 44.37718 ], [ -105.47851, 44.38869 ], [ -105.47437, 44.39273 ], [ -105.459742, 44.398392 ], [ -105.468762, 44.409495 ], [ -105.466785, 44.413323 ], [ -105.457493, 44.422219 ], [ -105.45419, 44.42643 ], [ -105.45599, 44.435768 ], [ -105.459425, 44.43782 ], [ -105.46112, 44.44249 ], [ -105.460793, 44.447254 ], [ -105.463307, 44.449734 ], [ -105.463746, 44.456045 ], [ -105.467304, 44.460122 ], [ -105.472317, 44.462003 ], [ -105.478754, 44.462671 ], [ -105.48279, 44.459541 ], [ -105.482289, 44.455941 ], [ -105.485489, 44.452455 ], [ -105.491211, 44.450981 ], [ -105.492985, 44.447199 ], [ -105.494334, 44.439932 ], [ -105.498753, 44.438953 ], [ -105.496244, 44.434613 ], [ -105.499771, 44.431209 ], [ -105.515433, 44.43317 ], [ -105.523404, 44.43719 ], [ -105.52784, 44.435935 ], [ -105.531554, 44.438203 ], [ -105.534413, 44.434225 ], [ -105.544408, 44.43623 ], [ -105.546523, 44.433168 ], [ -105.553109, 44.434096 ], [ -105.555469, 44.428564 ], [ -105.561321, 44.425956 ], [ -105.56802, 44.43453 ], [ -105.58316, 44.46245 ], [ -105.61673, 44.49919 ], [ -105.64789, 44.53116 ], [ -105.65642, 44.54558 ], [ -105.666008, 44.556877 ], [ -105.660279, 44.557695 ], [ -105.651545, 44.556002 ], [ -105.649772, 44.556825 ], [ -105.638467, 44.555728 ], [ -105.629362, 44.557464 ], [ -105.627609, 44.559762 ], [ -105.629602, 44.563319 ], [ -105.623603, 44.563339 ], [ -105.62185, 44.573992 ], [ -105.618228, 44.581205 ], [ -105.615447, 44.582702 ], [ -105.612065, 44.588401 ], [ -105.600104, 44.594175 ], [ -105.594673, 44.594125 ], [ -105.589376, 44.596172 ], [ -105.580859, 44.597253 ], [ -105.57906, 44.6022 ], [ -105.58144, 44.60786 ], [ -105.58136, 44.61227 ], [ -105.58398, 44.61824 ], [ -105.58414, 44.62491 ], [ -105.58148, 44.62851 ], [ -105.57547, 44.63193 ], [ -105.57372, 44.63803 ], [ -105.56582, 44.64478 ], [ -105.56626, 44.64985 ], [ -105.56453, 44.6537 ], [ -105.55912, 44.66091 ], [ -105.55864, 44.66367 ], [ -105.566, 44.67371 ], [ -105.5672, 44.67919 ], [ -105.56941, 44.68293 ], [ -105.56686, 44.68942 ], [ -105.55699, 44.69365 ], [ -105.55359, 44.69842 ], [ -105.54188, 44.7078 ], [ -105.55207, 44.7148 ], [ -105.55281, 44.71765 ], [ -105.54805, 44.72397 ], [ -105.53684, 44.72788 ], [ -105.52791, 44.73377 ], [ -105.52064, 44.74686 ], [ -105.52363, 44.75657 ], [ -105.53033, 44.76295 ], [ -105.52952, 44.77298 ], [ -105.52656, 44.77678 ], [ -105.52552, 44.78083 ], [ -105.52779, 44.78486 ], [ -105.52802, 44.7891 ], [ -105.52529, 44.79364 ], [ -105.51583, 44.79606 ], [ -105.50196, 44.79599 ], [ -105.49859, 44.79729 ], [ -105.4931, 44.80294 ], [ -105.48894, 44.80466 ], [ -105.47851, 44.8037 ], [ -105.47273, 44.80112 ], [ -105.45424, 44.80108 ], [ -105.4503, 44.80315 ], [ -105.43746, 44.80228 ], [ -105.42574, 44.79838 ], [ -105.40723, 44.79774 ], [ -105.39368, 44.79614 ], [ -105.39096, 44.80129 ], [ -105.37454, 44.81888 ], [ -105.3714, 44.82627 ], [ -105.37147, 44.86092 ], [ -105.37508, 44.87434 ], [ -105.37532, 44.89568 ], [ -105.375, 44.89869 ], [ -105.36686, 44.93222 ], [ -105.36361, 44.95692 ], [ -105.36281, 44.97306 ], [ -105.36384, 44.97721 ], [ -105.37088, 44.99546 ], [ -105.371303, 45.000185 ], [ -105.524888, 45.000227 ], [ -105.666432, 45.000446 ], [ -105.766841, 45.00036 ], [ -105.846814, 45.000384 ], [ -105.913149, 45.000238 ], [ -105.928174, 44.993487 ], [ -106.024815, 44.993495 ] ] ] } },
{ "type": "Feature", "properties": { "PRED_SS_PC": 1.207845526810261, "PERCAP": 0.078956834900385686, "TRACTCE": "000702", "HLTH_INS": -1.2453257889234239, "Q_FEMALE": 0.74332761202482611, "RC5": -0.41036150331021359, "HOU_DEN": -0.64628752548836532, "MED_VAL": 0.17823561786739209, "POP_CHG": -0.26863867893670579, "LBR_FORCE": -0.60704579100406064, "SoVI_class": "-0.5 to 0.5 SD", "Q_UNEMP": 1.3555345778407, "Q_EXTRACT": 1.0728523458526871, "MED_RENT": 0.2132266218275535, "Q_MOBILE": 2.731081201888593, "Q_RENTER": -1.066230473372167, "AGE_DEP": 0.28363313769961768, "MED_AGE": 0.079056756719806318, "PCT_URBAN": 0.051730869161961332, "NO_VEH": -0.21019339794966099, "Q_SERV": -0.89800817389124576, "COUNTYFP": "005", "ALAND": 2601017158.0, "Ii": 0.0016403867266790359, "NAME": "7.02", "RC4": -0.48231854218003922, "HOSP_PC": -0.39945578899327572, "PRED_NURS_PC": 0.26394019637129401, "AWATER": 3909398.0, "Q_TRANS": 0.29759004030192332, "NAMELSAD": "Census Tract 7.02", "RC8": -0.064502496215342126, "RC1": -1.132567943775141, "STATEFP": "56", "NO_HS": 0.14432657511973951, "MTFCC": "G5020", "PRED_BRATE": 1.590402422403502, "SoVI": -0.021238314870827751, "PRED_PCT_GOP": 1.1583197797716469, "Q_MINOR": -0.63098315422767703, "lag_sovi": -0.76751373092542818, "Area_miles": null, "RC3": -0.48736658544847172, "Q_GRP_QTR": -0.33532714866077662, "GEOIDFQ": "1400000US56005000702", "PRED_GDP_PC": -0.23062340131382031, "FUNCSTAT": "S", "RC10": -0.91443841324104436, "GISJOIN": "G5600050000702", "NAME_E": "Census Tract 7.02, Campbell County, Wyoming", "COUNTY": "Campbell County", "INTPTLON": "-105.3063708", "RC2": 1.224961460475144, "RC9": 1.5174753178423179, "AVG_HH_SZ": 1.5906200452864541, "ESL_PCT": -0.39369316201845977, "INTPTLAT": "+44.6173850", "Q_POV": 0.25085310768133029, "FEM_LBR": -0.42530901605102922, "GEOID": "56005000702", "RC7": 0.38397517828413019, "quadrant": "High Vulnerability & High Wildfire Risk", "RC6": -0.34390521269783281, "PRED_PHYS_PC": -1.3337811029821041, "PRED_FARM_VAL": -0.97592935607981235, "P.Ii": 0.51253441953664547, "cluster": "Not Significant", "TRACTFIPS": "56005000702", "SOVI_SCORE": 22.4361784, "SOVI_RATNG": "Relatively Low", "WFIR_RISKS": 98.179396620399999, "WFIR_RISKR": "Relatively High", "WFIR_EALT": 632201.94520199997 }, "geometry": { "type": "Polygon", "coordinates": [ [ [ -105.371303, 45.000185 ], [ -105.37088, 44.99546 ], [ -105.36384, 44.97721 ], [ -105.36281, 44.97306 ], [ -105.36361, 44.95692 ], [ -105.36686, 44.93222 ], [ -105.375, 44.89869 ], [ -105.37532, 44.89568 ], [ -105.37508, 44.87434 ], [ -105.37147, 44.86092 ], [ -105.3714, 44.82627 ], [ -105.37454, 44.81888 ], [ -105.39096, 44.80129 ], [ -105.39368, 44.79614 ], [ -105.40723, 44.79774 ], [ -105.42574, 44.79838 ], [ -105.43746, 44.80228 ], [ -105.4503, 44.80315 ], [ -105.45424, 44.80108 ], [ -105.47273, 44.80112 ], [ -105.47851, 44.8037 ], [ -105.48894, 44.80466 ], [ -105.4931, 44.80294 ], [ -105.49859, 44.79729 ], [ -105.50196, 44.79599 ], [ -105.51583, 44.79606 ], [ -105.52529, 44.79364 ], [ -105.52802, 44.7891 ], [ -105.52779, 44.78486 ], [ -105.52552, 44.78083 ], [ -105.52656, 44.77678 ], [ -105.52952, 44.77298 ], [ -105.53033, 44.76295 ], [ -105.52363, 44.75657 ], [ -105.52064, 44.74686 ], [ -105.52791, 44.73377 ], [ -105.53684, 44.72788 ], [ -105.54805, 44.72397 ], [ -105.55281, 44.71765 ], [ -105.55207, 44.7148 ], [ -105.54188, 44.7078 ], [ -105.55359, 44.69842 ], [ -105.55699, 44.69365 ], [ -105.56686, 44.68942 ], [ -105.56941, 44.68293 ], [ -105.5672, 44.67919 ], [ -105.566, 44.67371 ], [ -105.55864, 44.66367 ], [ -105.55912, 44.66091 ], [ -105.56453, 44.6537 ], [ -105.56626, 44.64985 ], [ -105.56582, 44.64478 ], [ -105.57372, 44.63803 ], [ -105.57547, 44.63193 ], [ -105.58148, 44.62851 ], [ -105.58414, 44.62491 ], [ -105.58398, 44.61824 ], [ -105.58136, 44.61227 ], [ -105.58144, 44.60786 ], [ -105.57906, 44.6022 ], [ -105.580859, 44.597253 ], [ -105.589376, 44.596172 ], [ -105.594673, 44.594125 ], [ -105.600104, 44.594175 ], [ -105.612065, 44.588401 ], [ -105.615447, 44.582702 ], [ -105.618228, 44.581205 ], [ -105.62185, 44.573992 ], [ -105.623603, 44.563339 ], [ -105.629602, 44.563319 ], [ -105.627609, 44.559762 ], [ -105.629362, 44.557464 ], [ -105.638467, 44.555728 ], [ -105.649772, 44.556825 ], [ -105.651545, 44.556002 ], [ -105.660279, 44.557695 ], [ -105.666008, 44.556877 ], [ -105.65642, 44.54558 ], [ -105.64789, 44.53116 ], [ -105.61673, 44.49919 ], [ -105.58316, 44.46245 ], [ -105.56802, 44.43453 ], [ -105.561321, 44.425956 ], [ -105.555469, 44.428564 ], [ -105.553109, 44.434096 ], [ -105.546523, 44.433168 ], [ -105.544408, 44.43623 ], [ -105.534413, 44.434225 ], [ -105.531554, 44.438203 ], [ -105.52784, 44.435935 ], [ -105.523404, 44.43719 ], [ -105.515433, 44.43317 ], [ -105.499771, 44.431209 ], [ -105.496244, 44.434613 ], [ -105.498753, 44.438953 ], [ -105.494334, 44.439932 ], [ -105.492985, 44.447199 ], [ -105.491211, 44.450981 ], [ -105.485489, 44.452455 ], [ -105.482289, 44.455941 ], [ -105.48279, 44.459541 ], [ -105.478754, 44.462671 ], [ -105.472317, 44.462003 ], [ -105.467304, 44.460122 ], [ -105.463746, 44.456045 ], [ -105.463307, 44.449734 ], [ -105.460793, 44.447254 ], [ -105.46112, 44.44249 ], [ -105.459425, 44.43782 ], [ -105.45599, 44.435768 ], [ -105.45419, 44.42643 ], [ -105.457493, 44.422219 ], [ -105.466785, 44.413323 ], [ -105.468762, 44.409495 ], [ -105.459742, 44.398392 ], [ -105.47437, 44.39273 ], [ -105.47851, 44.38869 ], [ -105.47686, 44.37718 ], [ -105.4808, 44.36966 ], [ -105.48197, 44.36535 ], [ -105.48193, 44.3456 ], [ -105.4889, 44.32164 ], [ -105.489208, 44.313354 ], [ -105.48897, 44.29255 ], [ -105.47916, 44.29144 ], [ -105.44953, 44.28807 ], [ -105.44978, 44.29524 ], [ -105.44244, 44.29505 ], [ -105.40582, 44.29565 ], [ -105.38754, 44.2955 ], [ -105.3716, 44.2935 ], [ -105.37593, 44.29127 ], [ -105.376457, 44.286445 ], [ -105.371183, 44.287879 ], [ -105.351698, 44.288585 ], [ -105.345146, 44.286835 ], [ -105.336951, 44.289361 ], [ -105.319966, 44.290541 ], [ -105.311579, 44.292746 ], [ -105.307231, 44.292307 ], [ -105.301989, 44.2946 ], [ -105.297022, 44.29359 ], [ -105.290588, 44.294132 ], [ -105.280975, 44.293416 ], [ -105.27593, 44.296913 ], [ -105.25746, 44.2964 ], [ -105.23898, 44.29278 ], [ -105.15396, 44.29326 ], [ -105.14581, 44.29182 ], [ -105.13367, 44.28727 ], [ -105.12417, 44.2856 ], [ -105.09942, 44.28514 ], [ -105.08391, 44.2855 ], [ -105.085076, 44.324184 ], [ -105.084446, 44.342366 ], [ -105.084559, 44.374981 ], [ -105.08388, 44.42077 ], [ -105.083149, 44.452472 ], [ -105.082915, 44.480472 ], [ -105.083153, 44.499982 ], [ -105.082698, 44.527607 ], [ -105.086151, 44.527708 ], [ -105.085646, 44.54187 ], [ -105.085816, 44.577865 ], [ -105.085452, 44.590426 ], [ -105.085558, 44.624983 ], [ -105.085583, 44.720446 ], [ -105.0856, 44.769128 ], [ -105.085451, 44.786801 ], [ -105.076861, 44.786193 ], [ -105.076817, 44.808738 ], [ -105.075553, 44.858143 ], [ -105.074791, 44.87107 ], [ -105.076696, 44.871072 ], [ -105.07654, 44.942558 ], [ -105.076724, 44.988018 ], [ -105.076601, 44.999926 ], [ -105.099875, 45.000117 ], [ -105.160531, 45.000107 ], [ -105.322037, 45.000151 ], [ -105.371303, 45.000185 ] ] ] } },
{ "type": "Feature", "properties": { "PRED_SS_PC": -1.267083789297025, "PERCAP": 0.078950915332961821, "TRACTCE": "000102", "HLTH_INS": 0.54575881341251842, "Q_FEMALE": 0.45851304792231978, "RC5": -0.27154135401729912, "HOU_DEN": -0.64172993957971325, "MED_VAL": 0.17932217162906711, "POP_CHG": 0.13954938483486601, "LBR_FORCE": 0.1073961396251122, "SoVI_class": "-1 to -0.5 SD", "Q_UNEMP": -1.1726088177285949, "Q_EXTRACT": 1.7207432280283339, "MED_RENT": 0.21322866149140929, "Q_MOBILE": -0.48503496417200798, "Q_RENTER": -0.29910512414556478, "AGE_DEP": -0.21724262220034829, "MED_AGE": 0.079056828819732666, "PCT_URBAN": 0.029881458316638479, "NO_VEH": -0.64144233697688813, "Q_SERV": -0.74405475161570656, "COUNTYFP": "005", "ALAND": 985264760.0, "Ii": 0.52658219092869563, "NAME": "1.02", "RC4": -0.80032263506432522, "HOSP_PC": -0.39945578899327572, "PRED_NURS_PC": -0.42582405240405707, "AWATER": 680391.0, "Q_TRANS": 0.89215078679483995, "NAMELSAD": "Census Tract 1.02", "RC8": 0.90277937653951656, "RC1": -0.80042432275632325, "STATEFP": "56", "NO_HS": -0.40187690746088123, "MTFCC": "G5020", "PRED_BRATE": 1.590402422403502, "SoVI": -1.9537555391058501, "PRED_PCT_GOP": 0.66364795509423036, "Q_MINOR": -0.1866905622115296, "lag_sovi": -2.6782795635032688, "Area_miles": null, "RC3": -0.2046517672882216, "Q_GRP_QTR": -0.35621174230522579, "GEOIDFQ": "1400000US56005000102", "PRED_GDP_PC": 0.07898619003778419, "FUNCSTAT": "S", "RC10": -0.8987030098250296, "GISJOIN": "G5600050000102", "NAME_E": "Census Tract 1.02, Campbell County, Wyoming", "COUNTY": "Campbell County", "INTPTLON": "-105.7760396", "RC2": -0.74127893130683475, "RC9": -0.67201999065175433, "AVG_HH_SZ": 1.3113801865572099, "ESL_PCT": -0.63453333340339524, "INTPTLAT": "+44.1239197", "Q_POV": -1.170052398490095, "FEM_LBR": 0.2302762287349209, "GEOID": "56005000102", "RC7": 0.67239127743698679, "quadrant": "Low Vulnerability & High Wildfire Risk", "RC6": -0.86001581782743441, "PRED_PHYS_PC": -1.6140114275132149, "PRED_FARM_VAL": -0.97862086654042557, "P.Ii": 0.033943185820038593, "cluster": "Low-Low", "TRACTFIPS": "56005000102", "SOVI_SCORE": 9.209856068000001, "SOVI_RATNG": "Very Low", "WFIR_RISKS": 97.054451619000005, "WFIR_RISKR": "Relatively High", "WFIR_EALT": 345715.25086899998 }, "geometry": { "type": "Polygon", "coordinates": [ [ [ -106.016712, 44.304461 ], [ -106.016558, 44.259237 ], [ -106.016504, 44.169729 ], [ -106.011377, 44.169735 ], [ -106.011345, 44.124979 ], [ -106.00957, 44.083553 ], [ -106.009932, 44.030464 ], [ -106.00303, 44.03178 ], [ -105.99778, 44.02943 ], [ -105.99139, 44.02938 ], [ -105.9845, 44.02346 ], [ -105.98032, 44.02383 ], [ -105.97308, 44.01919 ], [ -105.95695, 44.01654 ], [ -105.95113, 44.01404 ], [ -105.93945, 44.01256 ], [ -105.93482, 44.0096 ], [ -105.92154, 44.00655 ], [ -105.91408, 44.00344 ], [ -105.90524, 44.00319 ], [ -105.8991, 44.0058 ], [ -105.8886, 43.9984 ], [ -105.8744, 43.99844 ], [ -105.86923, 44.00007 ], [ -105.86115, 43.9976 ], [ -105.85231, 43.99013 ], [ -105.84285, 43.98478 ], [ -105.83923, 43.98 ], [ -105.8344, 43.97572 ], [ -105.82775, 43.97266 ], [ -105.8253, 43.96991 ], [ -105.81403, 43.96397 ], [ -105.80752, 43.96262 ], [ -105.80381, 43.96058 ], [ -105.79327, 43.95188 ], [ -105.79224, 43.94866 ], [ -105.78726, 43.94592 ], [ -105.77619, 43.95519 ], [ -105.76539, 43.96242 ], [ -105.75575, 43.97179 ], [ -105.74963, 43.97556 ], [ -105.74785, 43.97849 ], [ -105.7389, 43.982 ], [ -105.73262, 43.98347 ], [ -105.72404, 43.98387 ], [ -105.72484, 43.99307 ], [ -105.72427, 44.00075 ], [ -105.72002, 44.01727 ], [ -105.72203, 44.02601 ], [ -105.71948, 44.03575 ], [ -105.71935, 44.04365 ], [ -105.72176, 44.05926 ], [ -105.72139, 44.07045 ], [ -105.71773, 44.08039 ], [ -105.71275, 44.08916 ], [ -105.71136, 44.09381 ], [ -105.71138, 44.11605 ], [ -105.71182, 44.12519 ], [ -105.70906, 44.12943 ], [ -105.694269, 44.139014 ], [ -105.66062, 44.1591 ], [ -105.641, 44.17031 ], [ -105.63059, 44.17687 ], [ -105.61749, 44.18628 ], [ -105.60681, 44.19285 ], [ -105.60147, 44.19839 ], [ -105.6013, 44.18705 ], [ -105.598, 44.18173 ], [ -105.58565, 44.172744 ], [ -105.575257, 44.172371 ], [ -105.565949, 44.168058 ], [ -105.558832, 44.158551 ], [ -105.557718, 44.155299 ], [ -105.551335, 44.151479 ], [ -105.540092, 44.148298 ], [ -105.535612, 44.148296 ], [ -105.532497, 44.146063 ], [ -105.51959, 44.14268 ], [ -105.518435, 44.144199 ], [ -105.501916, 44.14554 ], [ -105.492048, 44.144518 ], [ -105.486988, 44.14935 ], [ -105.479429, 44.158666 ], [ -105.475, 44.159618 ], [ -105.476305, 44.167632 ], [ -105.481536, 44.176009 ], [ -105.486085, 44.179136 ], [ -105.483925, 44.182933 ], [ -105.485809, 44.186481 ], [ -105.485279, 44.190299 ], [ -105.47533, 44.189594 ], [ -105.471865, 44.188337 ], [ -105.469483, 44.195174 ], [ -105.478293, 44.199306 ], [ -105.484194, 44.203909 ], [ -105.489044, 44.210136 ], [ -105.488677, 44.217435 ], [ -105.491966, 44.225183 ], [ -105.486543, 44.230076 ], [ -105.487172, 44.232426 ], [ -105.493701, 44.238852 ], [ -105.495956, 44.235014 ], [ -105.502937, 44.239731 ], [ -105.50956, 44.24686 ], [ -105.50962, 44.26296 ], [ -105.52796, 44.26116 ], [ -105.537855, 44.257848 ], [ -105.543274, 44.25898 ], [ -105.548286, 44.257007 ], [ -105.56546, 44.256257 ], [ -105.571966, 44.25495 ], [ -105.572489, 44.249666 ], [ -105.59166, 44.24941 ], [ -105.59636, 44.25064 ], [ -105.60195, 44.24919 ], [ -105.61762, 44.2491 ], [ -105.62179, 44.2456 ], [ -105.65641, 44.24508 ], [ -105.6605, 44.2448 ], [ -105.655606, 44.247088 ], [ -105.655229, 44.249816 ], [ -105.661408, 44.259583 ], [ -105.662369, 44.262815 ], [ -105.677045, 44.27689 ], [ -105.680559, 44.281999 ], [ -105.685563, 44.28127 ], [ -105.70488, 44.28226 ], [ -105.71202, 44.28493 ], [ -105.719099, 44.284995 ], [ -105.72479, 44.28335 ], [ -105.73039, 44.285 ], [ -105.74246, 44.28558 ], [ -105.74831, 44.28404 ], [ -105.75637, 44.2835 ], [ -105.76444, 44.28442 ], [ -105.77895, 44.2811 ], [ -105.7873, 44.28714 ], [ -105.79534, 44.2867 ], [ -105.80538, 44.2874 ], [ -105.83501, 44.28692 ], [ -105.84102, 44.29033 ], [ -105.8492, 44.29081 ], [ -105.86314, 44.29438 ], [ -105.88119, 44.2976 ], [ -105.88497, 44.29535 ], [ -105.89733, 44.29465 ], [ -105.90813, 44.29636 ], [ -105.914496, 44.290879 ], [ -105.925467, 44.29073 ], [ -105.928922, 44.288358 ], [ -105.929249, 44.280594 ], [ -105.938807, 44.287726 ], [ -105.945317, 44.289445 ], [ -105.952617, 44.288687 ], [ -105.968655, 44.283519 ], [ -105.973652, 44.283312 ], [ -105.97469, 44.280708 ], [ -105.983047, 44.284876 ], [ -105.984502, 44.289918 ], [ -105.992598, 44.293367 ], [ -105.994656, 44.29771 ], [ -105.998803, 44.296348 ], [ -106.008407, 44.299227 ], [ -106.010452, 44.302524 ], [ -106.016712, 44.304461 ] ] ] } },
{ "type": "Feature", "properties": { "PRED_SS_PC": 0.32563756019851953, "PERCAP": 0.078846298362528641, "TRACTCE": "000200", "HLTH_INS": -0.30314463873225911, "Q_FEMALE": 0.058772295857293162, "RC5": 0.096477121406499125, "HOU_DEN": 0.45680803352632632, "MED_VAL": 0.17780614997740199, "POP_CHG": 0.30232528830801098, "LBR_FORCE": 0.99306290281744758, "SoVI_class": "0.5 to 1 SD", "Q_UNEMP": -0.1030096888338931, "Q_EXTRACT": -0.92866770086850858, "MED_RENT": 0.21322765993603929, "Q_MOBILE": -0.85642921430677021, "Q_RENTER": 1.20564075318354, "AGE_DEP": -0.70247102631532177, "MED_AGE": 0.079056747232973901, "PCT_URBAN": 0.92287987496125579, "NO_VEH": -0.47008481480247188, "Q_SERV": 1.0862803798823739, "COUNTYFP": "021", "ALAND": 7538614.0, "Ii": 0.45569550318400809, "NAME": "2", "RC4": -0.71639923647484249, "HOSP_PC": -0.39945578899327572, "PRED_NURS_PC": -1.0469495550947829, "AWATER": 0.0, "Q_TRANS": -0.47038425725142707, "NAMELSAD": "Census Tract 2", "RC8": -0.046221420467737993, "RC1": 1.095741524984335, "STATEFP": "56", "NO_HS": 0.27607806392906392, "MTFCC": "G5020", "PRED_BRATE": -1.5004593566682021, "SoVI": 1.905473095001577, "PRED_PCT_GOP": -0.85363103084691805, "Q_MINOR": 2.4047377530258189, "lag_sovi": 2.3764675288289228, "Area_miles": null, "RC3": 1.1260447884733999, "Q_GRP_QTR": -0.33091846986448442, "GEOIDFQ": "1400000US56021000200", "PRED_GDP_PC": 0.80652002735576367, "FUNCSTAT": "S", "RC10": 0.33561690555314561, "GISJOIN": "G5600210000200", "NAME_E": "Census Tract 2, Laramie County, Wyoming", "COUNTY": "Laramie County", "INTPTLON": "-104.8088348", "RC2": 0.17969650063317641, "RC9": 0.5826771657065557, "AVG_HH_SZ": -0.67122281042041843, "ESL_PCT": 0.62958833388861168, "INTPTLAT": "+41.1243391", "Q_POV": 0.40178705234609607, "FEM_LBR": 1.331251751305361, "GEOID": "56021000200", "RC7": -0.36370315728544811, "quadrant": "High Vulnerability & Low Wildfire Risk", "RC6": 0.38445709752750612, "PRED_PHYS_PC": 0.83929660454363442, "PRED_FARM_VAL": 0.70471122445945855, "P.Ii": 0.028656811976960645, "cluster": "High-High", "TRACTFIPS": "56021000200", "SOVI_SCORE": 42.38464728, "SOVI_RATNG": "Relatively Moderate", "WFIR_RISKS": 29.230732641199999, "WFIR_RISKR": "Very Low", "WFIR_EALT": 35.2703872696 }, "geometry": { "type": "Polygon", "coordinates": [ [ [ -104.851091, 41.117868 ], [ -104.850979, 41.11389 ], [ -104.839105, 41.116323 ], [ -104.824226, 41.116441 ], [ -104.809546, 41.118403 ], [ -104.80488, 41.119095 ], [ -104.774384, 41.123544 ], [ -104.767017, 41.124165 ], [ -104.766299, 41.128875 ], [ -104.784827, 41.129894 ], [ -104.795011, 41.132439 ], [ -104.803549, 41.134928 ], [ -104.810023, 41.133138 ], [ -104.831696, 41.124896 ], [ -104.840461, 41.122692 ], [ -104.851091, 41.117868 ] ] ] } },
{ "type": "Feature", "properties": { "PRED_SS_PC": -1.0164020770301929, "PERCAP": 0.079028837331070106, "TRACTCE": "965301", "HLTH_INS": 0.27559105722298283, "Q_FEMALE": 0.26572624041341858, "RC5": -0.01172421161101223, "HOU_DEN": -0.64892583417271466, "MED_VAL": 0.17985642968421489, "POP_CHG": -0.20765378846848459, "LBR_FORCE": 0.51008765527823774, "SoVI_class": "< -1 SD", "Q_UNEMP": -0.92951810661616241, "Q_EXTRACT": 0.71419846464831116, "MED_RENT": 0.21322541557473559, "Q_MOBILE": -0.86433121962878645, "Q_RENTER": -0.44072826554124511, "AGE_DEP": 0.61708838232337193, "MED_AGE": 0.079057204498296216, "PCT_URBAN": -1.2968325333580311, "NO_VEH": -0.68315216852176675, "Q_SERV": -0.34206526011846428, "COUNTYFP": "029", "ALAND": 10094150836.0, "Ii": 0.87925987584825249, "NAME": "9653.01", "RC4": -0.7270984640682987, "HOSP_PC": -0.39945578899327572, "PRED_NURS_PC": -0.97937550854415079, "AWATER": 23613441.0, "Q_TRANS": -0.59425107943745148, "NAMELSAD": "Census Tract 9653.01", "RC8": -0.77501035325959955, "RC1": -1.4145210712998459, "STATEFP": "56", "NO_HS": 0.97028570662644642, "MTFCC": "G5020", "PRED_BRATE": 0.37117211507241438, "SoVI": -3.8806108519222429, "PRED_PCT_GOP": -0.16532914870958651, "Q_MINOR": -0.86912479956653688, "lag_sovi": -2.2515268159014958, "Area_miles": null, "RC3": 0.13206636026197091, "Q_GRP_QTR": 0.28453347369060172, "GEOIDFQ": "1400000US56029965301", "PRED_GDP_PC": -0.23738467553872139, "FUNCSTAT": "S", "RC10": 0.66226850707840079, "GISJOIN": "G5600290965301", "NAME_E": "Census Tract 9653.01, Park County, Wyoming", "COUNTY": "Park County", "INTPTLON": "-110.0636039", "RC2": -0.24756836036619001, "RC9": -0.79733604833205296, "AVG_HH_SZ": -0.3919829516911747, "ESL_PCT": -0.037059222367321648, "INTPTLAT": "+44.7270945", "Q_POV": -0.74316095930037507, "FEM_LBR": 0.9614815282350484, "GEOID": "56029965301", "RC7": -0.066879267653779079, "quadrant": "Low Vulnerability & High Wildfire Risk", "RC6": 0.63480794267183605, "PRED_PHYS_PC": 0.76905428278968557, "PRED_FARM_VAL": -2.014019199167989, "P.Ii": 0.10137685155021428, "cluster": "Not Significant", "TRACTFIPS": "56029965301", "SOVI_SCORE": 62.15127643, "SOVI_RATNG": "Relatively High", "WFIR_RISKS": 97.726326804799996, "WFIR_RISKR": "Relatively High", "WFIR_EALT": 350587.23909400002 }, "geometry": { "type": "Polygon", "coordinates": [ [ [ -109.057754, 44.99954 ], [ -109.083095, 44.999551 ], [ -109.103228, 45.005815 ], [ -109.212109, 45.005669 ], [ -109.285922, 45.005286 ], [ -109.326839, 45.00529 ], [ -109.407125, 45.004575 ], [ -109.44757, 45.00452 ], [ -109.528584, 45.003329 ], [ -109.565199, 45.002977 ], [ -109.5974, 45.002893 ], [ -109.664248, 45.002277 ], [ -109.69142, 45.002267 ], [ -109.761106, 45.001802 ], [ -109.78609, 45.001795 ], [ -109.825663, 45.003224 ], [ -110.003913, 45.003357 ], [ -110.043544, 45.003536 ], [ -110.105776, 45.003533 ], [ -110.183221, 44.996953 ], [ -110.223949, 44.99674 ], [ -110.284774, 44.997359 ], [ -110.325198, 44.999677 ], [ -110.407116, 44.999496 ], [ -110.445743, 44.993682 ], [ -110.506978, 44.992516 ], [ -110.567281, 44.992518 ], [ -110.671714, 44.9922 ], [ -110.704476, 44.992174 ], [ -110.790119, 45.000883 ], [ -110.901387, 45.000643 ], [ -110.946202, 45.000654 ], [ -111.054556, 45.000955 ], [ -111.054496, 44.906965 ], [ -111.054241, 44.800755 ], [ -111.053986, 44.726245 ], [ -111.053447, 44.666268 ], [ -111.026613, 44.666341 ], [ -111.000755, 44.666113 ], [ -110.875108, 44.666166 ], [ -110.826522, 44.666587 ], [ -110.750764, 44.666805 ], [ -110.745713, 44.666446 ], [ -110.667867, 44.666291 ], [ -110.66735, 44.624936 ], [ -110.667899, 44.582792 ], [ -110.625763, 44.582721 ], [ -110.500761, 44.582765 ], [ -110.464126, 44.583124 ], [ -110.375334, 44.583016 ], [ -110.376864, 44.580209 ], [ -110.372555, 44.574609 ], [ -110.374661, 44.568468 ], [ -110.378383, 44.568311 ], [ -110.384738, 44.565219 ], [ -110.363481, 44.556132 ], [ -110.36014, 44.553548 ], [ -110.35322, 44.552412 ], [ -110.339238, 44.54879 ], [ -110.331521, 44.548885 ], [ -110.331342, 44.553514 ], [ -110.315348, 44.55611 ], [ -110.30887, 44.554338 ], [ -110.297045, 44.548399 ], [ -110.290148, 44.542735 ], [ -110.290395, 44.538076 ], [ -110.295245, 44.537539 ], [ -110.295046, 44.534954 ], [ -110.298431, 44.530065 ], [ -110.29521, 44.527809 ], [ -110.290644, 44.528659 ], [ -110.285789, 44.526336 ], [ -110.278843, 44.519952 ], [ -110.276506, 44.515665 ], [ -110.279209, 44.510754 ], [ -110.279864, 44.505574 ], [ -110.278003, 44.498492 ], [ -110.284318, 44.489851 ], [ -110.281901, 44.478753 ], [ -110.284986, 44.472723 ], [ -110.290988, 44.470447 ], [ -110.289687, 44.465497 ], [ -110.290264, 44.460349 ], [ -110.288812, 44.451524 ], [ -110.292653, 44.443386 ], [ -110.292195, 44.43865 ], [ -110.296172, 44.435567 ], [ -110.296648, 44.431341 ], [ -110.288058, 44.423278 ], [ -110.286949, 44.419606 ], [ -110.278116, 44.414 ], [ -110.27216, 44.413219 ], [ -110.260043, 44.409449 ], [ -110.254864, 44.404722 ], [ -110.253562, 44.397329 ], [ -110.253914, 44.390327 ], [ -110.243105, 44.387361 ], [ -110.240945, 44.384612 ], [ -110.235486, 44.38203 ], [ -110.228408, 44.373844 ], [ -110.2295, 44.370974 ], [ -110.226801, 44.361568 ], [ -110.228169, 44.358835 ], [ -110.226864, 44.351899 ], [ -110.223924, 44.34791 ], [ -110.225925, 44.342103 ], [ -110.223604, 44.335518 ], [ -110.218104, 44.331854 ], [ -110.205832, 44.329101 ], [ -110.202781, 44.327329 ], [ -110.201151, 44.322598 ], [ -110.205263, 44.317439 ], [ -110.208763, 44.314985 ], [ -110.205942, 44.30989 ], [ -110.201962, 44.305376 ], [ -110.198263, 44.306492 ], [ -110.19019, 44.300497 ], [ -110.185979, 44.302827 ], [ -110.183436, 44.301906 ], [ -110.173789, 44.304224 ], [ -110.172993, 44.300753 ], [ -110.175544, 44.298219 ], [ -110.16904, 44.296313 ], [ -110.166196, 44.300057 ], [ -110.154579, 44.293119 ], [ -110.150175, 44.289666 ], [ -110.144793, 44.283187 ], [ -110.145408, 44.278279 ], [ -110.140727, 44.276094 ], [ -110.142138, 44.272795 ], [ -110.150472, 44.271313 ], [ -110.147766, 44.266337 ], [ -110.140178, 44.263678 ], [ -110.141972, 44.259636 ], [ -110.144728, 44.258031 ], [ -110.143376, 44.253988 ], [ -110.137106, 44.249017 ], [ -110.131599, 44.249205 ], [ -110.134418, 44.243862 ], [ -110.133272, 44.24025 ], [ -110.137654, 44.238139 ], [ -110.137755, 44.235978 ], [ -110.131149, 44.229821 ], [ -110.13306, 44.225895 ], [ -110.128876, 44.223448 ], [ -110.123481, 44.213686 ], [ -110.118817, 44.215787 ], [ -110.114202, 44.21605 ], [ -110.111924, 44.209093 ], [ -110.116367, 44.210118 ], [ -110.123208, 44.205573 ], [ -110.122651, 44.201907 ], [ -110.119744, 44.199024 ], [ -110.115638, 44.200422 ], [ -110.111284, 44.199375 ], [ -110.108851, 44.19334 ], [ -110.119882, 44.185268 ], [ -110.114782, 44.184722 ], [ -110.105655, 44.185459 ], [ -110.108386, 44.179378 ], [ -110.114875, 44.179539 ], [ -110.122348, 44.175217 ], [ -110.120066, 44.170329 ], [ -110.120859, 44.161709 ], [ -110.127823, 44.159158 ], [ -110.126389, 44.157028 ], [ -110.123633, 44.14055 ], [ -110.119193, 44.132584 ], [ -110.053357, 44.132628 ], [ -110.053284, 44.116803 ], [ -110.052303, 44.112729 ], [ -110.048619, 44.111376 ], [ -110.037906, 44.115163 ], [ -110.032262, 44.115974 ], [ -110.029967, 44.112112 ], [ -110.018751, 44.114102 ], [ -110.013019, 44.117079 ], [ -110.007611, 44.117604 ], [ -109.992526, 44.122948 ], [ -109.9895, 44.126074 ], [ -109.98413, 44.127141 ], [ -109.974319, 44.130734 ], [ -109.970039, 44.13461 ], [ -109.965116, 44.135242 ], [ -109.961307, 44.13768 ], [ -109.960348, 44.141126 ], [ -109.956303, 44.145012 ], [ -109.953346, 44.145627 ], [ -109.950649, 44.149601 ], [ -109.944269, 44.152038 ], [ -109.940466, 44.163612 ], [ -109.934535, 44.168782 ], [ -109.928572, 44.172705 ], [ -109.918071, 44.176688 ], [ -109.909583, 44.178283 ], [ -109.906539, 44.180209 ], [ -109.895412, 44.181127 ], [ -109.888406, 44.179352 ], [ -109.881534, 44.180408 ], [ -109.864753, 44.180658 ], [ -109.856571, 44.181835 ], [ -109.850144, 44.185108 ], [ -109.842228, 44.185703 ], [ -109.830493, 44.191473 ], [ -109.828282, 44.197483 ], [ -109.825102, 44.202757 ], [ -109.825408, 44.205495 ], [ -109.820763, 44.211389 ], [ -109.816464, 44.220719 ], [ -109.812932, 44.231255 ], [ -109.810295, 44.23577 ], [ -109.805764, 44.237743 ], [ -109.784638, 44.24163 ], [ -109.755694, 44.246511 ], [ -109.749892, 44.242693 ], [ -109.739587, 44.246818 ], [ -109.731775, 44.252152 ], [ -109.728483, 44.260304 ], [ -109.707539, 44.266661 ], [ -109.699588, 44.27038 ], [ -109.695234, 44.274227 ], [ -109.696895, 44.28154 ], [ -109.691617, 44.283699 ], [ -109.683514, 44.283432 ], [ -109.678572, 44.284199 ], [ -109.624932, 44.312869 ], [ -109.604528, 44.32886 ], [ -109.605759, 44.345898 ], [ -109.60511, 44.354302 ], [ -109.603469, 44.356484 ], [ -109.587928, 44.359033 ], [ -109.575678, 44.360528 ], [ -109.556905, 44.368751 ], [ -109.538802, 44.37774 ], [ -109.528928, 44.37966 ], [ -109.504179, 44.381619 ], [ -109.496932, 44.379036 ], [ -109.489761, 44.379844 ], [ -109.475142, 44.386339 ], [ -109.465507, 44.389969 ], [ -109.460447, 44.390446 ], [ -109.440642, 44.389701 ], [ -109.437729, 44.388896 ], [ -109.418308, 44.393583 ], [ -109.381058, 44.404988 ], [ -109.353818, 44.422144 ], [ -109.339972, 44.429752 ], [ -109.334962, 44.438081 ], [ -109.332896, 44.446394 ], [ -109.323874, 44.450434 ], [ -109.320465, 44.455965 ], [ -109.314612, 44.459954 ], [ -109.315064, 44.463822 ], [ -109.310697, 44.467476 ], [ -109.307961, 44.471877 ], [ -109.308642, 44.475893 ], [ -109.312129, 44.479443 ], [ -109.32392, 44.48061 ], [ -109.3311, 44.47877 ], [ -109.331199, 44.487504 ], [ -109.322175, 44.48755 ], [ -109.315903, 44.488829 ], [ -109.309803, 44.491914 ], [ -109.2973, 44.49664 ], [ -109.29257, 44.49773 ], [ -109.2815, 44.50196 ], [ -109.25862, 44.50506 ], [ -109.25009, 44.50512 ], [ -109.22535, 44.50016 ], [ -109.20138, 44.4998 ], [ -109.19407, 44.50141 ], [ -109.18717, 44.50091 ], [ -109.183404, 44.501758 ], [ -109.17681, 44.50802 ], [ -109.17294, 44.50918 ], [ -109.16511, 44.50939 ], [ -109.15905, 44.51079 ], [ -109.14921, 44.51077 ], [ -109.14486, 44.5098 ], [ -109.12676, 44.51313 ], [ -109.11851, 44.51093 ], [ -109.10215, 44.51407 ], [ -109.10364, 44.51719 ], [ -109.10972, 44.51931 ], [ -109.109475, 44.523407 ], [ -109.104173, 44.522141 ], [ -109.103218, 44.519444 ], [ -109.098576, 44.516728 ], [ -109.095693, 44.518929 ], [ -109.094443, 44.523439 ], [ -109.092094, 44.525021 ], [ -109.087035, 44.52351 ], [ -109.081672, 44.53035 ], [ -109.07797, 44.529401 ], [ -109.072076, 44.532102 ], [ -109.062695, 44.535037 ], [ -109.058329, 44.536982 ], [ -109.057624, 44.540876 ], [ -109.046862, 44.540018 ], [ -109.044797, 44.540672 ], [ -109.038181, 44.546549 ], [ -109.031744, 44.544914 ], [ -109.020722, 44.550989 ], [ -109.019421, 44.553263 ], [ -109.014404, 44.55306 ], [ -109.012864, 44.55534 ], [ -109.004946, 44.55692 ], [ -109.002603, 44.559798 ], [ -108.997935, 44.559216 ], [ -108.986036, 44.571446 ], [ -108.980206, 44.571633 ], [ -108.9766, 44.575706 ], [ -108.970922, 44.576951 ], [ -108.967846, 44.580167 ], [ -108.957314, 44.5803 ], [ -108.955384, 44.583294 ], [ -108.958045, 44.585417 ], [ -108.956121, 44.588911 ], [ -108.946304, 44.589902 ], [ -108.947867, 44.600139 ], [ -108.940487, 44.604139 ], [ -108.941009, 44.607513 ], [ -108.94541, 44.609625 ], [ -108.948117, 44.616412 ], [ -108.947768, 44.621429 ], [ -108.943496, 44.624628 ], [ -108.944278, 44.627324 ], [ -108.941729, 44.631084 ], [ -108.94003, 44.639367 ], [ -108.936845, 44.642332 ], [ -108.938256, 44.645593 ], [ -108.932928, 44.649403 ], [ -108.933269, 44.654112 ], [ -108.936576, 44.657532 ], [ -108.950654, 44.6574 ], [ -108.95489, 44.661679 ], [ -108.963675, 44.660627 ], [ -108.969104, 44.661983 ], [ -108.975794, 44.665624 ], [ -108.984116, 44.667817 ], [ -108.994759, 44.666514 ], [ -109.003403, 44.666352 ], [ -109.013691, 44.668978 ], [ -109.020913, 44.676415 ], [ -109.027671, 44.678308 ], [ -109.024653, 44.683267 ], [ -109.025424, 44.687925 ], [ -109.029016, 44.694878 ], [ -109.033039, 44.696356 ], [ -109.03285, 44.700186 ], [ -109.037174, 44.705859 ], [ -109.038077, 44.71324 ], [ -109.035113, 44.717226 ], [ -109.028546, 44.719871 ], [ -109.027445, 44.722394 ], [ -109.021477, 44.725256 ], [ -109.024891, 44.730256 ], [ -109.02618, 44.73753 ], [ -109.035719, 44.746714 ], [ -109.030124, 44.749248 ], [ -109.022206, 44.750439 ], [ -109.015349, 44.75663 ], [ -109.008953, 44.758357 ], [ -109.003027, 44.758695 ], [ -108.997084, 44.756967 ], [ -108.9917, 44.75818 ], [ -108.986637, 44.757261 ], [ -108.982293, 44.75958 ], [ -108.968395, 44.761467 ], [ -108.961565, 44.761649 ], [ -108.965063, 44.766524 ], [ -108.962153, 44.767338 ], [ -108.95668, 44.775673 ], [ -108.950372, 44.777385 ], [ -108.945207, 44.774516 ], [ -108.939694, 44.773369 ], [ -108.93833, 44.779537 ], [ -108.934459, 44.779285 ], [ -108.93442, 44.78417 ], [ -108.93733, 44.78958 ], [ -108.95599, 44.79604 ], [ -108.95922, 44.79821 ], [ -108.9663, 44.80836 ], [ -108.975004, 44.823186 ], [ -108.971026, 44.827803 ], [ -108.965029, 44.830244 ], [ -108.961603, 44.833405 ], [ -108.96134, 44.837795 ], [ -108.959035, 44.839249 ], [ -108.959758, 44.845363 ], [ -108.962145, 44.848685 ], [ -108.964679, 44.855885 ], [ -108.963723, 44.859667 ], [ -108.972451, 44.86762 ], [ -108.970122, 44.877188 ], [ -108.976158, 44.87891 ], [ -108.972979, 44.883517 ], [ -108.976365, 44.887304 ], [ -108.974277, 44.889697 ], [ -108.978396, 44.891362 ], [ -108.980498, 44.895048 ], [ -108.979353, 44.900843 ], [ -108.981749, 44.904466 ], [ -108.986371, 44.90654 ], [ -108.987245, 44.909003 ], [ -108.997628, 44.91696 ], [ -109.000683, 44.917495 ], [ -109.009209, 44.924926 ], [ -109.021832, 44.924045 ], [ -109.01959, 44.927555 ], [ -109.023686, 44.934024 ], [ -109.020588, 44.93579 ], [ -109.022138, 44.939044 ], [ -109.026485, 44.941678 ], [ -109.031705, 44.947584 ], [ -109.036222, 44.948085 ], [ -109.040947, 44.952346 ], [ -109.048181, 44.952873 ], [ -109.045613, 44.956637 ], [ -109.051415, 44.960605 ], [ -109.054847, 44.965703 ], [ -109.058573, 44.966423 ], [ -109.058282, 44.971863 ], [ -109.059394, 44.977729 ], [ -109.061632, 44.980077 ], [ -109.0598, 44.983446 ], [ -109.062718, 44.985704 ], [ -109.056395, 44.994465 ], [ -109.057754, 44.99954 ] ] ] } },
{ "type": "Feature", "properties": { "PRED_SS_PC": -1.227723268361405, "PERCAP": 0.07899838571018776, "TRACTCE": "965302", "HLTH_INS": 0.1781914432067849, "Q_FEMALE": 1.7213028781379169, "RC5": -0.038551922877952872, "HOU_DEN": -0.64839224215867508, "MED_VAL": 0.18070677610639529, "POP_CHG": 0.61813499987661513, "LBR_FORCE": -0.81948730691097516, "SoVI_class": "< -1 SD", "Q_UNEMP": -1.123990675506108, "Q_EXTRACT": 0.71419846464831116, "MED_RENT": 0.21322503542233229, "Q_MOBILE": 0.20243949884340301, "Q_RENTER": -0.080769447827224131, "AGE_DEP": 1.6614145211354601, "MED_AGE": 0.079057306956086273, "PCT_URBAN": -1.286080156466906, "NO_VEH": -0.58516648005135696, "Q_SERV": -0.40193603544784112, "COUNTYFP": "029", "ALAND": 6107359813.0, "Ii": 0.45145077934772943, "NAME": "9653.02", "RC4": -0.11576639127372371, "HOSP_PC": -0.39945578899327572, "PRED_NURS_PC": 0.28771879942687012, "AWATER": 39666427.0, "Q_TRANS": -1.3869987414280069, "NAMELSAD": "Census Tract 9653.02", "RC8": -2.7780203940394661, "RC1": -1.0326447239705021, "STATEFP": "56", "NO_HS": 0.13659393314824769, "MTFCC": "G5020", "PRED_BRATE": -0.52445542812513535, "SoVI": -4.9172227848104439, "PRED_PCT_GOP": 0.3940788847583952, "Q_MINOR": -0.72908680308009799, "lag_sovi": -0.91232690870142896, "Area_miles": null, "RC3": -0.22791266462855089, "Q_GRP_QTR": -0.35008248530993819, "GEOIDFQ": "1400000US56029965302", "PRED_GDP_PC": -0.81672907365507041, "FUNCSTAT": "S", "RC10": 0.78936428162181393, "GISJOIN": "G5600290965302", "NAME_E": "Census Tract 9653.02, Park County, Wyoming", "COUNTY": "Park County", "INTPTLON": "-109.2234852", "RC2": -0.2330692428828845, "RC9": -0.68276591832111855, "AVG_HH_SZ": -0.25236302232655339, "ESL_PCT": -0.67470891583112247, "INTPTLAT": "+44.1865391", "Q_POV": -1.0040502990456679, "FEM_LBR": 0.31049274723986198, "GEOID": "56029965302", "RC7": 0.43120263020034849, "quadrant": "Low Vulnerability & High Wildfire Risk", "RC6": 1.0290584386384081, "PRED_PHYS_PC": 1.395770738540735, "PRED_FARM_VAL": -1.054485716387711, "P.Ii": 0.30274436204036154, "cluster": "Not Significant", "TRACTFIPS": "56029965302", "SOVI_SCORE": 46.60901499, "SOVI_RATNG": "Relatively Moderate", "WFIR_RISKS": 96.111448039699994, "WFIR_RISKR": "Relatively Moderate", "WFIR_EALT": 173695.19948400001 }, "geometry": { "type": "Polygon", "coordinates": [ [ [ -110.053284, 44.116803 ], [ -110.053179, 44.008022 ], [ -110.048973, 44.008784 ], [ -110.043994, 44.004502 ], [ -110.033492, 44.00249 ], [ -110.031168, 43.999949 ], [ -110.032539, 43.996149 ], [ -110.023739, 43.985949 ], [ -110.023839, 43.983249 ], [ -110.018838, 43.979349 ], [ -110.018638, 43.968249 ], [ -110.017238, 43.966849 ], [ -110.001537, 43.966449 ], [ -110.000365, 43.961016 ], [ -110.002037, 43.955449 ], [ -109.999723, 43.952319 ], [ -109.993871, 43.949557 ], [ -109.988146, 43.949848 ], [ -109.982137, 43.954235 ], [ -109.971968, 43.955627 ], [ -109.966805, 43.961393 ], [ -109.958858, 43.964571 ], [ -109.945203, 43.958221 ], [ -109.939349, 43.958172 ], [ -109.935435, 43.955149 ], [ -109.933601, 43.951739 ], [ -109.92761, 43.94999 ], [ -109.922058, 43.946085 ], [ -109.91131, 43.946074 ], [ -109.8935, 43.947052 ], [ -109.8819, 43.949076 ], [ -109.876946, 43.951999 ], [ -109.870821, 43.953306 ], [ -109.858754, 43.957988 ], [ -109.854929, 43.950261 ], [ -109.857928, 43.94901 ], [ -109.858121, 43.942679 ], [ -109.864606, 43.940187 ], [ -109.868496, 43.936546 ], [ -109.873953, 43.9336 ], [ -109.872492, 43.927946 ], [ -109.861043, 43.926137 ], [ -109.854189, 43.924063 ], [ -109.849549, 43.921055 ], [ -109.848579, 43.916965 ], [ -109.850131, 43.912598 ], [ -109.847881, 43.908123 ], [ -109.859182, 43.901437 ], [ -109.847789, 43.900231 ], [ -109.837112, 43.894677 ], [ -109.832579, 43.895071 ], [ -109.830787, 43.88979 ], [ -109.82359, 43.887179 ], [ -109.817584, 43.883277 ], [ -109.816575, 43.880534 ], [ -109.828757, 43.87521 ], [ -109.831834, 43.871368 ], [ -109.828665, 43.866669 ], [ -109.821388, 43.867322 ], [ -109.814165, 43.86125 ], [ -109.819291, 43.859602 ], [ -109.825737, 43.855333 ], [ -109.837854, 43.854629 ], [ -109.841208, 43.852714 ], [ -109.847701, 43.853195 ], [ -109.851253, 43.849281 ], [ -109.855166, 43.848255 ], [ -109.856494, 43.841696 ], [ -109.853307, 43.836636 ], [ -109.855317, 43.834773 ], [ -109.85656, 43.82906 ], [ -109.852172, 43.824495 ], [ -109.841026, 43.819323 ], [ -109.835105, 43.822291 ], [ -109.826774, 43.823872 ], [ -109.825909, 43.816173 ], [ -109.813761, 43.81389 ], [ -109.809248, 43.809508 ], [ -109.802401, 43.80886 ], [ -109.798962, 43.806266 ], [ -109.7899, 43.803252 ], [ -109.780599, 43.807125 ], [ -109.779359, 43.812087 ], [ -109.771276, 43.813187 ], [ -109.765846, 43.816429 ], [ -109.764296, 43.820147 ], [ -109.757158, 43.817315 ], [ -109.752709, 43.817425 ], [ -109.750722, 43.821002 ], [ -109.741505, 43.82783 ], [ -109.735727, 43.827229 ], [ -109.731757, 43.833181 ], [ -109.722493, 43.832969 ], [ -109.720123, 43.837452 ], [ -109.713968, 43.836478 ], [ -109.706325, 43.836658 ], [ -109.702643, 43.841031 ], [ -109.694958, 43.839309 ], [ -109.689048, 43.839704 ], [ -109.685697, 43.844239 ], [ -109.676531, 43.842695 ], [ -109.672083, 43.845108 ], [ -109.665893, 43.845726 ], [ -109.665752, 43.857133 ], [ -109.669623, 43.85996 ], [ -109.672482, 43.868096 ], [ -109.667966, 43.874445 ], [ -109.666828, 43.88058 ], [ -109.661418, 43.878578 ], [ -109.656211, 43.881304 ], [ -109.653017, 43.886766 ], [ -109.656065, 43.895969 ], [ -109.654418, 43.900565 ], [ -109.654365, 43.907116 ], [ -109.648107, 43.912997 ], [ -109.64653, 43.91781 ], [ -109.641808, 43.922785 ], [ -109.636486, 43.922755 ], [ -109.633666, 43.925384 ], [ -109.62572, 43.92728 ], [ -109.620192, 43.925732 ], [ -109.613713, 43.927479 ], [ -109.613082, 43.929615 ], [ -109.606387, 43.936587 ], [ -109.605287, 43.939639 ], [ -109.60733, 43.94561 ], [ -109.605466, 43.947962 ], [ -109.600828, 43.948929 ], [ -109.594999, 43.945589 ], [ -109.587778, 43.93835 ], [ -109.584312, 43.937883 ], [ -109.578166, 43.940672 ], [ -109.574781, 43.945822 ], [ -109.568774, 43.95093 ], [ -109.566943, 43.95482 ], [ -109.559914, 43.954636 ], [ -109.552653, 43.960572 ], [ -109.542332, 43.961352 ], [ -109.53966, 43.956943 ], [ -109.534465, 43.953883 ], [ -109.53196, 43.949455 ], [ -109.523224, 43.945485 ], [ -109.520288, 43.942753 ], [ -109.512105, 43.939018 ], [ -109.503182, 43.93882 ], [ -109.498514, 43.942426 ], [ -109.491979, 43.945388 ], [ -109.48738, 43.948814 ], [ -109.478395, 43.948093 ], [ -109.472731, 43.945128 ], [ -109.470542, 43.938806 ], [ -109.472393, 43.932177 ], [ -109.46843, 43.930638 ], [ -109.454726, 43.927657 ], [ -109.451544, 43.929544 ], [ -109.442361, 43.930434 ], [ -109.439533, 43.925383 ], [ -109.438166, 43.919802 ], [ -109.4339, 43.91404 ], [ -109.426862, 43.910039 ], [ -109.413418, 43.909252 ], [ -109.410936, 43.903988 ], [ -109.404952, 43.901982 ], [ -109.406266, 43.899043 ], [ -109.401758, 43.892008 ], [ -109.402502, 43.888398 ], [ -109.398464, 43.884341 ], [ -109.391721, 43.882681 ], [ -109.38017, 43.882799 ], [ -109.374021, 43.877447 ], [ -109.373599, 43.873756 ], [ -109.376328, 43.870923 ], [ -109.371466, 43.856646 ], [ -109.372201, 43.852991 ], [ -109.368297, 43.848942 ], [ -109.366219, 43.842805 ], [ -109.354739, 43.841533 ], [ -109.349319, 43.839907 ], [ -109.340966, 43.840171 ], [ -109.334956, 43.841836 ], [ -109.329633, 43.838429 ], [ -109.325802, 43.837751 ], [ -109.321608, 43.834034 ], [ -109.322097, 43.829094 ], [ -109.317937, 43.825296 ], [ -109.316641, 43.818473 ], [ -109.312949, 43.813293 ], [ -109.272587, 43.813551 ], [ -109.272548, 43.81612 ], [ -109.133171, 43.816 ], [ -109.093603, 43.817619 ], [ -109.092395, 43.838063 ], [ -109.093005, 43.874955 ], [ -109.092878, 43.904474 ], [ -109.006612, 43.905099 ], [ -109.000636, 43.904704 ], [ -108.912783, 43.904754 ], [ -108.915985, 43.990854 ], [ -108.875683, 43.991154 ], [ -108.791779, 43.991053 ], [ -108.79213, 43.999954 ], [ -108.792277, 44.079616 ], [ -108.750679, 44.079985 ], [ -108.728678, 44.079816 ], [ -108.689296, 44.07985 ], [ -108.659509, 44.079474 ], [ -108.655353, 44.079711 ], [ -108.550758, 44.079403 ], [ -108.550616, 44.103117 ], [ -108.550815, 44.124954 ], [ -108.550562, 44.168455 ], [ -108.573797, 44.168468 ], [ -108.57356, 44.249954 ], [ -108.573716, 44.354208 ], [ -108.5735, 44.394882 ], [ -108.573435, 44.461641 ], [ -108.61448, 44.45858 ], [ -108.633178, 44.45669 ], [ -108.636392, 44.458491 ], [ -108.640264, 44.463389 ], [ -108.67934, 44.4731 ], [ -108.71485, 44.47697 ], [ -108.7982, 44.47981 ], [ -108.80435, 44.47974 ], [ -108.81971, 44.47803 ], [ -108.82912, 44.47937 ], [ -108.84047, 44.48397 ], [ -108.84745, 44.48566 ], [ -108.87416, 44.49078 ], [ -108.91101, 44.50122 ], [ -108.92828, 44.50474 ], [ -108.92695, 44.51065 ], [ -108.92153, 44.51586 ], [ -108.91605, 44.51795 ], [ -108.909369, 44.522111 ], [ -108.90104, 44.52183 ], [ -108.89651, 44.5228 ], [ -108.88992, 44.53106 ], [ -108.89736, 44.53835 ], [ -108.899406, 44.542024 ], [ -108.902797, 44.554462 ], [ -108.903898, 44.556048 ], [ -108.896082, 44.559473 ], [ -108.897826, 44.564518 ], [ -108.911345, 44.556378 ], [ -108.923592, 44.553829 ], [ -108.934249, 44.554116 ], [ -108.947662, 44.558894 ], [ -108.952183, 44.564281 ], [ -108.954754, 44.572883 ], [ -108.953879, 44.577536 ], [ -108.957314, 44.5803 ], [ -108.967846, 44.580167 ], [ -108.970922, 44.576951 ], [ -108.9766, 44.575706 ], [ -108.980206, 44.571633 ], [ -108.986036, 44.571446 ], [ -108.997935, 44.559216 ], [ -108.993048, 44.555854 ], [ -108.992109, 44.552716 ], [ -108.99458, 44.54099 ], [ -109.01088, 44.53406 ], [ -109.01057, 44.52982 ], [ -109.00889, 44.52629 ], [ -109.01382, 44.52355 ], [ -109.01733, 44.51899 ], [ -109.01525, 44.514 ], [ -109.015221, 44.504903 ], [ -109.017094, 44.502341 ], [ -109.025219, 44.498542 ], [ -109.028377, 44.497877 ], [ -109.034408, 44.499834 ], [ -109.036366, 44.50318 ], [ -109.044715, 44.506321 ], [ -109.051914, 44.507216 ], [ -109.055931, 44.510157 ], [ -109.064805, 44.51243 ], [ -109.06634, 44.50805 ], [ -109.073482, 44.511035 ], [ -109.080496, 44.51086 ], [ -109.08142, 44.50505 ], [ -109.07955, 44.50154 ], [ -109.08029, 44.49784 ], [ -109.07824, 44.49423 ], [ -109.083793, 44.487602 ], [ -109.079545, 44.484883 ], [ -109.08079, 44.481842 ], [ -109.09181, 44.480084 ], [ -109.095774, 44.480921 ], [ -109.095124, 44.484465 ], [ -109.100579, 44.494412 ], [ -109.10232, 44.51122 ], [ -109.10215, 44.51407 ], [ -109.11851, 44.51093 ], [ -109.12676, 44.51313 ], [ -109.14486, 44.5098 ], [ -109.14921, 44.51077 ], [ -109.15905, 44.51079 ], [ -109.16511, 44.50939 ], [ -109.17294, 44.50918 ], [ -109.17681, 44.50802 ], [ -109.183404, 44.501758 ], [ -109.18717, 44.50091 ], [ -109.19407, 44.50141 ], [ -109.20138, 44.4998 ], [ -109.22535, 44.50016 ], [ -109.25009, 44.50512 ], [ -109.25862, 44.50506 ], [ -109.2815, 44.50196 ], [ -109.29257, 44.49773 ], [ -109.2973, 44.49664 ], [ -109.309803, 44.491914 ], [ -109.315903, 44.488829 ], [ -109.322175, 44.48755 ], [ -109.331199, 44.487504 ], [ -109.3311, 44.47877 ], [ -109.32392, 44.48061 ], [ -109.312129, 44.479443 ], [ -109.308642, 44.475893 ], [ -109.307961, 44.471877 ], [ -109.310697, 44.467476 ], [ -109.315064, 44.463822 ], [ -109.314612, 44.459954 ], [ -109.320465, 44.455965 ], [ -109.323874, 44.450434 ], [ -109.332896, 44.446394 ], [ -109.334962, 44.438081 ], [ -109.339972, 44.429752 ], [ -109.353818, 44.422144 ], [ -109.381058, 44.404988 ], [ -109.418308, 44.393583 ], [ -109.437729, 44.388896 ], [ -109.440642, 44.389701 ], [ -109.460447, 44.390446 ], [ -109.465507, 44.389969 ], [ -109.475142, 44.386339 ], [ -109.489761, 44.379844 ], [ -109.496932, 44.379036 ], [ -109.504179, 44.381619 ], [ -109.528928, 44.37966 ], [ -109.538802, 44.37774 ], [ -109.556905, 44.368751 ], [ -109.575678, 44.360528 ], [ -109.587928, 44.359033 ], [ -109.603469, 44.356484 ], [ -109.60511, 44.354302 ], [ -109.605759, 44.345898 ], [ -109.604528, 44.32886 ], [ -109.624932, 44.312869 ], [ -109.678572, 44.284199 ], [ -109.683514, 44.283432 ], [ -109.691617, 44.283699 ], [ -109.696895, 44.28154 ], [ -109.695234, 44.274227 ], [ -109.699588, 44.27038 ], [ -109.707539, 44.266661 ], [ -109.728483, 44.260304 ], [ -109.731775, 44.252152 ], [ -109.739587, 44.246818 ], [ -109.749892, 44.242693 ], [ -109.755694, 44.246511 ], [ -109.784638, 44.24163 ], [ -109.805764, 44.237743 ], [ -109.810295, 44.23577 ], [ -109.812932, 44.231255 ], [ -109.816464, 44.220719 ], [ -109.820763, 44.211389 ], [ -109.825408, 44.205495 ], [ -109.825102, 44.202757 ], [ -109.828282, 44.197483 ], [ -109.830493, 44.191473 ], [ -109.842228, 44.185703 ], [ -109.850144, 44.185108 ], [ -109.856571, 44.181835 ], [ -109.864753, 44.180658 ], [ -109.881534, 44.180408 ], [ -109.888406, 44.179352 ], [ -109.895412, 44.181127 ], [ -109.906539, 44.180209 ], [ -109.909583, 44.178283 ], [ -109.918071, 44.176688 ], [ -109.928572, 44.172705 ], [ -109.934535, 44.168782 ], [ -109.940466, 44.163612 ], [ -109.944269, 44.152038 ], [ -109.950649, 44.149601 ], [ -109.953346, 44.145627 ], [ -109.956303, 44.145012 ], [ -109.960348, 44.141126 ], [ -109.961307, 44.13768 ], [ -109.965116, 44.135242 ], [ -109.970039, 44.13461 ], [ -109.974319, 44.130734 ], [ -109.98413, 44.127141 ], [ -109.9895, 44.126074 ], [ -109.992526, 44.122948 ], [ -110.007611, 44.117604 ], [ -110.013019, 44.117079 ], [ -110.018751, 44.114102 ], [ -110.029967, 44.112112 ], [ -110.032262, 44.115974 ], [ -110.037906, 44.115163 ], [ -110.048619, 44.111376 ], [ -110.052303, 44.112729 ], [ -110.053284, 44.116803 ] ] ] } },
{ "type": "Feature", "properties": { "PRED_SS_PC": 0.14436785375962999, "PERCAP": 0.078902477334137758, "TRACTCE": "965402", "HLTH_INS": -0.44305644862850407, "Q_FEMALE": -0.56442338565680761, "RC5": 0.038293164152062152, "HOU_DEN": -0.030924448852145129, "MED_VAL": 0.17970611592271829, "POP_CHG": 1.143873469562853, "LBR_FORCE": 0.27198584017529198, "SoVI_class": "-0.5 to 0.5 SD", "Q_UNEMP": -0.00577340438892041, "Q_EXTRACT": -0.94023718090735942, "MED_RENT": 0.21322573724215371, "Q_MOBILE": 0.2340475201314679, "Q_RENTER": -0.02766076980384384, "AGE_DEP": 0.044285162395138987, "MED_AGE": 0.079057024248480365, "PCT_URBAN": 0.67732776538739004, "NO_VEH": -0.15574872700165629, "Q_SERV": 0.28230139688789002, "COUNTYFP": "029", "ALAND": 11310766.0, "Ii": 0.12802501016932846, "NAME": "9654.02", "RC4": -0.38291114578055058, "HOSP_PC": -0.39945578899327572, "PRED_NURS_PC": -0.64034549043695399, "AWATER": 90037.0, "Q_TRANS": -0.54470435056304167, "NAMELSAD": "Census Tract 9654.02", "RC8": -0.046731178431345673, "RC1": 0.38487375212187042, "STATEFP": "56", "NO_HS": -0.79023699160392924, "MTFCC": "G5020", "PRED_BRATE": -0.14888352130837371, "SoVI": -0.64191039863035582, "PRED_PCT_GOP": -0.41017183710949329, "Q_MINOR": -1.062471228517005, "lag_sovi": -1.981893761120668, "Area_miles": null, "RC3": -0.3425186430501041, "Q_GRP_QTR": -0.2105242404228897, "GEOIDFQ": "1400000US56029965402", "PRED_GDP_PC": -0.68539598111896738, "FUNCSTAT": "S", "RC10": -0.098504230276906926, "GISJOIN": "G5600290965402", "NAME_E": "Census Tract 9654.02, Park County, Wyoming", "COUNTY": "Park County", "INTPTLON": "-109.0231954", "RC2": -0.46023525631659662, "RC9": -0.094838075280646597, "AVG_HH_SZ": -0.1127430929619322, "ESL_PCT": -0.71676894288916393, "INTPTLAT": "+44.5395952", "Q_POV": -0.0297671098657297, "FEM_LBR": -0.32351831978245699, "GEOID": "56029965402", "RC7": 0.24202666468811651, "quadrant": "Low Vulnerability & Low Wildfire Risk", "RC6": -0.1186345495437456, "PRED_PHYS_PC": 0.54176574692061585, "PRED_FARM_VAL": 0.70471122445945855, "P.Ii": 0.20466561603653327, "cluster": "Not Significant", "TRACTFIPS": "56029965402", "SOVI_SCORE": 42.43854765, "SOVI_RATNG": "Relatively Moderate", "WFIR_RISKS": 81.927152081599999, "WFIR_RISKR": "Relatively Low", "WFIR_EALT": 7580.0080193200001 }, "geometry": { "type": "Polygon", "coordinates": [ [ [ -109.062695, 44.535037 ], [ -109.06022, 44.53246 ], [ -109.056577, 44.532459 ], [ -109.05636, 44.52607 ], [ -109.05421, 44.52607 ], [ -109.01575, 44.52628 ], [ -109.01057, 44.52982 ], [ -109.01088, 44.53406 ], [ -108.99458, 44.54099 ], [ -108.992109, 44.552716 ], [ -108.993048, 44.555854 ], [ -108.997935, 44.559216 ], [ -109.002603, 44.559798 ], [ -109.004946, 44.55692 ], [ -109.012864, 44.55534 ], [ -109.014404, 44.55306 ], [ -109.019421, 44.553263 ], [ -109.020722, 44.550989 ], [ -109.031744, 44.544914 ], [ -109.038181, 44.546549 ], [ -109.044797, 44.540672 ], [ -109.046862, 44.540018 ], [ -109.057624, 44.540876 ], [ -109.058329, 44.536982 ], [ -109.062695, 44.535037 ] ] ] } },
{ "type": "Feature", "properties": { "PRED_SS_PC": -1.161684485412023, "PERCAP": 0.079024454574419742, "TRACTCE": "965401", "HLTH_INS": 0.1117559356105219, "Q_FEMALE": -0.1016618437668685, "RC5": -0.12573751698642491, "HOU_DEN": 0.2328721615029461, "MED_VAL": 0.17881282271153881, "POP_CHG": -0.29053412960864239, "LBR_FORCE": 1.375379563243923, "SoVI_class": "-0.5 to 0.5 SD", "Q_UNEMP": -1.1726088177285949, "Q_EXTRACT": -1.032793021218166, "MED_RENT": 0.21322954607680919, "Q_MOBILE": -0.72209512383249441, "Q_RENTER": 0.32639708368535708, "AGE_DEP": -0.39430926620936829, "MED_AGE": 0.079056959738019961, "PCT_URBAN": 0.92027027387946081, "NO_VEH": -0.41881909073365992, "Q_SERV": 1.3086575453914879, "COUNTYFP": "029", "ALAND": 5791749.0, "Ii": -0.29978141726286911, "NAME": "9654.01", "RC4": -1.179383968063757, "HOSP_PC": -0.39945578899327572, "PRED_NURS_PC": -1.0469495550947829, "AWATER": 109560.0, "Q_TRANS": 2.4280993819015411, "NAMELSAD": "Census Tract 9654.01", "RC8": -0.11191062429138809, "RC1": 1.1090562325419659, "STATEFP": "56", "NO_HS": -1.2300394539607851, "MTFCC": "G5020", "PRED_BRATE": -1.4817446729817689, "SoVI": 1.4546765773120001, "PRED_PCT_GOP": -1.220263386188418, "Q_MINOR": -1.0139651586089879, "lag_sovi": -2.0478503895009283, "Area_miles": null, "RC3": 0.1475283209438954, "Q_GRP_QTR": -0.35621174230522579, "GEOIDFQ": "1400000US56029965401", "PRED_GDP_PC": 0.43971292774395332, "FUNCSTAT": "S", "RC10": 1.765802301103877, "GISJOIN": "G5600290965401", "NAME_E": "Census Tract 9654.01, Park County, Wyoming", "COUNTY": "Park County", "INTPTLON": "-109.0250512", "RC2": -0.54628072929231841, "RC9": -1.5788772261027391, "AVG_HH_SZ": -1.5368663724810729, "ESL_PCT": -0.43937970170859059, "INTPTLAT": "+44.5189602", "Q_POV": -0.66667112845003473, "FEM_LBR": 1.6179164280028011, "GEOID": "56029965401", "RC7": -0.30576613837939309, "quadrant": "High Vulnerability & Low Wildfire Risk", "RC6": -2.280245925838281, "PRED_PHYS_PC": -1.2201223026884189, "PRED_FARM_VAL": 0.70471122445945855, "P.Ii": 0.26077977205933633, "cluster": "Not Significant", "TRACTFIPS": "56029965401", "SOVI_SCORE": 48.17034887, "SOVI_RATNG": "Relatively Moderate", "WFIR_RISKS": 49.515417454500003, "WFIR_RISKR": "Very Low", "WFIR_EALT": 220.75561367399999 }, "geometry": { "type": "Polygon", "coordinates": [ [ [ -109.05421, 44.52607 ], [ -109.05404, 44.51766 ], [ -109.04956, 44.51368 ], [ -109.03867, 44.51181 ], [ -109.02609, 44.51161 ], [ -109.025219, 44.498542 ], [ -109.017094, 44.502341 ], [ -109.015221, 44.504903 ], [ -109.01525, 44.514 ], [ -109.01733, 44.51899 ], [ -109.01382, 44.52355 ], [ -109.00889, 44.52629 ], [ -109.01057, 44.52982 ], [ -109.01575, 44.52628 ], [ -109.05421, 44.52607 ] ] ] } },
{ "type": "Feature", "properties": { "PRED_SS_PC": 1.926273032007527, "PERCAP": 0.078831556362886537, "TRACTCE": "963102", "HLTH_INS": 0.19674268903664199, "Q_FEMALE": -0.24051610493142259, "RC5": 0.20803160103009219, "HOU_DEN": 3.319413141788031, "MED_VAL": 0.17933505566576691, "POP_CHG": 0.77217398114288971, "LBR_FORCE": 1.074266705835845, "SoVI_class": "> 1 SD", "Q_UNEMP": 0.62626244450340329, "Q_EXTRACT": -1.044362501257017, "MED_RENT": 0.21322578841651571, "Q_MOBILE": -0.90384124623886763, "Q_RENTER": 2.598268310241064, "AGE_DEP": -1.4396677349146509, "MED_AGE": 0.079056635288351426, "PCT_URBAN": 0.92287987496125579, "NO_VEH": 0.21867565943801401, "Q_SERV": 1.394187224433453, "COUNTYFP": "001", "ALAND": 1747487.0, "Ii": 1.4290175392463549, "NAME": "9631.02", "RC4": -0.52720984262644977, "HOSP_PC": -0.39945578899327572, "PRED_NURS_PC": -1.0469495550947829, "AWATER": 0.0, "Q_TRANS": -0.71811790162347566, "NAMELSAD": "Census Tract 9631.02", "RC8": 1.6216053612021439, "RC1": 0.8122213250555409, "STATEFP": "56", "NO_HS": -1.075219070707484, "MTFCC": "G5020", "PRED_BRATE": -1.5199869682541001, "SoVI": 3.781366667713713, "PRED_PCT_GOP": -1.508979474966899, "Q_MINOR": 0.0065789585208622398, "lag_sovi": 3.755335391520024, "Area_miles": null, "RC3": 0.092900644769905713, "Q_GRP_QTR": -0.12108023119642521, "GEOIDFQ": "1400000US56001963102", "PRED_GDP_PC": -0.31400938207261359, "FUNCSTAT": "S", "RC10": 0.78109505122988554, "GISJOIN": "G5600010963102", "NAME_E": "Census Tract 9631.02, Albany County, Wyoming", "COUNTY": "Albany County", "INTPTLON": "-105.5734743", "RC2": -1.4879114260325841, "RC9": 2.1994795643163489, "AVG_HH_SZ": -0.3919829516911747, "ESL_PCT": -0.24915390860019471, "INTPTLAT": "+41.3235732", "Q_POV": 2.917535027457288, "FEM_LBR": 0.50520115921566877, "GEOID": "56001963102", "RC7": 0.089225525543790929, "quadrant": "High Vulnerability & Low Wildfire Risk", "RC6": 0.0080711367749612302, "PRED_PHYS_PC": 0.88123015001477456, "PRED_FARM_VAL": 0.70471122445945855, "P.Ii": 0.0065387634745262668, "cluster": "High-High", "TRACTFIPS": "56001963102", "SOVI_SCORE": 55.08914292, "SOVI_RATNG": "Relatively Moderate", "WFIR_RISKS": 45.106013580199999, "WFIR_RISKR": "Very Low", "WFIR_EALT": 147.706153796 }, "geometry": { "type": "Polygon", "coordinates": [ [ [ -105.581988, 41.331692 ], [ -105.584104, 41.325837 ], [ -105.584755, 41.319968 ], [ -105.577099, 41.318562 ], [ -105.566542, 41.318964 ], [ -105.563035, 41.320697 ], [ -105.557669, 41.320728 ], [ -105.557555, 41.324995 ], [ -105.576736, 41.324947 ], [ -105.576632, 41.331704 ], [ -105.581988, 41.331692 ] ] ] } },
{ "type": "Feature", "properties": { "PRED_SS_PC": -0.70601051562893646, "PERCAP": 0.07917324062486171, "TRACTCE": "963101", "HLTH_INS": 0.80101093912286103, "Q_FEMALE": -1.2001323453266171, "RC5": -0.28863558919173488, "HOU_DEN": 0.29536545833332378, "MED_VAL": 0.179544635996082, "POP_CHG": -0.23993012481905079, "LBR_FORCE": 0.57297961212924475, "SoVI_class": "< -1 SD", "Q_UNEMP": -0.29748225772383891, "Q_EXTRACT": -1.032793021218166, "MED_RENT": 0.21322619050078831, "Q_MOBILE": -0.93544926752693236, "Q_RENTER": -0.62365815651066581, "AGE_DEP": 0.1679137358324311, "MED_AGE": 0.079056891432826584, "PCT_URBAN": 0.87162757074742325, "NO_VEH": 0.58983143939750582, "Q_SERV": 1.590905486229977, "COUNTYFP": "001", "ALAND": 5059446.0, "Ii": -0.71416044634077236, "NAME": "9631.01", "RC4": -0.19045225708297431, "HOSP_PC": -0.39945578899327572, "PRED_NURS_PC": -0.98032218852478359, "AWATER": 0.0, "Q_TRANS": -1.040171639307139, "NAMELSAD": "Census Tract 9631.01", "RC8": 1.076801839761176, "RC1": 1.5596085501174859, "STATEFP": "56", "NO_HS": -1.296894926428509, "MTFCC": "G5020", "PRED_BRATE": 1.1308009963594119, "SoVI": -3.3926592265930999, "PRED_PCT_GOP": -1.3832622417828491, "Q_MINOR": -0.043962227354654347, "lag_sovi": 2.0917776405149264, "Area_miles": null, "RC3": -0.35845339497977752, "Q_GRP_QTR": -0.32179937135585202, "GEOIDFQ": "1400000US56001963101", "PRED_GDP_PC": -0.048760376871011792, "FUNCSTAT": "S", "RC10": -1.735955410959551, "GISJOIN": "G5600010963101", "NAME_E": "Census Tract 9631.01, Albany County, Wyoming", "COUNTY": "Albany County", "INTPTLON": "-105.5570003", "RC2": -1.059300116639768, "RC9": -0.98496222097277319, "AVG_HH_SZ": 0.64120452560702523, "ESL_PCT": -0.031999348517283283, "INTPTLAT": "+41.3296095", "Q_POV": -0.66029651955415847, "FEM_LBR": -0.41677376742698069, "GEOID": "56001963101", "RC7": -0.49667471277310798, "quadrant": "Low Vulnerability & Low Wildfire Risk", "RC6": 0.91463591387207543, "PRED_PHYS_PC": 0.49794010557757112, "PRED_FARM_VAL": 0.70471122445945855, "P.Ii": 0.13664401170306362, "cluster": "Not Significant", "TRACTFIPS": "56001963101", "SOVI_SCORE": 22.74299591, "SOVI_RATNG": "Relatively Low", "WFIR_RISKS": 82.609729704000003, "WFIR_RISKR": "Relatively Low", "WFIR_EALT": 9963.0964180499996 }, "geometry": { "type": "Polygon", "coordinates": [ [ [ -105.582884, 41.336221 ], [ -105.581988, 41.331692 ], [ -105.576632, 41.331704 ], [ -105.576736, 41.324947 ], [ -105.557555, 41.324995 ], [ -105.557669, 41.320728 ], [ -105.538048, 41.320771 ], [ -105.537738, 41.335867 ], [ -105.54135, 41.336979 ], [ -105.555882, 41.335703 ], [ -105.582884, 41.336221 ] ] ] } },
{ "type": "Feature", "properties": { "PRED_SS_PC": -0.1024135751387228, "PERCAP": 0.078910787496098173, "TRACTCE": "967800", "HLTH_INS": -0.1229869718679464, "Q_FEMALE": 0.47220601709485038, "RC5": 0.28646231340122991, "HOU_DEN": 0.35576593123526828, "MED_VAL": 0.17773657617922359, "POP_CHG": -0.24777172003348721, "LBR_FORCE": -0.87953527425199074, "SoVI_class": "-1 to -0.5 SD", "Q_UNEMP": -0.88089996439367602, "Q_EXTRACT": 0.0778770625115148, "MED_RENT": 0.21322526205164971, "Q_MOBILE": -0.21636678322345659, "Q_RENTER": -0.074868483602404029, "AGE_DEP": 0.74648448526812838, "MED_AGE": 0.079056946456454585, "PCT_URBAN": -1.3265962575458641, "NO_VEH": -0.66200123856606907, "Q_SERV": 0.18821874994172749, "COUNTYFP": "017", "ALAND": 4975354.0, "Ii": -0.13816085759368901, "NAME": "9678", "RC4": 0.27457167228075519, "HOSP_PC": -0.39945578899327572, "PRED_NURS_PC": 0.48690908017975643, "AWATER": 114897.0, "Q_TRANS": -1.5108655636140309, "NAMELSAD": "Census Tract 9678", "RC8": -0.9027248284319358, "RC1": -0.17035381239190411, "STATEFP": "56", "NO_HS": -0.35175583855909182, "MTFCC": "G5020", "PRED_BRATE": -0.6130119774373054, "SoVI": -2.1089474249132381, "PRED_PCT_GOP": 0.54498450038039503, "Q_MINOR": -0.84586482903674209, "lag_sovi": 0.65099736371576922, "Area_miles": null, "RC3": -0.67397394744640327, "Q_GRP_QTR": -0.0086495569608935445, "GEOIDFQ": "1400000US56017967800", "PRED_GDP_PC": -0.7203629646980455, "FUNCSTAT": "S", "RC10": 0.35756909802641568, "GISJOIN": "G5600170967800", "NAME_E": "Census Tract 9678, Hot Springs County, Wyoming", "COUNTY": "Hot Springs County", "INTPTLON": "-108.2198471", "RC2": -0.1943717204163595, "RC9": -0.39608092568315129, "AVG_HH_SZ": -0.83876672565796462, "ESL_PCT": -0.60167231611797112, "INTPTLAT": "+43.6448157", "Q_POV": 0.99955616366227362, "FEM_LBR": -0.80914391186878043, "GEOID": "56017967800", "RC7": 0.91733597468283756, "quadrant": "Low Vulnerability & Low Wildfire Risk", "RC6": 1.607381248934723, "PRED_PHYS_PC": 1.891024802621796, "PRED_FARM_VAL": 0.70471122445945855, "P.Ii": 0.83997244866693865, "cluster": "Not Significant", "TRACTFIPS": "56017967800", "SOVI_SCORE": 76.40585204, "SOVI_RATNG": "Relatively High", "WFIR_RISKS": 79.136194451400002, "WFIR_RISKR": "Relatively Low", "WFIR_EALT": 3642.7577018400002 }, "geometry": { "type": "Polygon", "coordinates": [ [ [ -108.235658, 43.636425 ], [ -108.231275, 43.632442 ], [ -108.220797, 43.633964 ], [ -108.215864, 43.637325 ], [ -108.207682, 43.635921 ], [ -108.20408, 43.639593 ], [ -108.202368, 43.644314 ], [ -108.201816, 43.65047 ], [ -108.208904, 43.650529 ], [ -108.215526, 43.65357 ], [ -108.215599, 43.657849 ], [ -108.230356, 43.658552 ], [ -108.23067, 43.65506 ], [ -108.225553, 43.654969 ], [ -108.22566, 43.649574 ], [ -108.228373, 43.64977 ], [ -108.230873, 43.645435 ], [ -108.235441, 43.642749 ], [ -108.235658, 43.636425 ] ] ] } },
{ "type": "Feature", "properties": { "PRED_SS_PC": -0.76153653314025926, "PERCAP": 0.079012387763901876, "TRACTCE": "002002", "HLTH_INS": 0.58322400480494585, "Q_FEMALE": -0.50418562954520596, "RC5": 0.065827409566343378, "HOU_DEN": -0.6441933419214495, "MED_VAL": 0.1795205857942426, "POP_CHG": 0.93417048556719884, "LBR_FORCE": 0.70196782945877656, "SoVI_class": "-0.5 to 0.5 SD", "Q_UNEMP": -0.54057296883627104, "Q_EXTRACT": -0.58158329970298328, "MED_RENT": 0.21323296013781509, "Q_MOBILE": -0.75370314512055947, "Q_RENTER": -1.154744936744468, "AGE_DEP": -0.055701173855530653, "MED_AGE": 0.079056862972329348, "PCT_URBAN": -0.3704587048162703, "NO_VEH": -0.99345819124422163, "Q_SERV": 0.99219773293621205, "COUNTYFP": "021", "ALAND": 1721902943.0, "Ii": -0.044454843213873843, "NAME": "20.02", "RC4": -0.56264521495316733, "HOSP_PC": -0.39945578899327572, "PRED_NURS_PC": -1.0469495550947829, "AWATER": 160265.0, "Q_TRANS": 0.44623022692515241, "NAMELSAD": "Census Tract 20.02", "RC8": 0.01518031063316405, "RC1": 0.2185779456423719, "STATEFP": "56", "NO_HS": -0.59360216131821109, "MTFCC": "G5020", "PRED_BRATE": 1.4362736844660871, "SoVI": -1.3435452731706119, "PRED_PCT_GOP": -0.50275431648656854, "Q_MINOR": 1.1446058286216949, "lag_sovi": 0.32879616256920813, "Area_miles": null, "RC3": 1.298981146035544, "Q_GRP_QTR": -0.34250569557639271, "GEOIDFQ": "1400000US56021002002", "PRED_GDP_PC": 1.77747882122709, "FUNCSTAT": "S", "RC10": -1.6810331066346169, "GISJOIN": "G5600210002002", "NAME_E": "Census Tract 20.02, Laramie County, Wyoming", "COUNTY": "Laramie County", "INTPTLON": "-104.2983038", "RC2": -0.90174669127149842, "RC9": -0.26763233434703348, "AVG_HH_SZ": 0.86459641259042019, "ESL_PCT": 0.2263776324519006, "INTPTLAT": "+41.3405238", "Q_POV": -0.8895675626572499, "FEM_LBR": 0.071276824494321725, "GEOID": "56021002002", "RC7": -0.42424737533743367, "quadrant": "Low Vulnerability & High Wildfire Risk", "RC6": -0.89519263749571509, "PRED_PHYS_PC": -0.99410485230671697, "PRED_FARM_VAL": -1.6432717901811871, "P.Ii": 0.75497488447519112, "cluster": "Not Significant", "TRACTFIPS": "56021002002", "SOVI_SCORE": 9.209856068000001, "SOVI_RATNG": "Very Low", "WFIR_RISKS": 95.645297468300001, "WFIR_RISKR": "Relatively Moderate", "WFIR_EALT": 195406.956175 }, "geometry": { "type": "Polygon", "coordinates": [ [ [ -104.766299, 41.128875 ], [ -104.767017, 41.124165 ], [ -104.748045, 41.124496 ], [ -104.735525, 41.125059 ], [ -104.725001, 41.127607 ], [ -104.706794, 41.134254 ], [ -104.675007, 41.150624 ], [ -104.667819, 41.153806 ], [ -104.655738, 41.157261 ], [ -104.640226, 41.158801 ], [ -104.575183, 41.158443 ], [ -104.527475, 41.158434 ], [ -104.445776, 41.15675 ], [ -104.416207, 41.157955 ], [ -104.346219, 41.157823 ], [ -104.331237, 41.158935 ], [ -104.253812, 41.158807 ], [ -104.253951, 41.132355 ], [ -104.243508, 41.129126 ], [ -104.222383, 41.129025 ], [ -104.216519, 41.129866 ], [ -104.216272, 41.143404 ], [ -104.158924, 41.143264 ], [ -104.159121, 41.102337 ], [ -104.150573, 41.099904 ], [ -104.144265, 41.099973 ], [ -104.141937, 41.098111 ], [ -104.137487, 41.098373 ], [ -104.133141, 41.09635 ], [ -104.131244, 41.098425 ], [ -104.12583, 41.097818 ], [ -104.120958, 41.098977 ], [ -104.120608, 41.143122 ], [ -104.101948, 41.143057 ], [ -104.101387, 41.158547 ], [ -104.088996, 41.165612 ], [ -104.084483, 41.171696 ], [ -104.085653, 41.174553 ], [ -104.081936, 41.17717 ], [ -104.084411, 41.184647 ], [ -104.083612, 41.18742 ], [ -104.075335, 41.192918 ], [ -104.067426, 41.201209 ], [ -104.062606, 41.201995 ], [ -104.060178, 41.200633 ], [ -104.053275, 41.199948 ], [ -104.053084, 41.24998 ], [ -104.052453, 41.278197 ], [ -104.052686, 41.330562 ], [ -104.052245, 41.398065 ], [ -104.052481, 41.418346 ], [ -104.052523, 41.479159 ], [ -104.052378, 41.48215 ], [ -104.05254, 41.564274 ], [ -104.09232, 41.564155 ], [ -104.131235, 41.564447 ], [ -104.18924, 41.564186 ], [ -104.208812, 41.564366 ], [ -104.266353, 41.564147 ], [ -104.283248, 41.564453 ], [ -104.291171, 41.558979 ], [ -104.310938, 41.54965 ], [ -104.316765, 41.546011 ], [ -104.325383, 41.534448 ], [ -104.335324, 41.524789 ], [ -104.346895, 41.509795 ], [ -104.348524, 41.503692 ], [ -104.346145, 41.486141 ], [ -104.338299, 41.471046 ], [ -104.338336, 41.465428 ], [ -104.341151, 41.450679 ], [ -104.343316, 41.445012 ], [ -104.34614, 41.441811 ], [ -104.353707, 41.437577 ], [ -104.404194, 41.42081 ], [ -104.539762, 41.376833 ], [ -104.614991, 41.352445 ], [ -104.615513, 41.318285 ], [ -104.596274, 41.318039 ], [ -104.596799, 41.278095 ], [ -104.597939, 41.275299 ], [ -104.596365, 41.271515 ], [ -104.59644, 41.260714 ], [ -104.597273, 41.250904 ], [ -104.597518, 41.205363 ], [ -104.601548, 41.204115 ], [ -104.626189, 41.194421 ], [ -104.631552, 41.18964 ], [ -104.638575, 41.175502 ], [ -104.643064, 41.170035 ], [ -104.646869, 41.167733 ], [ -104.661946, 41.16063 ], [ -104.668804, 41.159353 ], [ -104.732336, 41.159821 ], [ -104.732507, 41.145366 ], [ -104.715803, 41.145152 ], [ -104.746057, 41.129755 ], [ -104.75166, 41.128293 ], [ -104.766299, 41.128875 ] ] ] } },
{ "type": "Feature", "properties": { "PRED_SS_PC": 0.51886187986625143, "PERCAP": 0.078966511116366989, "TRACTCE": "002001", "HLTH_INS": 0.47186008561360948, "Q_FEMALE": 0.5064471342596969, "RC5": 0.094377365843997557, "HOU_DEN": -0.64290618955775936, "MED_VAL": 0.1792276886932693, "POP_CHG": -0.066974918508117195, "LBR_FORCE": -0.37531463395024089, "SoVI_class": "-1 to -0.5 SD", "Q_UNEMP": 0.2373173067235117, "Q_EXTRACT": -0.14194305822665121, "MED_RENT": 0.21322697273746419, "Q_MOBILE": -0.44552493756192679, "Q_RENTER": -0.92460733197648681, "AGE_DEP": -0.0073437740124154592, "MED_AGE": 0.079056883843360654, "PCT_URBAN": -1.239983306480178, "NO_VEH": -0.40944473897412498, "Q_SERV": -0.31640635640587339, "COUNTYFP": "021", "ALAND": 1008221884.0, "Ii": -0.233878992999978, "NAME": "20.01", "RC4": -0.015835282431480639, "HOSP_PC": -0.39945578899327572, "PRED_NURS_PC": 0.059176857633239682, "AWATER": 1045226.0, "Q_TRANS": -0.71811790162347566, "NAMELSAD": "Census Tract 20.01", "RC8": -0.49032662552817952, "RC1": -0.69824477570491617, "STATEFP": "56", "NO_HS": -0.77522827972093233, "MTFCC": "G5020", "PRED_BRATE": 0.29030040922249878, "SoVI": -2.62104923813046, "PRED_PCT_GOP": 0.50832316850029791, "Q_MINOR": -0.7945064597048862, "lag_sovi": 0.88669855017297916, "Area_miles": null, "RC3": -0.58223938197099623, "Q_GRP_QTR": -0.35326529404763141, "GEOIDFQ": "1400000US56021002001", "PRED_GDP_PC": -0.39079986846240528, "FUNCSTAT": "S", "RC10": -0.46127753525119652, "GISJOIN": "G5600210002001", "NAME_E": "Census Tract 20.01, Laramie County, Wyoming", "COUNTY": "Laramie County", "INTPTLON": "-104.4211606", "RC2": -0.71578644942380842, "RC9": 0.53561293479657635, "AVG_HH_SZ": 0.19442075164023651, "ESL_PCT": -0.71676894288916393, "INTPTLAT": "+41.0822640", "Q_POV": 0.65231274013214735, "FEM_LBR": -0.68621370436173645, "GEOID": "56021002001", "RC7": 0.43886599413926641, "quadrant": "Low Vulnerability & High Wildfire Risk", "RC6": 0.72619548259972233, "PRED_PHYS_PC": 0.49815195315879912, "PRED_FARM_VAL": -0.77530735618912938, "P.Ii": 0.57762340218821473, "cluster": "Not Significant", "TRACTFIPS": "56021002001", "SOVI_SCORE": 31.15796956, "SOVI_RATNG": "Relatively Low", "WFIR_RISKS": 97.182880858100006, "WFIR_RISKR": "Relatively High", "WFIR_EALT": 321503.03777200001 }, "geometry": { "type": "Polygon", "coordinates": [ [ [ -104.788443, 41.10225 ], [ -104.790123, 41.094881 ], [ -104.798323, 41.081581 ], [ -104.799971, 41.08012 ], [ -104.79902, 41.064326 ], [ -104.795981, 41.05653 ], [ -104.787339, 41.043264 ], [ -104.785081, 41.038397 ], [ -104.773018, 40.999833 ], [ -104.675999, 41.000957 ], [ -104.625519, 41.001428 ], [ -104.550139, 41.001535 ], [ -104.487217, 41.001693 ], [ -104.467672, 41.001473 ], [ -104.355775, 41.001493 ], [ -104.29559, 41.00172 ], [ -104.211441, 41.00158 ], [ -104.173436, 41.00177 ], [ -104.162579, 41.001569 ], [ -104.125505, 41.001705 ], [ -104.088854, 41.00156 ], [ -104.067016, 41.001785 ], [ -104.053249, 41.001406 ], [ -104.053063, 41.050213 ], [ -104.053387, 41.105338 ], [ -104.053514, 41.157257 ], [ -104.053275, 41.199948 ], [ -104.060178, 41.200633 ], [ -104.062606, 41.201995 ], [ -104.067426, 41.201209 ], [ -104.075335, 41.192918 ], [ -104.083612, 41.18742 ], [ -104.084411, 41.184647 ], [ -104.081936, 41.17717 ], [ -104.085653, 41.174553 ], [ -104.084483, 41.171696 ], [ -104.088996, 41.165612 ], [ -104.101387, 41.158547 ], [ -104.101948, 41.143057 ], [ -104.120608, 41.143122 ], [ -104.120958, 41.098977 ], [ -104.12583, 41.097818 ], [ -104.131244, 41.098425 ], [ -104.133141, 41.09635 ], [ -104.137487, 41.098373 ], [ -104.141937, 41.098111 ], [ -104.144265, 41.099973 ], [ -104.150573, 41.099904 ], [ -104.159121, 41.102337 ], [ -104.158924, 41.143264 ], [ -104.216272, 41.143404 ], [ -104.216519, 41.129866 ], [ -104.222383, 41.129025 ], [ -104.243508, 41.129126 ], [ -104.253951, 41.132355 ], [ -104.253812, 41.158807 ], [ -104.331237, 41.158935 ], [ -104.346219, 41.157823 ], [ -104.416207, 41.157955 ], [ -104.445776, 41.15675 ], [ -104.527475, 41.158434 ], [ -104.575183, 41.158443 ], [ -104.640226, 41.158801 ], [ -104.655738, 41.157261 ], [ -104.667819, 41.153806 ], [ -104.675007, 41.150624 ], [ -104.706794, 41.134254 ], [ -104.725001, 41.127607 ], [ -104.735525, 41.125059 ], [ -104.748045, 41.124496 ], [ -104.736098, 41.118418 ], [ -104.738518, 41.116812 ], [ -104.743842, 41.118678 ], [ -104.746617, 41.114806 ], [ -104.756508, 41.111126 ], [ -104.757697, 41.107623 ], [ -104.765784, 41.106174 ], [ -104.767574, 41.108623 ], [ -104.772979, 41.103972 ], [ -104.776973, 41.102396 ], [ -104.788443, 41.10225 ] ] ] } },
{ "type": "Feature", "properties": { "PRED_SS_PC": -0.40930889654824998, "PERCAP": 0.078996791980496722, "TRACTCE": "001302", "HLTH_INS": 0.81529040840494782, "Q_FEMALE": 0.92811208462520456, "RC5": -0.55961349870665744, "HOU_DEN": 0.32355729878693279, "MED_VAL": 0.17974305016125749, "POP_CHG": -0.42522523287053632, "LBR_FORCE": -0.90032621032620397, "SoVI_class": "-1 to -0.5 SD", "Q_UNEMP": -0.1030096888338931, "Q_EXTRACT": -0.94023718090735942, "MED_RENT": 0.21323529222659651, "Q_MOBILE": -0.93544926752693236, "Q_RENTER": -0.90690443930202658, "AGE_DEP": 0.93492733953912599, "MED_AGE": 0.079057172243066021, "PCT_URBAN": 0.665076572718032, "NO_VEH": 0.45650431007155767, "Q_SERV": 0.33361920431307052, "COUNTYFP": "021", "ALAND": 7991750.0, "Ii": 0.41715311386670761, "NAME": "13.02", "RC4": 0.22877972126896989, "HOSP_PC": -0.39945578899327572, "PRED_NURS_PC": 0.48132654804902869, "AWATER": 8619.0, "Q_TRANS": -0.64379780831186117, "NAMELSAD": "Census Tract 13.02", "RC8": -1.5039418521591761, "RC1": 1.0951823034157651, "STATEFP": "56", "NO_HS": -1.303268316139315, "MTFCC": "G5020", "PRED_BRATE": 0.72123491709928877, "SoVI": -2.1389152102778608, "PRED_PCT_GOP": 0.92325440844148177, "Q_MINOR": -0.28280173824417848, "lag_sovi": -1.9380361941530471, "Area_miles": null, "RC3": 0.51688456915312897, "Q_GRP_QTR": -0.30782079398977952, "GEOIDFQ": "1400000US56021001302", "PRED_GDP_PC": 2.2767006160192449, "FUNCSTAT": "S", "RC10": -0.59955268545836748, "GISJOIN": "G5600210001302", "NAME_E": "Census Tract 13.02, Laramie County, Wyoming", "COUNTY": "Laramie County", "INTPTLON": "-104.8141158", "RC2": -0.63991326823067873, "RC9": -0.99205314346725404, "AVG_HH_SZ": 0.36196466687778278, "ESL_PCT": 0.14561276502292331, "INTPTLAT": "+41.1912976", "Q_POV": -0.88488063950083129, "FEM_LBR": -0.086082261647139308, "GEOID": "56021001302", "RC7": 1.014228529745195, "quadrant": "Low Vulnerability & Low Wildfire Risk", "RC6": 0.69891588583878572, "PRED_PHYS_PC": 0.32139551943632411, "PRED_FARM_VAL": 0.70471122445945855, "P.Ii": 0.21200634806765575, "cluster": "Not Significant", "TRACTFIPS": "56021001302", "SOVI_SCORE": 30.28490197, "SOVI_RATNG": "Relatively Low", "WFIR_RISKS": 90.529532779199997, "WFIR_RISKR": "Relatively Moderate", "WFIR_EALT": 38588.680917400001 }, "geometry": { "type": "Polygon", "coordinates": [ [ [ -104.828277, 41.201323 ], [ -104.828597, 41.174907 ], [ -104.818509, 41.174858 ], [ -104.81854, 41.171238 ], [ -104.809058, 41.171195 ], [ -104.809028, 41.174047 ], [ -104.805068, 41.182831 ], [ -104.800992, 41.186491 ], [ -104.796521, 41.192998 ], [ -104.794028, 41.198569 ], [ -104.793561, 41.203729 ], [ -104.828318, 41.203846 ], [ -104.828277, 41.201323 ] ] ] } },
{ "type": "Feature", "properties": { "PRED_SS_PC": -0.79534516009253464, "PERCAP": 0.078939360792701793, "TRACTCE": "000702", "HLTH_INS": -0.40891331885024179, "Q_FEMALE": -1.335202936094559, "RC5": 1.1314467107365609, "HOU_DEN": 0.0081382964661519328, "MED_VAL": 0.17734318359199261, "POP_CHG": -1.3831702694086581, "LBR_FORCE": -2.092039146347378, "SoVI_class": "> 1 SD", "Q_UNEMP": -0.83228182217118962, "Q_EXTRACT": -1.113779381490122, "MED_RENT": 0.21322507928607121, "Q_MOBILE": -0.61936905464628367, "Q_RENTER": 2.1202902080306432, "AGE_DEP": -2.179853255185034, "MED_AGE": 0.079056974916951822, "PCT_URBAN": 0.92287987496125579, "NO_VEH": 5.4760092631854533, "Q_SERV": 1.8731534270684651, "COUNTYFP": "021", "ALAND": 3592166.0, "Ii": 0.47955973877265218, "NAME": "7.02", "RC4": 5.6959998864557546, "HOSP_PC": 5.7203314155516569, "PRED_NURS_PC": 3.4610240946293471, "AWATER": 0.0, "Q_TRANS": 2.0317255509062631, "NAMELSAD": "Census Tract 7.02", "RC8": 2.854224767107072, "RC1": 1.944645890100535, "STATEFP": "56", "NO_HS": 0.28971140685878011, "MTFCC": "G5020", "PRED_BRATE": -1.5199869682541001, "SoVI": 11.68460223406373, "PRED_PCT_GOP": 0.094916826097789966, "Q_MINOR": 0.1072603017388255, "lag_sovi": 0.40783899207571594, "Area_miles": null, "RC3": -0.92190796214647797, "Q_GRP_QTR": 2.9489182202530722, "GEOIDFQ": "1400000US56021000702", "PRED_GDP_PC": -0.64302455349751819, "FUNCSTAT": "S", "RC10": 2.2484232991873312, "GISJOIN": "G5600210000702", "NAME_E": "Census Tract 7.02, Laramie County, Wyoming", "COUNTY": "Laramie County", "INTPTLON": "-104.8308121", "RC2": 0.24267913412336381, "RC9": -1.6080715765814559, "AVG_HH_SZ": -2.7096737791438961, "ESL_PCT": -0.44206870059533332, "INTPTLAT": "+41.1308417", "Q_POV": -0.68245832187403555, "FEM_LBR": -1.2111149617696739, "GEOID": "56021000702", "RC7": -0.98691928567608045, "quadrant": "High Vulnerability & Low Wildfire Risk", "RC6": -1.0840813707571291, "PRED_PHYS_PC": -0.09500313385618496, "PRED_FARM_VAL": 0.70471122445945855, "P.Ii": 0.71797742423523669, "cluster": "Not Significant", "TRACTFIPS": "56021000702", "SOVI_SCORE": 9.209856068000001, "SOVI_RATNG": "Very Low", "WFIR_RISKS": 71.1236369258, "WFIR_RISKR": "Relatively Low", "WFIR_EALT": 2158.15127192 }, "geometry": { "type": "Polygon", "coordinates": [ [ [ -104.843009, 41.132434 ], [ -104.843855, 41.128808 ], [ -104.850428, 41.122066 ], [ -104.851091, 41.117868 ], [ -104.840461, 41.122692 ], [ -104.831696, 41.124896 ], [ -104.810023, 41.133138 ], [ -104.815406, 41.141476 ], [ -104.834829, 41.133959 ], [ -104.843501, 41.137696 ], [ -104.843009, 41.132434 ] ] ] } },
{ "type": "Feature", "properties": { "PRED_SS_PC": -0.51882313870129226, "PERCAP": 0.079373765971344878, "TRACTCE": "965200", "HLTH_INS": 0.17958177853145901, "Q_FEMALE": 0.55702100240674091, "RC5": -0.01641820434837115, "HOU_DEN": 0.27125830273605661, "MED_VAL": 0.17842801948210771, "POP_CHG": -0.56377422580903447, "LBR_FORCE": -0.71784744172304127, "SoVI_class": "-0.5 to 0.5 SD", "Q_UNEMP": -0.20024597327886609, "Q_EXTRACT": -0.70884758013034255, "MED_RENT": 0.21322472837616049, "Q_MOBILE": -0.57195702271418636, "Q_RENTER": 0.084457550467736425, "AGE_DEP": 0.81807746377978952, "MED_AGE": 0.079056914201224376, "PCT_URBAN": 0.88707360693445714, "NO_VEH": 0.61826337442059642, "Q_SERV": 0.52178449820539685, "COUNTYFP": "029", "ALAND": 10304674.0, "Ii": -0.19929870361881316, "NAME": "9652", "RC4": 1.2208629216820011, "HOSP_PC": 0.68655938664263205, "PRED_NURS_PC": 1.082077962893514, "AWATER": 0.0, "Q_TRANS": -0.44561089281422239, "NAMELSAD": "Census Tract 9652", "RC8": -0.70589486301591298, "RC1": 1.0437967057573181, "STATEFP": "56", "NO_HS": 0.2448393951950458, "MTFCC": "G5020", "PRED_BRATE": -1.407536066265203, "SoVI": 0.84057269755583075, "PRED_PCT_GOP": 0.077915729752538451, "Q_MINOR": -0.036683246452678411, "lag_sovi": -2.3560752476201001, "Area_miles": null, "RC3": -0.19137715807260411, "Q_GRP_QTR": 0.44522610778010591, "GEOIDFQ": "1400000US56029965200", "PRED_GDP_PC": -0.25954057343930798, "FUNCSTAT": "S", "RC10": 0.51703358452546755, "GISJOIN": "G5600290965200", "NAME_E": "Census Tract 9652, Park County, Wyoming", "COUNTY": "Park County", "INTPTLON": "-108.7598348", "RC2": 0.071197161239529808, "RC9": -0.52761927307378853, "AVG_HH_SZ": -0.61537483867456966, "ESL_PCT": 0.15724035043945231, "INTPTLAT": "+44.7536620", "Q_POV": 0.2899834565487745, "FEM_LBR": -0.65478157103735968, "GEOID": "56029965200", "RC7": 0.14545843246060089, "quadrant": "High Vulnerability & Low Wildfire Risk", "RC6": 0.71646660959840958, "PRED_PHYS_PC": 0.78037779330280965, "PRED_FARM_VAL": 0.70471122445945855, "P.Ii": 0.45715397928408646, "cluster": "Not Significant", "TRACTFIPS": "56029965200", "SOVI_SCORE": 69.62802819, "SOVI_RATNG": "Relatively High", "WFIR_RISKS": 57.472084477899998, "WFIR_RISKR": "Very Low", "WFIR_EALT": 353.97348020599998 }, "geometry": { "type": "Polygon", "coordinates": [ [ [ -108.7801, 44.739329 ], [ -108.7396, 44.73919 ], [ -108.73954, 44.76812 ], [ -108.78004, 44.76814 ], [ -108.7801, 44.739329 ] ] ] } },
{ "type": "Feature", "properties": { "PRED_SS_PC": 0.5871542034946633, "PERCAP": 0.078877945280679276, "TRACTCE": "000401", "HLTH_INS": 0.068267394658994146, "Q_FEMALE": -0.046331801786733011, "RC5": 0.16441259050168111, "HOU_DEN": -0.13959826990313151, "MED_VAL": 0.17663026689460901, "POP_CHG": 0.37380494942428028, "LBR_FORCE": -0.41414318107747211, "SoVI_class": "> 1 SD", "Q_UNEMP": -0.054391546611406882, "Q_EXTRACT": -1.032793021218166, "MED_RENT": 0.21322824478589039, "Q_MOBILE": 3.5923997819883611, "Q_RENTER": -0.080769447827224131, "AGE_DEP": 0.43808405062702432, "MED_AGE": 0.079056847793397486, "PCT_URBAN": 0.73689777890803532, "NO_VEH": -0.53253481073540709, "Q_SERV": 0.86390321437326112, "COUNTYFP": "021", "ALAND": 15013641.0, "Ii": 0.17845989454707609, "NAME": "4.01", "RC4": -0.24570547486290739, "HOSP_PC": -0.39945578899327572, "PRED_NURS_PC": 0.034954857029270273, "AWATER": 0.0, "Q_TRANS": -0.3217440706281981, "NAMELSAD": "Census Tract 4.01", "RC8": -1.050678055908097, "RC1": 1.0394127782800491, "STATEFP": "56", "NO_HS": 1.434855175699963, "MTFCC": "G5020", "PRED_BRATE": -0.20125351876875969, "SoVI": 3.1967300008338841, "PRED_PCT_GOP": 0.27248307273462319, "Q_MINOR": 1.8214205274773849, "lag_sovi": 0.55474658550895828, "Area_miles": null, "RC3": 1.5261418374522719, "Q_GRP_QTR": -0.33560240920536238, "GEOIDFQ": "1400000US56021000401", "PRED_GDP_PC": 1.9229586153128191, "FUNCSTAT": "S", "RC10": -0.54500526668282068, "GISJOIN": "G5600210000401", "NAME_E": "Census Tract 4.01, Laramie County, Wyoming", "COUNTY": "Laramie County", "INTPTLON": "-104.8142367", "RC2": 2.13680375373781, "RC9": 0.033666692226139668, "AVG_HH_SZ": 0.3898886527507065, "ESL_PCT": 1.9014677414739101, "INTPTLAT": "+41.0789247", "Q_POV": 1.056164391363392, "FEM_LBR": -0.49496846843372933, "GEOID": "56021000401", "RC7": 0.19735401036650041, "quadrant": "High Vulnerability & High Wildfire Risk", "RC6": 0.059672864276743502, "PRED_PHYS_PC": 0.011496445753190939, "PRED_FARM_VAL": 0.70471122445945855, "P.Ii": 0.67946093023862375, "cluster": "Not Significant", "TRACTFIPS": "56021000401", "SOVI_SCORE": 90.32399455, "SOVI_RATNG": "Very High", "WFIR_RISKS": 95.936641575400003, "WFIR_RISKR": "Relatively Moderate", "WFIR_EALT": 110846.115599 }, "geometry": { "type": "Polygon", "coordinates": [ [ [ -104.82897, 41.102374 ], [ -104.829015, 41.088126 ], [ -104.838281, 41.083213 ], [ -104.82764, 41.058469 ], [ -104.822818, 41.052956 ], [ -104.795981, 41.05653 ], [ -104.79902, 41.064326 ], [ -104.799971, 41.08012 ], [ -104.798323, 41.081581 ], [ -104.790123, 41.094881 ], [ -104.788443, 41.10225 ], [ -104.800504, 41.102334 ], [ -104.8004, 41.093895 ], [ -104.809521, 41.093956 ], [ -104.809546, 41.102389 ], [ -104.82897, 41.102374 ] ] ] } },
{ "type": "Feature", "properties": { "PRED_SS_PC": -1.511669142152317, "PERCAP": 0.080319758380811346, "TRACTCE": "001200", "HLTH_INS": 1.0443725104404491, "Q_FEMALE": 0.91554872924745057, "RC5": -0.23058354890260541, "HOU_DEN": 0.5750155905209261, "MED_VAL": 0.1798323794823754, "POP_CHG": -0.7920312071871628, "LBR_FORCE": 0.30471282771787522, "SoVI_class": "< -1 SD", "Q_UNEMP": -0.34610039994632541, "Q_EXTRACT": -0.80140342044114932, "MED_RENT": 0.21322715550304269, "Q_MOBILE": -0.88803723559483516, "Q_RENTER": -0.37581765906822512, "AGE_DEP": 0.70706408866544002, "MED_AGE": 0.079057136193102839, "PCT_URBAN": 0.84326014409460937, "NO_VEH": -0.232962973466037, "Q_SERV": 1.2060219305411279, "COUNTYFP": "021", "ALAND": 6652308.0, "Ii": 1.1146339103514311, "NAME": "12", "RC4": -0.33467538988794671, "HOSP_PC": -0.39945578899327572, "PRED_NURS_PC": -0.77312545065897542, "AWATER": 0.0, "Q_TRANS": -0.76766463049788547, "NAMELSAD": "Census Tract 12", "RC8": -1.7194616878528119, "RC1": 1.092661566299111, "STATEFP": "56", "NO_HS": -1.2326234534204861, "MTFCC": "G5020", "PRED_BRATE": -0.6384993648424504, "SoVI": -4.9378633981552991, "PRED_PCT_GOP": -0.95599083855862377, "Q_MINOR": -0.25900281448296841, "lag_sovi": -2.2431232799894043, "Area_miles": null, "RC3": -0.008336368289818881, "Q_GRP_QTR": -0.34183236907205561, "GEOIDFQ": "1400000US56021001200", "PRED_GDP_PC": -0.177483874365788, "FUNCSTAT": "S", "RC10": 0.32736894853878479, "GISJOIN": "G5600210001200", "NAME_E": "Census Tract 12, Laramie County, Wyoming", "COUNTY": "Laramie County", "INTPTLON": "-104.8376670", "RC2": -1.004271351999855, "RC9": -1.2488495050607269, "AVG_HH_SZ": -0.75499476803919219, "ESL_PCT": -0.50110281063619866, "INTPTLAT": "+41.1857396", "Q_POV": -0.73302743812377458, "FEM_LBR": 0.35181976575138668, "GEOID": "56021001200", "RC7": -0.83058345717759474, "quadrant": "Low Vulnerability & Low Wildfire Risk", "RC6": 0.98113260382183565, "PRED_PHYS_PC": 1.163244142577557, "PRED_FARM_VAL": 0.70471122445945855, "P.Ii": 0.10060816830182964, "cluster": "Not Significant", "TRACTFIPS": "56021001200", "SOVI_SCORE": 38.47479713, "SOVI_RATNG": "Relatively Low", "WFIR_RISKS": 90.902928900099994, "WFIR_RISKR": "Relatively Moderate", "WFIR_EALT": 39043.30761 }, "geometry": { "type": "Polygon", "coordinates": [ [ [ -104.837961, 41.204532 ], [ -104.841963, 41.206686 ], [ -104.84764, 41.203875 ], [ -104.847743, 41.174953 ], [ -104.842949, 41.174942 ], [ -104.842948, 41.167831 ], [ -104.837358, 41.166151 ], [ -104.828401, 41.160513 ], [ -104.828671, 41.164087 ], [ -104.828597, 41.174907 ], [ -104.828277, 41.201323 ], [ -104.833287, 41.202114 ], [ -104.837961, 41.204532 ] ] ] } },
{ "type": "Feature", "properties": { "PRED_SS_PC": -0.20445937068579939, "PERCAP": 0.078822790849585822, "TRACTCE": "000503", "HLTH_INS": 0.43524037224171158, "Q_FEMALE": -0.046036447036226398, "RC5": -0.38846900227454101, "HOU_DEN": 1.8400421517192771, "MED_VAL": 0.17828371827107101, "POP_CHG": 0.4379427257504997, "LBR_FORCE": 0.43331018796724441, "SoVI_class": "-0.5 to 0.5 SD", "Q_UNEMP": -0.39471854216881169, "Q_EXTRACT": -0.99808458110161358, "MED_RENT": 0.21322695080559481, "Q_MOBILE": -0.84062520366273785, "Q_RENTER": -0.015858841354203838, "AGE_DEP": -0.47377642900106087, "MED_AGE": 0.079056849690763972, "PCT_URBAN": 0.92287987496125579, "NO_VEH": -0.18593957606845471, "Q_SERV": 1.2487867700621109, "COUNTYFP": "021", "ALAND": 3100802.0, "Ii": 0.12803271567743868, "NAME": "5.03", "RC4": -0.63624920611187885, "HOSP_PC": -0.39945578899327572, "PRED_NURS_PC": -0.73634249019597964, "AWATER": 0.0, "Q_TRANS": 1.288524617790118, "NAMELSAD": "Census Tract 5.03", "RC8": 0.54509884089839056, "RC1": 1.436845287441836, "STATEFP": "56", "NO_HS": -0.76852905765299429, "MTFCC": "G5020", "PRED_BRATE": 0.072911115065481091, "SoVI": 1.112593644304078, "PRED_PCT_GOP": -0.80825980953537491, "Q_MINOR": 0.2020741669481303, "lag_sovi": 1.1435215285000624, "Area_miles": null, "RC3": -0.16895633305124791, "Q_GRP_QTR": -0.34060525505455558, "GEOIDFQ": "1400000US56021000503", "PRED_GDP_PC": -0.1007882430086413, "FUNCSTAT": "S", "RC10": -0.167265255620512, "GISJOIN": "G5600210000503", "NAME_E": "Census Tract 5.03, Laramie County, Wyoming", "COUNTY": "Laramie County", "INTPTLON": "-104.7639573", "RC2": -0.89072424343301071, "RC9": -0.29791861811445852, "AVG_HH_SZ": 0.082724808148539039, "ESL_PCT": -0.32821119076050348, "INTPTLAT": "+41.1347778", "Q_POV": -0.43461431238508819, "FEM_LBR": 0.2838600017996753, "GEOID": "56021000503", "RC7": 0.06114885005274228, "quadrant": "High Vulnerability & Low Wildfire Risk", "RC6": -1.6190833245167591, "PRED_PHYS_PC": -1.2461298202960169, "PRED_FARM_VAL": 0.70471122445945855, "P.Ii": 0.32612139536468804, "cluster": "Not Significant", "TRACTFIPS": "56021000503", "SOVI_SCORE": 9.209856068000001, "SOVI_RATNG": "Very Low", "WFIR_RISKS": 63.558203417599998, "WFIR_RISKR": "Very Low", "WFIR_EALT": 962.78130819900002 }, "geometry": { "type": "Polygon", "coordinates": [ [ [ -104.793787, 41.134224 ], [ -104.795011, 41.132439 ], [ -104.784827, 41.129894 ], [ -104.766299, 41.128875 ], [ -104.75166, 41.128293 ], [ -104.751152, 41.140859 ], [ -104.749388, 41.145438 ], [ -104.756123, 41.145527 ], [ -104.758783, 41.142059 ], [ -104.768503, 41.138547 ], [ -104.77352, 41.134203 ], [ -104.78007, 41.132495 ], [ -104.789944, 41.132502 ], [ -104.793787, 41.134224 ] ] ] } },
{ "type": "Feature", "properties": { "PRED_SS_PC": 0.13694988329067739, "PERCAP": 0.079029748033750694, "TRACTCE": "000403", "HLTH_INS": -1.5291769678374769, "Q_FEMALE": -1.1530087758359009, "RC5": 0.10975208289608181, "HOU_DEN": -0.045706565358221672, "MED_VAL": 0.17752098329844851, "POP_CHG": 0.2982123987142144, "LBR_FORCE": 0.061631888027619562, "SoVI_class": "> 1 SD", "Q_UNEMP": 0.042844737833566057, "Q_EXTRACT": -0.83611186055770181, "MED_RENT": 0.21322747717046081, "Q_MOBILE": 2.035704733551166, "Q_RENTER": 0.52112890310441795, "AGE_DEP": -1.057219060314124, "MED_AGE": 0.079056806051334874, "PCT_URBAN": 0.87954719025573591, "NO_VEH": 2.0858481015276338, "Q_SERV": 0.30796030060047958, "COUNTYFP": "021", "ALAND": 9082620.0, "Ii": 0.40747666962744727, "NAME": "4.03", "RC4": -0.050019216298889578, "HOSP_PC": -0.39945578899327572, "PRED_NURS_PC": -0.25296168612713238, "AWATER": 115335.0, "Q_TRANS": 1.0407909734180689, "NAMELSAD": "Census Tract 4.03", "RC8": 1.50992415741915, "RC1": 0.79164674340594909, "STATEFP": "56", "NO_HS": 1.06521649959639, "MTFCC": "G5020", "PRED_BRATE": 0.067589968502931155, "SoVI": 5.1218384396384433, "PRED_PCT_GOP": 0.18773928161323669, "Q_MINOR": 0.15794295627597729, "lag_sovi": 0.79056363853223155, "Area_miles": null, "RC3": 0.12735518993205061, "Q_GRP_QTR": 0.089241953435915872, "GEOIDFQ": "1400000US56021000403", "PRED_GDP_PC": 0.3902888417626591, "FUNCSTAT": "S", "RC10": -0.018354839900366151, "GISJOIN": "G5600210000403", "NAME_E": "Census Tract 4.03, Laramie County, Wyoming", "COUNTY": "Laramie County", "INTPTLON": "-104.7739270", "RC2": 1.670316722004394, "RC9": -0.13831139263400219, "AVG_HH_SZ": 0.36196466687778278, "ESL_PCT": 0.14898666555583401, "INTPTLAT": "+41.1135906", "Q_POV": 0.2897311819316632, "FEM_LBR": -0.1697935802003166, "GEOID": "56021000403", "RC7": -0.09582544453081944, "quadrant": "High Vulnerability & Low Wildfire Risk", "RC6": -1.215354437344895, "PRED_PHYS_PC": -1.2041962748248769, "PRED_FARM_VAL": 0.70471122445945855, "P.Ii": 0.55219097061557665, "cluster": "Not Significant", "TRACTFIPS": "56021000403", "SOVI_SCORE": 57.7800154, "SOVI_RATNG": "Relatively Moderate", "WFIR_RISKS": 84.519520055200005, "WFIR_RISKR": "Relatively Low", "WFIR_EALT": 10116.5434534 }, "geometry": { "type": "Polygon", "coordinates": [ [ [ -104.80488, 41.119095 ], [ -104.801967, 41.114312 ], [ -104.800607, 41.109587 ], [ -104.800504, 41.102334 ], [ -104.788443, 41.10225 ], [ -104.776973, 41.102396 ], [ -104.772979, 41.103972 ], [ -104.767574, 41.108623 ], [ -104.765784, 41.106174 ], [ -104.757697, 41.107623 ], [ -104.756508, 41.111126 ], [ -104.746617, 41.114806 ], [ -104.743842, 41.118678 ], [ -104.738518, 41.116812 ], [ -104.736098, 41.118418 ], [ -104.748045, 41.124496 ], [ -104.767017, 41.124165 ], [ -104.774384, 41.123544 ], [ -104.80488, 41.119095 ] ] ] } },
{ "type": "Feature", "properties": { "PRED_SS_PC": 0.40230351119558111, "PERCAP": 0.078951598359972272, "TRACTCE": "000602", "HLTH_INS": 0.39462574763695651, "Q_FEMALE": 0.89398421192326027, "RC5": -0.25897313251789, "HOU_DEN": 1.8575876001503531, "MED_VAL": 0.17880852803263891, "POP_CHG": -0.97130400633213376, "LBR_FORCE": -0.15386306355092219, "SoVI_class": "-0.5 to 0.5 SD", "Q_UNEMP": 0.48040801783594378, "Q_EXTRACT": -0.81297290048000015, "MED_RENT": 0.2132259858033404, "Q_MOBILE": -0.81691918769668914, "Q_RENTER": 0.72176168674829844, "AGE_DEP": 0.32115687483749972, "MED_AGE": 0.079057081169474852, "PCT_URBAN": 0.92287987496125579, "NO_VEH": 1.1635715925248731, "Q_SERV": 0.73560869581031274, "COUNTYFP": "021", "ALAND": 1915272.0, "Ii": 0.020924823410515114, "NAME": "6.02", "RC4": 0.12015965403715111, "HOSP_PC": -0.39945578899327572, "PRED_NURS_PC": -0.22600697419160429, "AWATER": 0.0, "Q_TRANS": -0.049237061818944543, "NAMELSAD": "Census Tract 6.02", "RC8": -0.86413563227128587, "RC1": 1.3601671250817871, "STATEFP": "56", "NO_HS": 0.36583151714014073, "MTFCC": "G5020", "PRED_BRATE": -1.5199869682541001, "SoVI": 0.2452860618382896, "PRED_PCT_GOP": -0.32276248774813943, "Q_MINOR": 0.80893454906901952, "lag_sovi": 0.84771309843050813, "Area_miles": null, "RC3": -0.81283020622422419, "Q_GRP_QTR": 0.6565024548195173, "GEOIDFQ": "1400000US56021000602", "PRED_GDP_PC": -0.40431061043568373, "FUNCSTAT": "S", "RC10": 1.015961964739386, "GISJOIN": "G5600210000602", "NAME_E": "Census Tract 6.02, Laramie County, Wyoming", "COUNTY": "Laramie County", "INTPTLON": "-104.7781628", "RC2": 0.22717613917343571, "RC9": -0.13996409741741639, "AVG_HH_SZ": -0.86669071153088961, "ESL_PCT": -0.42430061510815531, "INTPTLAT": "+41.1405376", "Q_POV": -0.12699090498780041, "FEM_LBR": -0.2921108866867696, "GEOID": "56021000602", "RC7": 0.0049084385354827287, "quadrant": "High Vulnerability & Low Wildfire Risk", "RC6": 0.40718419129813699, "PRED_PHYS_PC": 0.58559138826365942, "PRED_FARM_VAL": 0.70471122445945855, "P.Ii": 0.54296704571453414, "cluster": "Not Significant", "TRACTFIPS": "56021000602", "SOVI_SCORE": 71.14197714, "SOVI_RATNG": "Relatively High", "WFIR_RISKS": 25.122186151000001, "WFIR_RISKR": "Very Low", "WFIR_EALT": 15.049799584200001 }, "geometry": { "type": "Polygon", "coordinates": [ [ [ -104.790011, 41.145826 ], [ -104.790029, 41.140234 ], [ -104.785264, 41.140219 ], [ -104.785297, 41.136607 ], [ -104.779963, 41.136567 ], [ -104.78007, 41.132495 ], [ -104.77352, 41.134203 ], [ -104.768503, 41.138547 ], [ -104.768468, 41.145604 ], [ -104.770785, 41.145617 ], [ -104.790011, 41.145826 ] ] ] } },
{ "type": "Feature", "properties": { "PRED_SS_PC": 0.58860843959741849, "PERCAP": 0.079282524946532915, "TRACTCE": "000404", "HLTH_INS": 0.052430332215790021, "Q_FEMALE": -0.0063835487522199384, "RC5": -0.49262949772983322, "HOU_DEN": 1.6453824396034089, "MED_VAL": 0.17726587937179439, "POP_CHG": -1.875588426909901, "LBR_FORCE": 0.71650199931957259, "SoVI_class": "0.5 to 1 SD", "Q_UNEMP": 0.96658944006080838, "Q_EXTRACT": -1.113779381490122, "MED_RENT": 0.2132290489544357, "Q_MOBILE": 1.4272503237559171, "Q_RENTER": 1.5242928213238209, "AGE_DEP": -1.110785748213089, "MED_AGE": 0.079056862972329348, "PCT_URBAN": 0.92287987496125579, "NO_VEH": 0.71629277823392468, "Q_SERV": -0.44470087496882421, "COUNTYFP": "021", "ALAND": 1935131.0, "Ii": 0.78687368490985865, "NAME": "4.04", "RC4": -0.66170388471388986, "HOSP_PC": -0.39945578899327572, "PRED_NURS_PC": -0.94505289466590525, "AWATER": 0.0, "Q_TRANS": 0.2232699469903088, "NAMELSAD": "Census Tract 4.04", "RC8": 0.72641811157340408, "RC1": 0.64598989091945525, "STATEFP": "56", "NO_HS": 2.16633985816217, "MTFCC": "G5020", "PRED_BRATE": -1.272066742277647, "SoVI": 2.8152096081267679, "PRED_PCT_GOP": 0.52121929240104492, "Q_MINOR": 0.79013985565905331, "lag_sovi": 2.7775011549984363, "Area_miles": null, "RC3": -0.1967966976178705, "Q_GRP_QTR": -0.35621174230522579, "GEOIDFQ": "1400000US56021000404", "PRED_GDP_PC": 0.554803289813531, "FUNCSTAT": "S", "RC10": 1.5093088500753269, "GISJOIN": "G5600210000404", "NAME_E": "Census Tract 4.04, Laramie County, Wyoming", "COUNTY": "Laramie County", "INTPTLON": "-104.8052148", "RC2": 1.851980910802552, "RC9": -0.047105191112456722, "AVG_HH_SZ": -1.2576265137518301, "ESL_PCT": -0.12569015821001539, "INTPTLAT": "+41.1055769", "Q_POV": 0.54585967420958148, "FEM_LBR": -0.14682928715287999, "GEOID": "56021000404", "RC7": 0.099545217097854063, "quadrant": "High Vulnerability & Low Wildfire Risk", "RC6": 0.6197981011677739, "PRED_PHYS_PC": 0.59418994493911514, "PRED_FARM_VAL": 0.70471122445945855, "P.Ii": 0.073522378811033809, "cluster": "Not Significant", "TRACTFIPS": "56021000404", "SOVI_SCORE": 41.66972694, "SOVI_RATNG": "Relatively Moderate", "WFIR_RISKS": 44.457921586799998, "WFIR_RISKR": "Very Low", "WFIR_EALT": 152.93144509000001 }, "geometry": { "type": "Polygon", "coordinates": [ [ [ -104.809546, 41.102389 ], [ -104.809521, 41.093956 ], [ -104.8004, 41.093895 ], [ -104.800504, 41.102334 ], [ -104.800607, 41.109587 ], [ -104.801967, 41.114312 ], [ -104.80488, 41.119095 ], [ -104.809546, 41.118403 ], [ -104.809546, 41.102389 ] ] ] } },
{ "type": "Feature", "properties": { "PRED_SS_PC": -0.2936438456789619, "PERCAP": 0.0789192684148112, "TRACTCE": "000500", "HLTH_INS": 0.57647768094865837, "Q_FEMALE": 0.4361171311696932, "RC5": -0.7862777695646388, "HOU_DEN": -0.39374416716427479, "MED_VAL": 0.17849072179404621, "POP_CHG": 0.12202006750021679, "LBR_FORCE": 0.032380359128328193, "SoVI_class": "-0.5 to 0.5 SD", "Q_UNEMP": -0.00577340438892041, "Q_EXTRACT": 0.76047638480371438, "MED_RENT": 0.2132268192143783, "Q_MOBILE": -0.64307507061233227, "Q_RENTER": -0.92460733197648681, "AGE_DEP": 0.3211736455864978, "MED_AGE": 0.079056777590837624, "PCT_URBAN": 0.6585397691731758, "NO_VEH": -0.5170071884611448, "Q_SERV": -0.47891274658561012, "COUNTYFP": "005", "ALAND": 35210188.0, "Ii": 0.07861467692085701, "NAME": "5", "RC4": -0.65530397636839643, "HOSP_PC": -0.39945578899327572, "PRED_NURS_PC": -0.42508638022238981, "AWATER": 16162.0, "Q_TRANS": -0.29697070619099308, "NAMELSAD": "Census Tract 5", "RC8": 0.72694322072835238, "RC1": 0.12960664675008571, "STATEFP": "56", "NO_HS": 1.3586449589405889, "MTFCC": "G5020", "PRED_BRATE": 1.590402422403502, "SoVI": -1.5713546468261199, "PRED_PCT_GOP": 0.51667225530846161, "Q_MINOR": -0.50612228341224652, "lag_sovi": -0.49715221924576947, "Area_miles": null, "RC3": 0.023423627584716378, "Q_GRP_QTR": -0.065023773162963053, "GEOIDFQ": "1400000US56005000500", "PRED_GDP_PC": 0.38962907651854151, "FUNCSTAT": "S", "RC10": -1.4946251651606279, "GISJOIN": "G5600050000500", "NAME_E": "Census Tract 5, Campbell County, Wyoming", "COUNTY": "Campbell County", "INTPTLON": "-105.5628614", "RC2": -0.18124814748645551, "RC9": -0.19657246370722159, "AVG_HH_SZ": 1.8140119322698489, "ESL_PCT": 0.34689730832832488, "INTPTLAT": "+44.2773092", "Q_POV": -1.040961049570579, "FEM_LBR": -0.062525433203084041, "GEOID": "56005000500", "RC7": 0.96196177312605202, "quadrant": "Low Vulnerability & High Wildfire Risk", "RC6": 0.099262392727986162, "PRED_PHYS_PC": -0.94127149148491096, "PRED_FARM_VAL": 0.70471122445945855, "P.Ii": 0.68951119582075826, "cluster": "Not Significant", "TRACTFIPS": "56005000500", "SOVI_SCORE": 31.09340757, "SOVI_RATNG": "Relatively Low", "WFIR_RISKS": 93.058875292799996, "WFIR_RISKR": "Relatively Moderate", "WFIR_EALT": 69270.336112100005 }, "geometry": { "type": "Polygon", "coordinates": [ [ [ -105.6605, 44.2448 ], [ -105.65641, 44.24508 ], [ -105.62179, 44.2456 ], [ -105.61762, 44.2491 ], [ -105.60195, 44.24919 ], [ -105.59636, 44.25064 ], [ -105.59166, 44.24941 ], [ -105.572489, 44.249666 ], [ -105.571966, 44.25495 ], [ -105.56546, 44.256257 ], [ -105.548286, 44.257007 ], [ -105.543274, 44.25898 ], [ -105.537855, 44.257848 ], [ -105.52796, 44.26116 ], [ -105.50962, 44.26296 ], [ -105.5096, 44.26899 ], [ -105.50987, 44.28141 ], [ -105.52359, 44.28957 ], [ -105.52993, 44.29253 ], [ -105.54635, 44.29451 ], [ -105.575909, 44.295316 ], [ -105.58631, 44.29495 ], [ -105.59237, 44.29213 ], [ -105.60265, 44.2789 ], [ -105.61197, 44.27086 ], [ -105.62379, 44.25834 ], [ -105.62899, 44.25476 ], [ -105.64422, 44.24842 ], [ -105.6605, 44.2448 ] ] ] } },
{ "type": "Feature", "properties": { "PRED_SS_PC": 0.25144347887210849, "PERCAP": 0.079085585491854585, "TRACTCE": "000600", "HLTH_INS": 0.57854650443749578, "Q_FEMALE": 0.4257375853941841, "RC5": -0.3566657828905106, "HOU_DEN": -0.17625382095833411, "MED_VAL": 0.17773657617922359, "POP_CHG": -0.13559641888411661, "LBR_FORCE": -0.30195491724067097, "SoVI_class": "0.5 to 1 SD", "Q_UNEMP": 0.18869916450102531, "Q_EXTRACT": 1.2811029865520021, "MED_RENT": 0.21322561296156031, "Q_MOBILE": 1.0716600842651871, "Q_RENTER": 0.42671347550729749, "AGE_DEP": 0.31953623869064851, "MED_AGE": 0.079057075477375408, "PCT_URBAN": 0.78538554917666659, "NO_VEH": 0.44853571698922429, "Q_SERV": -1.41973921604724, "COUNTYFP": "005", "ALAND": 20471270.0, "Ii": -0.23654901038204443, "NAME": "6", "RC4": 0.62600963509222751, "HOSP_PC": 0.86311304399393096, "PRED_NURS_PC": 0.83766182389212607, "AWATER": 0.0, "Q_TRANS": 0.099403124804284523, "NAMELSAD": "Census Tract 6", "RC8": -0.078963484331123032, "RC1": -0.64419410727445325, "STATEFP": "56", "NO_HS": 0.43650901741450038, "MTFCC": "G5020", "PRED_BRATE": -1.099433622876087, "SoVI": 2.5150007507062559, "PRED_PCT_GOP": 1.223328845487194, "Q_MINOR": -0.32956041957195681, "lag_sovi": -0.93463702024721462, "Area_miles": null, "RC3": 0.241789446208801, "Q_GRP_QTR": -0.067324095103686157, "GEOIDFQ": "1400000US56005000600", "PRED_GDP_PC": 0.51577999711847256, "FUNCSTAT": "S", "RC10": 1.5409875606327901, "GISJOIN": "G5600050000600", "NAME_E": "Census Tract 6, Campbell County, Wyoming", "COUNTY": "Campbell County", "INTPTLON": "-105.5292553", "RC2": 0.79634163512838507, "RC9": -0.28011338298885569, "AVG_HH_SZ": -1.0063106408955109, "ESL_PCT": 0.89073592351352537, "INTPTLAT": "+44.3065694", "Q_POV": 0.48878795764142619, "FEM_LBR": -0.50255755475043551, "GEOID": "56005000600", "RC7": 1.0069270102899279, "quadrant": "High Vulnerability & Low Wildfire Risk", "RC6": 0.33711777916093322, "PRED_PHYS_PC": 0.54218944208307174, "PRED_FARM_VAL": 0.70471122445945855, "P.Ii": 0.50963934796230803, "cluster": "Not Significant", "TRACTFIPS": "56005000600", "SOVI_SCORE": 64.4298999, "SOVI_RATNG": "Relatively High", "WFIR_RISKS": 90.077652123199996, "WFIR_RISKR": "Relatively Moderate", "WFIR_EALT": 25919.4801716 }, "geometry": { "type": "Polygon", "coordinates": [ [ [ -105.489208, 44.313354 ], [ -105.496529, 44.316067 ], [ -105.496452, 44.320935 ], [ -105.499597, 44.320953 ], [ -105.502639, 44.325286 ], [ -105.507855, 44.328077 ], [ -105.52973, 44.32748 ], [ -105.530971, 44.317334 ], [ -105.530514, 44.31124 ], [ -105.551346, 44.310829 ], [ -105.562974, 44.31414 ], [ -105.587417, 44.323338 ], [ -105.584524, 44.317711 ], [ -105.576034, 44.308449 ], [ -105.575909, 44.295316 ], [ -105.54635, 44.29451 ], [ -105.52993, 44.29253 ], [ -105.52359, 44.28957 ], [ -105.50987, 44.28141 ], [ -105.50971, 44.29316 ], [ -105.50838, 44.29459 ], [ -105.48897, 44.29255 ], [ -105.489208, 44.313354 ] ] ] } },
{ "type": "Feature", "properties": { "PRED_SS_PC": 0.056379365291012021, "PERCAP": 0.078988481818536307, "TRACTCE": "000300", "HLTH_INS": -0.39095333281157141, "Q_FEMALE": -0.55104732961997904, "RC5": -0.2208657912651498, "HOU_DEN": -0.34295401048955959, "MED_VAL": 0.17787915951870031, "POP_CHG": 0.48119990487136272, "LBR_FORCE": 0.1178812886566009, "SoVI_class": "0.5 to 1 SD", "Q_UNEMP": -0.00577340438892041, "Q_EXTRACT": -0.22292941849860709, "MED_RENT": 0.21322629284951231, "Q_MOBILE": 0.66865781284235992, "Q_RENTER": 0.20247683496413679, "AGE_DEP": 0.090003677051219519, "MED_AGE": 0.079056825024999694, "PCT_URBAN": 0.850387423451889, "NO_VEH": 0.23429812761431479, "Q_SERV": 0.085583135091367557, "COUNTYFP": "005", "ALAND": 25070672.0, "Ii": 0.14424402348272733, "NAME": "3", "RC4": -0.23611690127656559, "HOSP_PC": -0.39945578899327572, "PRED_NURS_PC": -0.48236812829910902, "AWATER": 350765.0, "Q_TRANS": -0.49515762168863192, "NAMELSAD": "Census Tract 3", "RC8": 0.47423548895755152, "RC1": 0.75374128643290228, "STATEFP": "56", "NO_HS": 1.1477125341902981, "MTFCC": "G5020", "PRED_BRATE": 0.24711530960692929, "SoVI": 2.0668788156845381, "PRED_PCT_GOP": 0.15319189815814471, "Q_MINOR": 1.7653950017597859, "lag_sovi": 0.6934941094784437, "Area_miles": null, "RC3": 1.32382306351571, "Q_GRP_QTR": -0.35621174230522579, "GEOIDFQ": "1400000US56005000300", "PRED_GDP_PC": 1.3721841666448991, "FUNCSTAT": "S", "RC10": -1.087628744979773, "GISJOIN": "G5600050000300", "NAME_E": "Census Tract 3, Campbell County, Wyoming", "COUNTY": "Campbell County", "INTPTLON": "-105.4382150", "RC2": 1.1781056467226141, "RC9": 0.0091747725877212721, "AVG_HH_SZ": 1.0042163419550429, "ESL_PCT": 1.787770613284442, "INTPTLAT": "+44.2821366", "Q_POV": 0.044093164203954011, "FEM_LBR": -0.16221931378202159, "GEOID": "56005000300", "RC7": 0.20098523449990419, "quadrant": "High Vulnerability & High Wildfire Risk", "RC6": 0.32857523951037698, "PRED_PHYS_PC": -0.23277735588556511, "PRED_FARM_VAL": 0.70471122445945855, "P.Ii": 0.61229286565809748, "cluster": "Not Significant", "TRACTFIPS": "56005000300", "SOVI_SCORE": 9.209856068000001, "SOVI_RATNG": "Very Low", "WFIR_RISKS": 93.110009156499999, "WFIR_RISKR": "Relatively Moderate", "WFIR_EALT": 81986.469208900002 }, "geometry": { "type": "Polygon", "coordinates": [ [ [ -105.50987, 44.28141 ], [ -105.5096, 44.26899 ], [ -105.49387, 44.26912 ], [ -105.493811, 44.266854 ], [ -105.482005, 44.267618 ], [ -105.475352, 44.265885 ], [ -105.466553, 44.262444 ], [ -105.458112, 44.261354 ], [ -105.454428, 44.265129 ], [ -105.451445, 44.262995 ], [ -105.445809, 44.263958 ], [ -105.445945, 44.259935 ], [ -105.441924, 44.258969 ], [ -105.439804, 44.262253 ], [ -105.440999, 44.264681 ], [ -105.43495, 44.268073 ], [ -105.431584, 44.267167 ], [ -105.425898, 44.269826 ], [ -105.421193, 44.269749 ], [ -105.416642, 44.266943 ], [ -105.409301, 44.267792 ], [ -105.408818, 44.273275 ], [ -105.401728, 44.274448 ], [ -105.396428, 44.272459 ], [ -105.39118, 44.273752 ], [ -105.387967, 44.279481 ], [ -105.387863, 44.284722 ], [ -105.382169, 44.286805 ], [ -105.376457, 44.286445 ], [ -105.37593, 44.29127 ], [ -105.3716, 44.2935 ], [ -105.38754, 44.2955 ], [ -105.40582, 44.29565 ], [ -105.44244, 44.29505 ], [ -105.44978, 44.29524 ], [ -105.44953, 44.28807 ], [ -105.47916, 44.29144 ], [ -105.47889, 44.27979 ], [ -105.50326, 44.27944 ], [ -105.50987, 44.28141 ] ] ] } },
{ "type": "Feature", "properties": { "PRED_SS_PC": 1.8831795639821101, "PERCAP": 0.078874587064544588, "TRACTCE": "000400", "HLTH_INS": -0.31442989434230528, "Q_FEMALE": -0.77855427464903271, "RC5": -0.5510196569733824, "HOU_DEN": 1.1008873406933031, "MED_VAL": 0.17781216252786181, "POP_CHG": -0.99744736614759555, "LBR_FORCE": 0.81433463503128045, "SoVI_class": "0.5 to 1 SD", "Q_UNEMP": 1.793097857843077, "Q_EXTRACT": -0.02624825783814282, "MED_RENT": 0.21322574455277679, "Q_MOBILE": 0.4711076797919545, "Q_RENTER": 0.46802022508103791, "AGE_DEP": -0.65338857579131326, "MED_AGE": 0.07905682692236618, "PCT_URBAN": 0.92287987496125579, "NO_VEH": -0.43638473435952002, "Q_SERV": 0.56454933772638005, "COUNTYFP": "005", "ALAND": 3686649.0, "Ii": 0.22626441675343983, "NAME": "4", "RC4": -0.82532413616310119, "HOSP_PC": -0.39945578899327572, "PRED_NURS_PC": -1.0469495550947829, "AWATER": 0.0, "Q_TRANS": 1.7592185420970099, "NAMELSAD": "Census Tract 4", "RC8": 1.364298369366896, "RC1": 0.47023892197337108, "STATEFP": "56", "NO_HS": 1.020978356305787, "MTFCC": "G5020", "PRED_BRATE": 0.1997734843556111, "SoVI": 3.0086291459188068, "PRED_PCT_GOP": -0.56396740476790541, "Q_MINOR": -0.50876297031174222, "lag_sovi": 0.74732165117346161, "Area_miles": null, "RC3": -0.75496666368326903, "Q_GRP_QTR": -0.028697231663442051, "GEOIDFQ": "1400000US56005000400", "PRED_GDP_PC": -0.3540844638843183, "FUNCSTAT": "S", "RC10": 0.38377441140287338, "GISJOIN": "G5600050000400", "NAME_E": "Census Tract 4, Campbell County, Wyoming", "COUNTY": "Campbell County", "INTPTLON": "-105.4949097", "RC2": 0.82858231888074907, "RC9": 0.91654811683008075, "AVG_HH_SZ": -0.22443903645362839, "ESL_PCT": -0.27780892113742128, "INTPTLAT": "+44.2863352", "Q_POV": 0.81955799464916335, "FEM_LBR": -0.33334271942830351, "GEOID": "56005000400", "RC7": -0.1707934171449346, "quadrant": "High Vulnerability & Low Wildfire Risk", "RC6": -1.3472908814295239, "PRED_PHYS_PC": -1.4717381078744121, "PRED_FARM_VAL": 0.70471122445945855, "P.Ii": 0.62356365919248735, "cluster": "Not Significant", "TRACTFIPS": "56005000400", "SOVI_SCORE": 70.71018184, "SOVI_RATNG": "Relatively High", "WFIR_RISKS": 57.856183035400001, "WFIR_RISKR": "Very Low", "WFIR_EALT": 343.21109435199998 }, "geometry": { "type": "Polygon", "coordinates": [ [ [ -105.48897, 44.29255 ], [ -105.50838, 44.29459 ], [ -105.50971, 44.29316 ], [ -105.50987, 44.28141 ], [ -105.50326, 44.27944 ], [ -105.47889, 44.27979 ], [ -105.47916, 44.29144 ], [ -105.48897, 44.29255 ] ] ] } },
{ "type": "Feature", "properties": { "PRED_SS_PC": -0.30953632418585092, "PERCAP": 0.078950972251879359, "TRACTCE": "000200", "HLTH_INS": -0.45723877043317418, "Q_FEMALE": -0.57353870250805172, "RC5": -0.20800218544167731, "HOU_DEN": -0.52757555270319334, "MED_VAL": 0.1784400445830274, "POP_CHG": 0.5684346380523676, "LBR_FORCE": 0.54546161199897791, "SoVI_class": "-0.5 to 0.5 SD", "Q_UNEMP": -0.34610039994632541, "Q_EXTRACT": 1.061282865813836, "MED_RENT": 0.21322697273746419, "Q_MOBILE": 0.7318738554184897, "Q_RENTER": -0.50563887201426538, "AGE_DEP": -0.6536946949487753, "MED_AGE": 0.079056834511832111, "PCT_URBAN": 0.69146061190728658, "NO_VEH": 0.70671481374497791, "Q_SERV": -0.76971365532829628, "COUNTYFP": "005", "ALAND": 89485927.0, "Ii": 0.038589780587227819, "NAME": "2", "RC4": -0.71358408477763802, "HOSP_PC": -0.39945578899327572, "PRED_NURS_PC": -0.82967370441465593, "AWATER": 111078.0, "Q_TRANS": -0.74289126606068057, "NAMELSAD": "Census Tract 2", "RC8": 1.6243705592397779, "RC1": -0.34667580359735062, "STATEFP": "56", "NO_HS": -0.23968100837497999, "MTFCC": "G5020", "PRED_BRATE": 1.590402422403502, "SoVI": -0.46356638753589618, "PRED_PCT_GOP": 0.46581909086900658, "Q_MINOR": 0.30229393593937459, "lag_sovi": -0.82721868096719331, "Area_miles": null, "RC3": 0.23471640090132759, "Q_GRP_QTR": -0.04817818817126196, "GEOIDFQ": "1400000US56005000200", "PRED_GDP_PC": 0.39589363037963499, "FUNCSTAT": "S", "RC10": -1.1397457277960039, "GISJOIN": "G5600050000200", "NAME_E": "Census Tract 2, Campbell County, Wyoming", "COUNTY": "Campbell County", "INTPTLON": "-105.4045602", "RC2": 0.2294269225400633, "RC9": -0.14185790650262409, "AVG_HH_SZ": 1.0600643137008909, "ESL_PCT": 0.30752747874223008, "INTPTLAT": "+44.2622761", "Q_POV": -0.35006824104357598, "FEM_LBR": 0.14223256721264549, "GEOID": "56005000200", "RC7": 0.53929110529866386, "quadrant": "Low Vulnerability & High Wildfire Risk", "RC6": 0.54150566740043526, "PRED_PHYS_PC": -0.044909259231195188, "PRED_FARM_VAL": 0.70471122445945855, "P.Ii": 0.55206338098696461, "cluster": "Not Significant", "TRACTFIPS": "56005000200", "SOVI_SCORE": 9.209856068000001, "SOVI_RATNG": "Very Low", "WFIR_RISKS": 95.602487721900005, "WFIR_RISKR": "Relatively Moderate", "WFIR_EALT": 180602.43109200001 }, "geometry": { "type": "Polygon", "coordinates": [ [ [ -105.50962, 44.26296 ], [ -105.50956, 44.24686 ], [ -105.502937, 44.239731 ], [ -105.495956, 44.235014 ], [ -105.493701, 44.238852 ], [ -105.487172, 44.232426 ], [ -105.486543, 44.230076 ], [ -105.491966, 44.225183 ], [ -105.488677, 44.217435 ], [ -105.489044, 44.210136 ], [ -105.486098, 44.209259 ], [ -105.478873, 44.210041 ], [ -105.468823, 44.204775 ], [ -105.467264, 44.201853 ], [ -105.458077, 44.202267 ], [ -105.453506, 44.201398 ], [ -105.45147, 44.20321 ], [ -105.44526, 44.20322 ], [ -105.44868, 44.2089 ], [ -105.45786, 44.22831 ], [ -105.4512, 44.22908 ], [ -105.4227, 44.22884 ], [ -105.41304, 44.23201 ], [ -105.40679, 44.23266 ], [ -105.37917, 44.23299 ], [ -105.375144, 44.231312 ], [ -105.369301, 44.2267 ], [ -105.365611, 44.226057 ], [ -105.34755, 44.22583 ], [ -105.34749, 44.23664 ], [ -105.34249, 44.23738 ], [ -105.33639, 44.23641 ], [ -105.32874, 44.23358 ], [ -105.32051, 44.23379 ], [ -105.317023, 44.236064 ], [ -105.312156, 44.236795 ], [ -105.312147, 44.243684 ], [ -105.308159, 44.249352 ], [ -105.301196, 44.255506 ], [ -105.299938, 44.26192 ], [ -105.297788, 44.287649 ], [ -105.292791, 44.290704 ], [ -105.290588, 44.294132 ], [ -105.297022, 44.29359 ], [ -105.301989, 44.2946 ], [ -105.307231, 44.292307 ], [ -105.311579, 44.292746 ], [ -105.319966, 44.290541 ], [ -105.336951, 44.289361 ], [ -105.345146, 44.286835 ], [ -105.351698, 44.288585 ], [ -105.371183, 44.287879 ], [ -105.376457, 44.286445 ], [ -105.382169, 44.286805 ], [ -105.387863, 44.284722 ], [ -105.387967, 44.279481 ], [ -105.39118, 44.273752 ], [ -105.396428, 44.272459 ], [ -105.401728, 44.274448 ], [ -105.408818, 44.273275 ], [ -105.409301, 44.267792 ], [ -105.416642, 44.266943 ], [ -105.421193, 44.269749 ], [ -105.425898, 44.269826 ], [ -105.431584, 44.267167 ], [ -105.43495, 44.268073 ], [ -105.440999, 44.264681 ], [ -105.439804, 44.262253 ], [ -105.441924, 44.258969 ], [ -105.445945, 44.259935 ], [ -105.445809, 44.263958 ], [ -105.451445, 44.262995 ], [ -105.454428, 44.265129 ], [ -105.458112, 44.261354 ], [ -105.466553, 44.262444 ], [ -105.475352, 44.265885 ], [ -105.482005, 44.267618 ], [ -105.493811, 44.266854 ], [ -105.49387, 44.26912 ], [ -105.5096, 44.26899 ], [ -105.50962, 44.26296 ] ] ] } },
{ "type": "Feature", "properties": { "PRED_SS_PC": -0.1016080952309644, "PERCAP": 0.079069989708449417, "TRACTCE": "978200", "HLTH_INS": 0.45225344208829082, "Q_FEMALE": 0.21365945246925691, "RC5": -0.25690827857738968, "HOU_DEN": -0.64900024302070891, "MED_VAL": 0.1780054230783574, "POP_CHG": 1.3774405328068859, "LBR_FORCE": -0.48202857066333088, "SoVI_class": "0.5 to 1 SD", "Q_UNEMP": 0.57764430228091679, "Q_EXTRACT": 0.22828030301657559, "MED_RENT": 0.21322725785176661, "Q_MOBILE": 0.57383374897816541, "Q_RENTER": -1.1075372229459071, "AGE_DEP": 0.7793095453135408, "MED_AGE": 0.079057107732605603, "PCT_URBAN": -1.3265962575458641, "NO_VEH": -0.8873464533142833, "Q_SERV": 0.70139682419352567, "COUNTYFP": "023", "ALAND": 6236039338.0, "Ii": 0.32834538601078017, "NAME": "9782", "RC4": 2.1103007485197041, "HOSP_PC": 2.822121080164699, "PRED_NURS_PC": 2.3667101188894009, "AWATER": 42573415.0, "Q_TRANS": 2.4528727463387461, "NAMELSAD": "Census Tract 9782", "RC8": -0.7420035200802122, "RC1": -0.77081611051617216, "STATEFP": "56", "NO_HS": -0.96262368429917855, "MTFCC": "G5020", "PRED_BRATE": 1.13413277915616, "SoVI": 2.0020181559117689, "PRED_PCT_GOP": 0.1074911959251719, "Q_MINOR": -1.173805928064616, "lag_sovi": 1.6297570515475794, "Area_miles": null, "RC3": 0.34889816959986047, "Q_GRP_QTR": -0.34293017208531379, "GEOIDFQ": "1400000US56023978200", "PRED_GDP_PC": -0.30008913126681208, "FUNCSTAT": "S", "RC10": 0.010920645693734949, "GISJOIN": "G5600230978200", "NAME_E": "Census Tract 9782, Lincoln County, Wyoming", "COUNTY": "Lincoln County", "INTPTLON": "-110.5505605", "RC2": -1.2927041042741969, "RC9": 0.61952241090018267, "AVG_HH_SZ": 0.30611669513193401, "ESL_PCT": -0.68030399777156247, "INTPTLAT": "+41.9598978", "Q_POV": -1.1363133170924371, "FEM_LBR": -0.10993313459913021, "GEOID": "56023978200", "RC7": -0.63410642575540976, "quadrant": "High Vulnerability & High Wildfire Risk", "RC6": -2.6089146204016682, "PRED_PHYS_PC": -1.6140114275132149, "PRED_FARM_VAL": -1.3480596140511329, "P.Ii": 0.16062252200194807, "cluster": "Not Significant", "TRACTFIPS": "56023978200", "SOVI_SCORE": 81.81365871, "SOVI_RATNG": "Very High", "WFIR_RISKS": 96.118582997399997, "WFIR_RISKR": "Relatively Moderate", "WFIR_EALT": 124593.23966599999 }, "geometry": { "type": "Polygon", "coordinates": [ [ [ -111.047181, 42.400749 ], [ -111.04723, 42.370956 ], [ -111.046989, 42.34806 ], [ -111.047269, 42.274534 ], [ -111.047171, 42.23088 ], [ -111.047335, 42.193116 ], [ -111.047117, 42.159467 ], [ -111.047142, 42.12862 ], [ -111.04689, 42.096716 ], [ -111.047025, 42.08174 ], [ -111.046814, 42.009651 ], [ -111.046469, 41.967101 ], [ -111.046679, 41.906232 ], [ -111.046445, 41.890394 ], [ -111.04672, 41.86111 ], [ -111.04648, 41.817724 ], [ -111.046525, 41.732799 ], [ -111.046382, 41.701287 ], [ -111.045993, 41.68684 ], [ -111.046045, 41.658174 ], [ -111.045837, 41.579845 ], [ -111.000743, 41.579742 ], [ -110.924539, 41.579246 ], [ -110.828435, 41.579246 ], [ -110.713129, 41.578947 ], [ -110.674827, 41.578947 ], [ -110.584899, 41.579164 ], [ -110.50114, 41.579198 ], [ -110.375716, 41.57905 ], [ -110.250711, 41.578251 ], [ -110.189642, 41.578031 ], [ -110.062787, 41.577519 ], [ -110.048, 41.578015 ], [ -110.047755, 41.624955 ], [ -110.047106, 41.683853 ], [ -110.046507, 41.749988 ], [ -110.046558, 41.875033 ], [ -110.046432, 41.980754 ], [ -110.046408, 42.006948 ], [ -110.054409, 42.007048 ], [ -110.053658, 42.124946 ], [ -110.053408, 42.155246 ], [ -110.053407, 42.212844 ], [ -110.053708, 42.270744 ], [ -110.125709, 42.271092 ], [ -110.206916, 42.270641 ], [ -110.206516, 42.276541 ], [ -110.24815, 42.276306 ], [ -110.31292, 42.27554 ], [ -110.375407, 42.275987 ], [ -110.424923, 42.276138 ], [ -110.424823, 42.279938 ], [ -110.501182, 42.278223 ], [ -110.521135, 42.277539 ], [ -110.541634, 42.277491 ], [ -110.541736, 42.286522 ], [ -110.546666, 42.285996 ], [ -110.55542, 42.28946 ], [ -110.558454, 42.288054 ], [ -110.560793, 42.283557 ], [ -110.558516, 42.275886 ], [ -110.558664, 42.272259 ], [ -110.563696, 42.271798 ], [ -110.560717, 42.265344 ], [ -110.565199, 42.258957 ], [ -110.566344, 42.250487 ], [ -110.564966, 42.243513 ], [ -110.561899, 42.236451 ], [ -110.558, 42.23451 ], [ -110.55842, 42.23185 ], [ -110.55362, 42.21889 ], [ -110.55352, 42.21249 ], [ -110.55465, 42.20967 ], [ -110.5531, 42.20433 ], [ -110.55526, 42.20021 ], [ -110.55956, 42.19692 ], [ -110.55462, 42.193 ], [ -110.551307, 42.187773 ], [ -110.600749, 42.187921 ], [ -110.600771, 42.174338 ], [ -110.562009, 42.17375 ], [ -110.562679, 42.131714 ], [ -110.619913, 42.131858 ], [ -110.620298, 42.158731 ], [ -110.639601, 42.158524 ], [ -110.639992, 42.144241 ], [ -110.688113, 42.144537 ], [ -110.71652, 42.144326 ], [ -110.716305, 42.167363 ], [ -110.72796, 42.16362 ], [ -110.728325, 42.167032 ], [ -110.7944, 42.166387 ], [ -110.794884, 42.158057 ], [ -110.801826, 42.158754 ], [ -110.805078, 42.15746 ], [ -110.814415, 42.157589 ], [ -110.814591, 42.162682 ], [ -110.811216, 42.187015 ], [ -110.812209, 42.189858 ], [ -110.836963, 42.190912 ], [ -110.837508, 42.263435 ], [ -110.838245, 42.365509 ], [ -110.838799, 42.437695 ], [ -110.838169, 42.448045 ], [ -110.883046, 42.44773 ], [ -110.933678, 42.447918 ], [ -110.960184, 42.447712 ], [ -110.983631, 42.448011 ], [ -110.98525, 42.44186 ], [ -110.98352, 42.428 ], [ -110.98478, 42.42048 ], [ -110.9885, 42.41081 ], [ -110.98966, 42.40335 ], [ -110.99308, 42.40061 ], [ -111.00229, 42.40096 ], [ -111.01241, 42.39988 ], [ -111.02185, 42.40044 ], [ -111.02769, 42.40389 ], [ -111.03253, 42.40414 ], [ -111.047181, 42.400749 ] ], [ [ -110.626998, 41.813891 ], [ -110.618824, 41.816361 ], [ -110.621805, 41.818897 ], [ -110.620846, 41.824153 ], [ -110.617393, 41.828641 ], [ -110.611804, 41.839299 ], [ -110.609433, 41.848093 ], [ -110.610358, 41.85333 ], [ -110.612652, 41.856526 ], [ -110.618103, 41.858423 ], [ -110.61834, 41.86162 ], [ -110.60619, 41.86449 ], [ -110.59476, 41.86153 ], [ -110.58852, 41.86196 ], [ -110.58002, 41.8581 ], [ -110.56827, 41.85178 ], [ -110.56347, 41.85225 ], [ -110.56227, 41.85686 ], [ -110.56316, 41.86392 ], [ -110.5687, 41.86928 ], [ -110.57737, 41.87314 ], [ -110.57572, 41.8821 ], [ -110.56949, 41.8856 ], [ -110.550445, 41.883626 ], [ -110.544224, 41.880319 ], [ -110.537635, 41.878756 ], [ -110.535796, 41.875443 ], [ -110.531011, 41.871132 ], [ -110.5262, 41.86968 ], [ -110.52234, 41.87213 ], [ -110.51869, 41.8722 ], [ -110.50421, 41.86946 ], [ -110.49692, 41.86999 ], [ -110.495477, 41.867135 ], [ -110.497489, 41.863039 ], [ -110.499871, 41.8625 ], [ -110.497595, 41.856578 ], [ -110.497249, 41.849674 ], [ -110.490539, 41.845464 ], [ -110.488381, 41.840503 ], [ -110.481385, 41.835118 ], [ -110.478967, 41.830497 ], [ -110.47932, 41.816758 ], [ -110.476667, 41.813308 ], [ -110.484872, 41.813102 ], [ -110.48175, 41.809487 ], [ -110.47886, 41.803013 ], [ -110.479764, 41.793875 ], [ -110.485814, 41.78642 ], [ -110.488502, 41.784314 ], [ -110.482473, 41.781815 ], [ -110.476706, 41.777949 ], [ -110.467122, 41.77884 ], [ -110.470362, 41.775034 ], [ -110.476155, 41.771142 ], [ -110.491024, 41.764943 ], [ -110.477864, 41.759447 ], [ -110.481113, 41.75517 ], [ -110.49314, 41.75059 ], [ -110.49746, 41.7496 ], [ -110.50113, 41.75112 ], [ -110.51142, 41.75251 ], [ -110.51354, 41.75189 ], [ -110.518832, 41.746649 ], [ -110.52319, 41.74567 ], [ -110.52841, 41.74813 ], [ -110.53465, 41.75247 ], [ -110.5372, 41.75733 ], [ -110.53651, 41.76512 ], [ -110.53812, 41.76762 ], [ -110.54299, 41.7699 ], [ -110.55309, 41.77127 ], [ -110.55776, 41.76781 ], [ -110.55928, 41.7637 ], [ -110.563504, 41.763683 ], [ -110.574855, 41.780284 ], [ -110.576516, 41.785284 ], [ -110.582249, 41.790906 ], [ -110.582763, 41.794285 ], [ -110.59274, 41.79702 ], [ -110.60397, 41.80513 ], [ -110.61031, 41.80828 ], [ -110.61977, 41.81067 ], [ -110.626998, 41.813891 ] ] ] } },
{ "type": "Feature", "properties": { "PRED_SS_PC": 0.055369282938382482, "PERCAP": 0.078851819497529743, "TRACTCE": "978100", "HLTH_INS": 0.13401726636914521, "Q_FEMALE": 0.45387610178152282, "RC5": -0.068085029735179964, "HOU_DEN": -0.61602126830446502, "MED_VAL": 0.1794097830786251, "POP_CHG": 0.64024382560824311, "LBR_FORCE": -0.033059164370665597, "SoVI_class": "-1 to -0.5 SD", "Q_UNEMP": -0.054391546611406882, "Q_EXTRACT": -0.049387217915844633, "MED_RENT": 0.2132250208010861, "Q_MOBILE": 0.09971342965719214, "Q_RENTER": -0.1279771616257841, "AGE_DEP": 0.51351836108258564, "MED_AGE": 0.079056834511832111, "PCT_URBAN": -1.3265962575458641, "NO_VEH": 0.26630979114127667, "Q_SERV": -0.39338306754364372, "COUNTYFP": "023", "ALAND": 291300060.0, "Ii": 0.72073543402441298, "NAME": "9781", "RC4": -0.4668971976055763, "HOSP_PC": -0.39945578899327572, "PRED_NURS_PC": -0.38351946474699661, "AWATER": 73591.0, "Q_TRANS": -0.96585154599552436, "NAMELSAD": "Census Tract 9781", "RC8": -0.074243471334238337, "RC1": -0.42191900911333491, "STATEFP": "56", "NO_HS": -1.002747107226621, "MTFCC": "G5020", "PRED_BRATE": 0.68610092174624671, "SoVI": -2.846943751679611, "PRED_PCT_GOP": 0.19530861684436951, "Q_MINOR": -1.0424924124930071, "lag_sovi": -2.5156889957531869, "Area_miles": null, "RC3": -0.52219284555973133, "Q_GRP_QTR": -0.2944458638603934, "GEOIDFQ": "1400000US56023978100", "PRED_GDP_PC": -0.78676900602716782, "FUNCSTAT": "S", "RC10": -0.74493382155542409, "GISJOIN": "G5600230978100", "NAME_E": "Census Tract 9781, Lincoln County, Wyoming", "COUNTY": "Lincoln County", "INTPTLON": "-110.9707469", "RC2": -0.87881869742447782, "RC9": 0.4147058979625145, "AVG_HH_SZ": 0.86459641259042019, "ESL_PCT": -0.62315058201308249, "INTPTLAT": "+42.7155021", "Q_POV": -0.32742699550691162, "FEM_LBR": 0.60966800316282366, "GEOID": "56023978100", "RC7": 0.49550698009770738, "quadrant": "Low Vulnerability & High Wildfire Risk", "RC6": 0.58006655741187063, "PRED_PHYS_PC": 0.28470003405928868, "PRED_FARM_VAL": 0.70471122445945855, "P.Ii": 0.25441967227727463, "cluster": "Not Significant", "TRACTFIPS": "56023978100", "SOVI_SCORE": 18.44044305, "SOVI_RATNG": "Very Low", "WFIR_RISKS": 96.666785582599999, "WFIR_RISKR": "Relatively High", "WFIR_EALT": 277962.50902300002 }, "geometry": { "type": "Polygon", "coordinates": [ [ [ -111.043831, 42.857355 ], [ -111.043844, 42.827264 ], [ -111.043547, 42.719502 ], [ -111.044763, 42.64855 ], [ -111.011868, 42.648321 ], [ -111.01292, 42.633776 ], [ -110.992218, 42.633717 ], [ -110.992235, 42.61854 ], [ -110.981794, 42.618521 ], [ -110.982229, 42.605562 ], [ -110.970914, 42.605537 ], [ -110.971378, 42.598275 ], [ -110.953041, 42.598209 ], [ -110.953562, 42.591377 ], [ -110.915421, 42.591277 ], [ -110.915616, 42.584003 ], [ -110.905794, 42.584109 ], [ -110.905434, 42.533032 ], [ -110.875203, 42.532899 ], [ -110.875364, 42.577024 ], [ -110.893355, 42.576991 ], [ -110.893443, 42.62032 ], [ -110.903687, 42.620458 ], [ -110.903106, 42.634747 ], [ -110.913453, 42.63457 ], [ -110.913639, 42.683661 ], [ -110.913483, 42.73622 ], [ -110.916058, 42.740048 ], [ -110.920191, 42.742684 ], [ -110.918374, 42.7474 ], [ -110.918451, 42.754738 ], [ -110.922816, 42.757386 ], [ -110.921229, 42.760281 ], [ -110.920197, 42.767461 ], [ -110.922038, 42.779049 ], [ -110.92385, 42.782185 ], [ -110.924136, 42.812609 ], [ -110.923669, 42.836427 ], [ -110.895487, 42.836024 ], [ -110.895445, 42.836556 ], [ -110.8932, 42.84323 ], [ -110.89395, 42.8512 ], [ -110.89838, 42.85149 ], [ -110.89916, 42.85545 ], [ -110.90336, 42.86052 ], [ -110.91113, 42.86202 ], [ -110.91233, 42.8578 ], [ -110.918801, 42.853905 ], [ -110.934235, 42.849958 ], [ -110.94894, 42.85006 ], [ -110.96097, 42.85402 ], [ -110.96509, 42.85403 ], [ -110.97375, 42.85584 ], [ -110.98583, 42.85497 ], [ -110.98784, 42.85384 ], [ -110.976888, 42.844005 ], [ -110.98633, 42.83658 ], [ -110.98999, 42.83232 ], [ -110.99676, 42.82806 ], [ -110.998682, 42.825682 ], [ -111.005758, 42.826538 ], [ -111.008711, 42.835789 ], [ -111.009018, 42.8423 ], [ -111.012895, 42.845436 ], [ -111.0196, 42.847487 ], [ -111.023987, 42.84757 ], [ -111.032334, 42.850054 ], [ -111.038211, 42.854788 ], [ -111.043831, 42.857355 ] ] ] } },
{ "type": "Feature", "properties": { "PRED_SS_PC": -0.3510752637916828, "PERCAP": 0.078943857387187219, "TRACTCE": "978400", "HLTH_INS": 0.3098333139540756, "Q_FEMALE": 0.1121486436946993, "RC5": -0.053214072381853661, "HOU_DEN": -0.59570770273627394, "MED_VAL": 0.17742821823421059, "POP_CHG": 1.799417403988232, "LBR_FORCE": -0.68155033933281495, "SoVI_class": "> 1 SD", "Q_UNEMP": -0.73504553772621684, "Q_EXTRACT": 0.99186598558073125, "MED_RENT": 0.21322515970292569, "Q_MOBILE": 0.57383374897816541, "Q_RENTER": -0.16338294697470429, "AGE_DEP": 0.83754430289370263, "MED_AGE": 0.079056904714391973, "PCT_URBAN": -1.3265962575458641, "NO_VEH": 0.88784313079144039, "Q_SERV": -0.40193603544783979, "COUNTYFP": "023", "ALAND": 120297049.0, "Ii": 0.89998484155744252, "NAME": "9784", "RC4": 1.4151229645362911, "HOSP_PC": 1.3471822725983971, "PRED_NURS_PC": 1.514006557434048, "AWATER": 12706.0, "Q_TRANS": 1.9574054575946489, "NAMELSAD": "Census Tract 9784", "RC8": 0.27836825248724828, "RC1": -0.44782930343381427, "STATEFP": "56", "NO_HS": 0.40856745446174553, "MTFCC": "G5020", "PRED_BRATE": 0.064745037399535993, "SoVI": 4.4671151302922656, "PRED_PCT_GOP": 0.88218885456718532, "Q_MINOR": -0.73880879769727903, "lag_sovi": 2.0020181559117689, "Area_miles": null, "RC3": 0.20714789491716989, "Q_GRP_QTR": -0.18339131052805821, "GEOIDFQ": "1400000US56023978400", "PRED_GDP_PC": -0.1226049564371014, "FUNCSTAT": "S", "RC10": 0.48791317448147642, "GISJOIN": "G5600230978400", "NAME_E": "Census Tract 9784, Lincoln County, Wyoming", "COUNTY": "Lincoln County", "INTPTLON": "-110.5562506", "RC2": -0.19035602039966781, "RC9": -0.14670852383588459, "AVG_HH_SZ": -0.22443903645362839, "ESL_PCT": 0.20666500426607701, "INTPTLAT": "+41.8197366", "Q_POV": 0.23724649273753279, "FEM_LBR": -0.8058498825534659, "GEOID": "56023978400", "RC7": 0.73463426073783544, "quadrant": "High Vulnerability & Low Wildfire Risk", "RC6": -2.1820365031834652, "PRED_PHYS_PC": -1.6140114275132149, "PRED_FARM_VAL": 0.70471122445945855, "P.Ii": 0.51817978324308145, "cluster": "Not Significant", "TRACTFIPS": "56023978400", "SOVI_SCORE": 74.65793994000001, "SOVI_RATNG": "Relatively High", "WFIR_RISKS": 85.303176245299994, "WFIR_RISKR": "Relatively Low", "WFIR_EALT": 9845.1368623500002 }, "geometry": { "type": "Polygon", "coordinates": [ [ [ -110.626998, 41.813891 ], [ -110.61977, 41.81067 ], [ -110.61031, 41.80828 ], [ -110.60397, 41.80513 ], [ -110.59274, 41.79702 ], [ -110.582763, 41.794285 ], [ -110.582249, 41.790906 ], [ -110.576516, 41.785284 ], [ -110.574855, 41.780284 ], [ -110.563504, 41.763683 ], [ -110.55928, 41.7637 ], [ -110.55776, 41.76781 ], [ -110.55309, 41.77127 ], [ -110.54299, 41.7699 ], [ -110.53812, 41.76762 ], [ -110.53651, 41.76512 ], [ -110.5372, 41.75733 ], [ -110.53465, 41.75247 ], [ -110.52841, 41.74813 ], [ -110.52319, 41.74567 ], [ -110.518832, 41.746649 ], [ -110.51354, 41.75189 ], [ -110.51142, 41.75251 ], [ -110.50113, 41.75112 ], [ -110.49746, 41.7496 ], [ -110.49314, 41.75059 ], [ -110.481113, 41.75517 ], [ -110.477864, 41.759447 ], [ -110.491024, 41.764943 ], [ -110.476155, 41.771142 ], [ -110.470362, 41.775034 ], [ -110.467122, 41.77884 ], [ -110.476706, 41.777949 ], [ -110.482473, 41.781815 ], [ -110.488502, 41.784314 ], [ -110.485814, 41.78642 ], [ -110.479764, 41.793875 ], [ -110.47886, 41.803013 ], [ -110.48175, 41.809487 ], [ -110.484872, 41.813102 ], [ -110.476667, 41.813308 ], [ -110.47932, 41.816758 ], [ -110.478967, 41.830497 ], [ -110.481385, 41.835118 ], [ -110.488381, 41.840503 ], [ -110.490539, 41.845464 ], [ -110.497249, 41.849674 ], [ -110.497595, 41.856578 ], [ -110.499871, 41.8625 ], [ -110.497489, 41.863039 ], [ -110.495477, 41.867135 ], [ -110.49692, 41.86999 ], [ -110.50421, 41.86946 ], [ -110.51869, 41.8722 ], [ -110.52234, 41.87213 ], [ -110.5262, 41.86968 ], [ -110.531011, 41.871132 ], [ -110.535796, 41.875443 ], [ -110.537635, 41.878756 ], [ -110.544224, 41.880319 ], [ -110.550445, 41.883626 ], [ -110.56949, 41.8856 ], [ -110.57572, 41.8821 ], [ -110.57737, 41.87314 ], [ -110.5687, 41.86928 ], [ -110.56316, 41.86392 ], [ -110.56227, 41.85686 ], [ -110.56347, 41.85225 ], [ -110.56827, 41.85178 ], [ -110.58002, 41.8581 ], [ -110.58852, 41.86196 ], [ -110.59476, 41.86153 ], [ -110.60619, 41.86449 ], [ -110.61834, 41.86162 ], [ -110.618103, 41.858423 ], [ -110.612652, 41.856526 ], [ -110.610358, 41.85333 ], [ -110.609433, 41.848093 ], [ -110.611804, 41.839299 ], [ -110.617393, 41.828641 ], [ -110.620846, 41.824153 ], [ -110.621805, 41.818897 ], [ -110.618824, 41.816361 ], [ -110.626998, 41.813891 ] ] ] } },
{ "type": "Feature", "properties": { "PRED_SS_PC": -1.511669142152317, "PERCAP": 0.080374571298399561, "TRACTCE": "000101", "HLTH_INS": 0.5111343422003789, "Q_FEMALE": -0.9480689867698584, "RC5": 0.13072473866391329, "HOU_DEN": -0.64858846733987063, "MED_VAL": 0.17968721933555881, "POP_CHG": 1.1369519662629399, "LBR_FORCE": -0.91548841213860344, "SoVI_class": "-0.5 to 0.5 SD", "Q_UNEMP": -0.78366367994870312, "Q_EXTRACT": 1.813299068339141, "MED_RENT": 0.2132250061798398, "Q_MOBILE": 0.13132145094525699, "Q_RENTER": -0.54104465736318541, "AGE_DEP": 1.560425690988458, "MED_AGE": 0.079057031837946296, "PCT_URBAN": -1.3265962575458641, "NO_VEH": -0.70848385240850908, "Q_SERV": -0.98353785293321216, "COUNTYFP": "035", "ALAND": 6477168528.0, "Ii": -0.061235188289216931, "NAME": "1.01", "RC4": 0.48502947636752758, "HOSP_PC": -0.39945578899327572, "PRED_NURS_PC": 0.40523670589202582, "AWATER": 12682482.0, "Q_TRANS": 3.790634425947808, "NAMELSAD": "Census Tract 1.01", "RC8": -0.045190018454400523, "RC1": -1.09198096606682, "STATEFP": "56", "NO_HS": 0.44236438190221078, "MTFCC": "G5020", "PRED_BRATE": 0.85421477844072358, "SoVI": 0.56213721855966747, "PRED_PCT_GOP": 1.003736448446926, "Q_MINOR": -0.31652484597124819, "lag_sovi": -1.0824770057940618, "Area_miles": null, "RC3": -0.020451400228221259, "Q_GRP_QTR": -0.34045592526051482, "GEOIDFQ": "1400000US56035000101", "PRED_GDP_PC": -0.70897891626742349, "FUNCSTAT": "S", "RC10": -0.24141619744721801, "GISJOIN": "G5600350000101", "NAME_E": "Census Tract 1.01, Sublette County, Wyoming", "COUNTY": "Sublette County", "INTPTLON": "-110.1603363", "RC2": -0.092381835906640078, "RC9": -1.1383833026697281, "AVG_HH_SZ": 0.27819270925900902, "ESL_PCT": -0.51955529971006231, "INTPTLAT": "+42.6372472", "Q_POV": -0.39809130476309201, "FEM_LBR": -1.397736078922279, "GEOID": "56035000101", "RC7": -0.1007854599628982, "quadrant": "High Vulnerability & High Wildfire Risk", "RC6": -2.676972184264153, "PRED_PHYS_PC": -1.6140114275132149, "PRED_FARM_VAL": -1.0100585873762891, "P.Ii": 0.39563261982963083, "cluster": "Not Significant", "TRACTFIPS": "56035000101", "SOVI_SCORE": 49.33127999, "SOVI_RATNG": "Relatively Moderate", "WFIR_RISKS": 98.052156541000002, "WFIR_RISKR": "Relatively High", "WFIR_EALT": 454897.65397099999 }, "geometry": { "type": "Polygon", "coordinates": [ [ [ -110.578656, 43.235224 ], [ -110.578584, 43.126307 ], [ -110.587993, 43.126147 ], [ -110.5879, 43.09961 ], [ -110.588085, 43.040286 ], [ -110.589006, 43.040187 ], [ -110.588451, 42.92806 ], [ -110.587955, 42.842911 ], [ -110.587662, 42.779188 ], [ -110.623434, 42.779205 ], [ -110.623792, 42.74993 ], [ -110.623477, 42.710181 ], [ -110.590074, 42.710087 ], [ -110.589938, 42.699026 ], [ -110.590101, 42.624931 ], [ -110.590037, 42.58076 ], [ -110.590168, 42.528775 ], [ -110.589947, 42.499934 ], [ -110.589482, 42.499883 ], [ -110.590131, 42.448435 ], [ -110.543329, 42.448536 ], [ -110.542727, 42.374936 ], [ -110.541736, 42.286522 ], [ -110.541634, 42.277491 ], [ -110.521135, 42.277539 ], [ -110.501182, 42.278223 ], [ -110.424823, 42.279938 ], [ -110.424923, 42.276138 ], [ -110.375407, 42.275987 ], [ -110.31292, 42.27554 ], [ -110.24815, 42.276306 ], [ -110.206516, 42.276541 ], [ -110.206916, 42.270641 ], [ -110.125709, 42.271092 ], [ -110.053708, 42.270744 ], [ -110.002061, 42.270062 ], [ -110.000706, 42.269808 ], [ -109.935949, 42.268664 ], [ -109.917993, 42.268218 ], [ -109.86207, 42.267548 ], [ -109.750693, 42.265723 ], [ -109.746955, 42.265873 ], [ -109.698722, 42.265231 ], [ -109.646563, 42.264836 ], [ -109.607458, 42.26477 ], [ -109.500686, 42.263559 ], [ -109.473881, 42.263428 ], [ -109.483517, 42.277379 ], [ -109.486948, 42.283279 ], [ -109.49673, 42.30326 ], [ -109.49895, 42.30695 ], [ -109.51941, 42.33558 ], [ -109.52181, 42.34155 ], [ -109.52209, 42.35468 ], [ -109.52309, 42.36034 ], [ -109.52788, 42.36978 ], [ -109.55362, 42.41291 ], [ -109.55477, 42.41662 ], [ -109.55639, 42.43928 ], [ -109.55825, 42.445 ], [ -109.56463, 42.4554 ], [ -109.59145, 42.50314 ], [ -109.60618, 42.52557 ], [ -109.60829, 42.53075 ], [ -109.6109, 42.54304 ], [ -109.613018, 42.56284 ], [ -109.61686, 42.5753 ], [ -109.618246, 42.577721 ], [ -109.64696, 42.61715 ], [ -109.6573, 42.62511 ], [ -109.68114, 42.65064 ], [ -109.6848, 42.65493 ], [ -109.6938, 42.66964 ], [ -109.71336, 42.69155 ], [ -109.71496, 42.695482 ], [ -109.71488, 42.73808 ], [ -109.71788, 42.7439 ], [ -109.72872, 42.75204 ], [ -109.73288, 42.75909 ], [ -109.73656, 42.76249 ], [ -109.76593, 42.78215 ], [ -109.77013, 42.78463 ], [ -109.78462, 42.7909 ], [ -109.791, 42.79417 ], [ -109.81511, 42.8032 ], [ -109.83066, 42.81105 ], [ -109.836068, 42.81572 ], [ -109.844678, 42.815117 ], [ -109.850085, 42.818093 ], [ -109.851869, 42.82316 ], [ -109.849617, 42.824054 ], [ -109.8545, 42.830319 ], [ -109.853112, 42.832905 ], [ -109.861372, 42.837458 ], [ -109.863949, 42.837524 ], [ -109.865498, 42.842845 ], [ -109.872628, 42.844377 ], [ -109.879753, 42.849336 ], [ -109.885746, 42.858559 ], [ -109.889615, 42.86033 ], [ -109.89034, 42.863499 ], [ -109.893539, 42.866664 ], [ -109.91943, 42.86649 ], [ -109.92637, 42.86844 ], [ -109.93589, 42.87425 ], [ -109.94254, 42.8757 ], [ -109.94763, 42.87547 ], [ -109.97776, 42.88151 ], [ -109.98291, 42.88203 ], [ -109.99286, 42.88126 ], [ -109.99688, 42.88207 ], [ -110.00709, 42.88613 ], [ -110.01554, 42.88738 ], [ -110.07167, 42.89056 ], [ -110.07608, 42.89261 ], [ -110.07738, 42.89506 ], [ -110.07718, 42.90366 ], [ -110.07838, 42.91353 ], [ -110.08064, 42.92278 ], [ -110.08136, 42.93495 ], [ -110.0864, 42.9523 ], [ -110.09355, 42.99203 ], [ -110.0978, 42.99965 ], [ -110.11183, 43.01319 ], [ -110.12102, 43.0204 ], [ -110.12663, 43.02937 ], [ -110.13101, 43.03432 ], [ -110.14724, 43.04636 ], [ -110.15676, 43.05728 ], [ -110.16401, 43.06475 ], [ -110.16607, 43.06962 ], [ -110.16302, 43.08219 ], [ -110.16308, 43.08659 ], [ -110.17483, 43.11351 ], [ -110.17914, 43.11865 ], [ -110.18887, 43.12588 ], [ -110.19253, 43.13103 ], [ -110.19577, 43.13234 ], [ -110.20318, 43.13238 ], [ -110.2108, 43.13821 ], [ -110.22029, 43.1388 ], [ -110.22691, 43.13563 ], [ -110.23145, 43.13586 ], [ -110.23531, 43.14125 ], [ -110.24198, 43.14831 ], [ -110.24816, 43.15006 ], [ -110.25525, 43.1506 ], [ -110.26693, 43.14859 ], [ -110.282, 43.15216 ], [ -110.29165, 43.15212 ], [ -110.30142, 43.15587 ], [ -110.33179, 43.15462 ], [ -110.338, 43.153 ], [ -110.36806, 43.16083 ], [ -110.36991, 43.16185 ], [ -110.416424, 43.210773 ], [ -110.418546, 43.215143 ], [ -110.424895, 43.22274 ], [ -110.43102, 43.22673 ], [ -110.45348, 43.24371 ], [ -110.45622, 43.24487 ], [ -110.47166, 43.24771 ], [ -110.48129, 43.24382 ], [ -110.49199, 43.2462 ], [ -110.49741, 43.25142 ], [ -110.504026, 43.252808 ], [ -110.50659, 43.255818 ], [ -110.50755, 43.26166 ], [ -110.51135, 43.26688 ], [ -110.51576, 43.26967 ], [ -110.52461, 43.27214 ], [ -110.53176, 43.27854 ], [ -110.533874, 43.282833 ], [ -110.52972, 43.28597 ], [ -110.525244, 43.291661 ], [ -110.57838, 43.29164 ], [ -110.578656, 43.235224 ] ] ] } },
{ "type": "Feature", "properties": { "PRED_SS_PC": 2.2276842263550711, "PERCAP": 0.078710546744202678, "TRACTCE": "940202", "HLTH_INS": -0.96888868227223424, "Q_FEMALE": -0.15452026584851741, "RC5": 0.1011745145267454, "HOU_DEN": -0.64493651712381561, "MED_VAL": 0.17823218212427219, "POP_CHG": 0.38320434031805478, "LBR_FORCE": -0.92849435544872516, "SoVI_class": "-1 to -0.5 SD", "Q_UNEMP": 1.793097857843077, "Q_EXTRACT": 0.29769718324968059, "MED_RENT": 0.21322283492476751, "Q_MOBILE": 0.49481369575800321, "Q_RENTER": -0.58825237116174556, "AGE_DEP": 0.75308081958666351, "MED_AGE": 0.079056870561795278, "PCT_URBAN": -1.3265962575458641, "NO_VEH": -0.56855799890945757, "Q_SERV": -0.19666480574712131, "COUNTYFP": "013", "ALAND": 1191236459.0, "Ii": -0.0024247260291131449, "NAME": "9402.02", "RC4": 0.48348856601108547, "HOSP_PC": -0.39945578899327572, "PRED_NURS_PC": 0.53826845642899235, "AWATER": 12581755.0, "Q_TRANS": -1.1144917326187529, "NAMELSAD": "Census Tract 9402.02", "RC8": -0.54072686408379544, "RC1": -0.27742233978596292, "STATEFP": "56", "NO_HS": 0.69169902761623703, "MTFCC": "G5020", "PRED_BRATE": 1.590402422403502, "SoVI": -1.738718199564784, "PRED_PCT_GOP": 0.5520546490187459, "Q_MINOR": 3.990709499625511, "lag_sovi": 0.013857772821449114, "Area_miles": null, "RC3": -0.42781501877783168, "Q_GRP_QTR": -0.34248410873268509, "GEOIDFQ": "1400000US56013940202", "PRED_GDP_PC": -1.2213574108651311, "FUNCSTAT": "S", "RC10": -3.1575408249829651, "GISJOIN": "G5600130940202", "NAME_E": "Census Tract 9402.02, Fremont County, Wyoming", "COUNTY": "Fremont County", "INTPTLON": "-108.4444769", "RC2": 0.95148800106182541, "RC9": 2.9070371629268639, "AVG_HH_SZ": 2.9030473813138982, "ESL_PCT": -0.57688584809822541, "INTPTLAT": "+43.0101834", "Q_POV": 1.1971623598448971, "FEM_LBR": -0.53443932748234135, "GEOID": "56013940202", "RC7": -0.70909525785416039, "quadrant": "Low Vulnerability & High Wildfire Risk", "RC6": 1.069306138606589, "PRED_PHYS_PC": -0.91234170481756804, "PRED_FARM_VAL": -0.61456064388765164, "P.Ii": 0.99791481958054684, "cluster": "Not Significant", "TRACTFIPS": "56013940202", "SOVI_SCORE": 85.44571462, "SOVI_RATNG": "Very High", "WFIR_RISKS": 96.066259974100007, "WFIR_RISKR": "Relatively Moderate", "WFIR_EALT": 116787.869202 }, "geometry": { "type": "Polygon", "coordinates": [ [ [ -108.748423, 43.192252 ], [ -108.743384, 43.101975 ], [ -108.756031, 43.071604 ], [ -108.755197, 43.037133 ], [ -108.755222, 43.007502 ], [ -108.7556, 42.993837 ], [ -108.756447, 42.990973 ], [ -108.753451, 42.981706 ], [ -108.755429, 42.978537 ], [ -108.754987, 42.942849 ], [ -108.760083, 42.940453 ], [ -108.767817, 42.934534 ], [ -108.77219, 42.929385 ], [ -108.777035, 42.928014 ], [ -108.79476, 42.928028 ], [ -108.79476, 42.893653 ], [ -108.788524, 42.882975 ], [ -108.782243, 42.879345 ], [ -108.776597, 42.879529 ], [ -108.775703, 42.882422 ], [ -108.770484, 42.883961 ], [ -108.771632, 42.886674 ], [ -108.768237, 42.890631 ], [ -108.747326, 42.889031 ], [ -108.745018, 42.88787 ], [ -108.736568, 42.889431 ], [ -108.733107, 42.888807 ], [ -108.727438, 42.879575 ], [ -108.719864, 42.871857 ], [ -108.720114, 42.864437 ], [ -108.718014, 42.860984 ], [ -108.712048, 42.858338 ], [ -108.703767, 42.856851 ], [ -108.700194, 42.854907 ], [ -108.694966, 42.85421 ], [ -108.69228, 42.859088 ], [ -108.685371, 42.865058 ], [ -108.684235, 42.870322 ], [ -108.680165, 42.871095 ], [ -108.667268, 42.869648 ], [ -108.668638, 42.872459 ], [ -108.66319, 42.874427 ], [ -108.658611, 42.872894 ], [ -108.647651, 42.872391 ], [ -108.643405, 42.870169 ], [ -108.634927, 42.874015 ], [ -108.628366, 42.879753 ], [ -108.621032, 42.88221 ], [ -108.618121, 42.880708 ], [ -108.615531, 42.886274 ], [ -108.614064, 42.89232 ], [ -108.611144, 42.891857 ], [ -108.608827, 42.898014 ], [ -108.597601, 42.904569 ], [ -108.588926, 42.905746 ], [ -108.552497, 42.905598 ], [ -108.541524, 42.906054 ], [ -108.516798, 42.905574 ], [ -108.500664, 42.904774 ], [ -108.391232, 42.905693 ], [ -108.375659, 42.904939 ], [ -108.334745, 42.90495 ], [ -108.290986, 42.903918 ], [ -108.261284, 42.904931 ], [ -108.240718, 42.905104 ], [ -108.15427, 42.90509 ], [ -108.153521, 42.990134 ], [ -108.15447, 43.008465 ], [ -108.154761, 43.067361 ], [ -108.154827, 43.107277 ], [ -108.15453, 43.124958 ], [ -108.155284, 43.225685 ], [ -108.178661, 43.218929 ], [ -108.181608, 43.218766 ], [ -108.204681, 43.220884 ], [ -108.212953, 43.218489 ], [ -108.219447, 43.213396 ], [ -108.274861, 43.154726 ], [ -108.279349, 43.150677 ], [ -108.295188, 43.138423 ], [ -108.30867, 43.129011 ], [ -108.347463, 43.105372 ], [ -108.355689, 43.099544 ], [ -108.341588, 43.099988 ], [ -108.341371, 43.092202 ], [ -108.326885, 43.092002 ], [ -108.321272, 43.09325 ], [ -108.317055, 43.092618 ], [ -108.308733, 43.094077 ], [ -108.307766, 43.090211 ], [ -108.314271, 43.088932 ], [ -108.315179, 43.085437 ], [ -108.3089, 43.082517 ], [ -108.311412, 43.077925 ], [ -108.315739, 43.076201 ], [ -108.318916, 43.077638 ], [ -108.322502, 43.075853 ], [ -108.322774, 43.072887 ], [ -108.32852, 43.070412 ], [ -108.328273, 43.066671 ], [ -108.336088, 43.064412 ], [ -108.333459, 43.060218 ], [ -108.333948, 43.057014 ], [ -108.337324, 43.053345 ], [ -108.342694, 43.053137 ], [ -108.34305, 43.050254 ], [ -108.338909, 43.049109 ], [ -108.33522, 43.044579 ], [ -108.333386, 43.039785 ], [ -108.337252, 43.038846 ], [ -108.338534, 43.033765 ], [ -108.341052, 43.029634 ], [ -108.336203, 43.026021 ], [ -108.338224, 43.023282 ], [ -108.344024, 43.02273 ], [ -108.341682, 43.017792 ], [ -108.345888, 43.016157 ], [ -108.350221, 43.015743 ], [ -108.347331, 43.010344 ], [ -108.352556, 43.007836 ], [ -108.357666, 43.010132 ], [ -108.365555, 43.006744 ], [ -108.371979, 43.006538 ], [ -108.375729, 43.010002 ], [ -108.381134, 43.008553 ], [ -108.38706, 43.014151 ], [ -108.397439, 43.01043 ], [ -108.402068, 43.013028 ], [ -108.409958, 43.012379 ], [ -108.421753, 43.012924 ], [ -108.425522, 43.011429 ], [ -108.433098, 43.014389 ], [ -108.439796, 43.015575 ], [ -108.445107, 43.014725 ], [ -108.449982, 43.017342 ], [ -108.459518, 43.018505 ], [ -108.463882, 43.020058 ], [ -108.474075, 43.01849 ], [ -108.483959, 43.024459 ], [ -108.482205, 43.028541 ], [ -108.48802, 43.032344 ], [ -108.486332, 43.03922 ], [ -108.480604, 43.041293 ], [ -108.475291, 43.040415 ], [ -108.471106, 43.037363 ], [ -108.461987, 43.040555 ], [ -108.452511, 43.040275 ], [ -108.447007, 43.036075 ], [ -108.440303, 43.032493 ], [ -108.437858, 43.033664 ], [ -108.44122, 43.037483 ], [ -108.449373, 43.043593 ], [ -108.453822, 43.045914 ], [ -108.461702, 43.048257 ], [ -108.472139, 43.052557 ], [ -108.4754, 43.056702 ], [ -108.47892, 43.066182 ], [ -108.481462, 43.069516 ], [ -108.494418, 43.075922 ], [ -108.521524, 43.086123 ], [ -108.525841, 43.088268 ], [ -108.573854, 43.116309 ], [ -108.586765, 43.124912 ], [ -108.604598, 43.132805 ], [ -108.622972, 43.138838 ], [ -108.638843, 43.142111 ], [ -108.654509, 43.144523 ], [ -108.679949, 43.152369 ], [ -108.702973, 43.157385 ], [ -108.707957, 43.159428 ], [ -108.724316, 43.169155 ], [ -108.727574, 43.171876 ], [ -108.73543, 43.181216 ], [ -108.745315, 43.190372 ], [ -108.748423, 43.192252 ] ] ] } },
{ "type": "Feature", "properties": { "PRED_SS_PC": 0.53154876878534196, "PERCAP": 0.078754829662046541, "TRACTCE": "940201", "HLTH_INS": -0.54529115089330571, "Q_FEMALE": -0.31404526389746429, "RC5": 0.033735768649557463, "HOU_DEN": -0.64612033395737745, "MED_VAL": 0.17830089698667059, "POP_CHG": 0.55598945253886456, "LBR_FORCE": 0.016426671885895808, "SoVI_class": "-0.5 to 0.5 SD", "Q_UNEMP": 0.33455359116848471, "Q_EXTRACT": 0.93401858538647697, "MED_RENT": 0.21322724323052031, "Q_MOBILE": 1.569486419552208, "Q_RENTER": -0.69446972720850597, "AGE_DEP": 0.56258630851572489, "MED_AGE": 0.079056948353821058, "PCT_URBAN": -1.232293629779569, "NO_VEH": -0.58340715002263421, "Q_SERV": -0.290747452693285, "COUNTYFP": "013", "ALAND": 1743471446.0, "Ii": -0.058373267237807232, "NAME": "9402.01", "RC4": -0.56354452486277196, "HOSP_PC": -0.39945578899327572, "PRED_NURS_PC": -0.44365556265754952, "AWATER": 92440870.0, "Q_TRANS": -0.1978772484421738, "NAMELSAD": "Census Tract 9402.01", "RC8": -0.17631482969819059, "RC1": -1.2244408843716661, "STATEFP": "56", "NO_HS": -0.85988224553626369, "MTFCC": "G5020", "PRED_BRATE": 1.165761807774004, "SoVI": -1.520959692529948, "PRED_PCT_GOP": 0.46422206209798328, "Q_MINOR": 0.2419061776871288, "lag_sovi": 0.38137854708803098, "Area_miles": null, "RC3": 0.19918632108361731, "Q_GRP_QTR": -0.2703434376907437, "GEOIDFQ": "1400000US56013940201", "PRED_GDP_PC": 0.17338666357393781, "FUNCSTAT": "S", "RC10": -0.88200321407870097, "GISJOIN": "G5600130940201", "NAME_E": "Census Tract 9402.01, Fremont County, Wyoming", "COUNTY": "Fremont County", "INTPTLON": "-108.4363056", "RC2": 0.24381261006276519, "RC9": 0.76439541994304494, "AVG_HH_SZ": 0.89252039846334519, "ESL_PCT": -0.064129300159365465, "INTPTLAT": "+43.3026069", "Q_POV": -0.20444930106113221, "FEM_LBR": 0.25747800493549949, "GEOID": "56013940201", "RC7": 0.0082822772171816661, "quadrant": "Low Vulnerability & High Wildfire Risk", "RC6": -0.075931363525215387, "PRED_PHYS_PC": -0.4290321616341618, "PRED_FARM_VAL": -1.3816851314008221, "P.Ii": 0.76962022155905507, "cluster": "Not Significant", "TRACTFIPS": "56013940201", "SOVI_SCORE": 34.80424095, "SOVI_RATNG": "Relatively Low", "WFIR_RISKS": 93.618969474300002, "WFIR_RISKR": "Relatively Moderate", "WFIR_EALT": 78634.553664100007 }, "geometry": { "type": "Polygon", "coordinates": [ [ [ -108.683924, 43.53228 ], [ -108.686592, 43.528843 ], [ -108.687421, 43.52359 ], [ -108.696648, 43.52074 ], [ -108.70285, 43.51171 ], [ -108.692579, 43.502633 ], [ -108.692759, 43.49967 ], [ -108.690456, 43.494368 ], [ -108.684813, 43.487579 ], [ -108.683996, 43.483186 ], [ -108.674853, 43.471545 ], [ -108.67021, 43.466902 ], [ -108.663802, 43.458866 ], [ -108.667021, 43.457799 ], [ -108.673392, 43.449195 ], [ -108.679998, 43.44446 ], [ -108.684388, 43.437209 ], [ -108.686139, 43.429251 ], [ -108.684637, 43.42803 ], [ -108.692944, 43.420398 ], [ -108.702886, 43.416849 ], [ -108.709615, 43.412792 ], [ -108.718644, 43.400268 ], [ -108.721688, 43.374035 ], [ -108.728461, 43.361985 ], [ -108.729978, 43.347513 ], [ -108.735139, 43.339102 ], [ -108.739454, 43.326564 ], [ -108.739664, 43.324019 ], [ -108.737396, 43.304785 ], [ -108.736292, 43.30159 ], [ -108.727529, 43.284622 ], [ -108.71088, 43.269807 ], [ -108.704026, 43.260999 ], [ -108.699408, 43.259218 ], [ -108.699348, 43.256222 ], [ -108.706635, 43.251459 ], [ -108.708633, 43.251589 ], [ -108.720118, 43.244244 ], [ -108.729533, 43.241064 ], [ -108.728219, 43.23775 ], [ -108.729476, 43.234936 ], [ -108.734019, 43.235107 ], [ -108.740504, 43.238207 ], [ -108.748952, 43.234546 ], [ -108.755617, 43.234847 ], [ -108.761724, 43.237764 ], [ -108.768652, 43.238013 ], [ -108.774332, 43.235631 ], [ -108.777405, 43.236242 ], [ -108.782093, 43.239969 ], [ -108.784124, 43.23573 ], [ -108.7795, 43.223633 ], [ -108.780789, 43.219976 ], [ -108.775429, 43.218643 ], [ -108.766718, 43.21063 ], [ -108.760863, 43.208878 ], [ -108.755751, 43.205536 ], [ -108.75498, 43.200206 ], [ -108.750252, 43.192844 ], [ -108.748423, 43.192252 ], [ -108.745315, 43.190372 ], [ -108.73543, 43.181216 ], [ -108.727574, 43.171876 ], [ -108.724316, 43.169155 ], [ -108.707957, 43.159428 ], [ -108.702973, 43.157385 ], [ -108.679949, 43.152369 ], [ -108.654509, 43.144523 ], [ -108.638843, 43.142111 ], [ -108.622972, 43.138838 ], [ -108.604598, 43.132805 ], [ -108.586765, 43.124912 ], [ -108.573854, 43.116309 ], [ -108.525841, 43.088268 ], [ -108.521524, 43.086123 ], [ -108.494418, 43.075922 ], [ -108.481462, 43.069516 ], [ -108.47892, 43.066182 ], [ -108.4754, 43.056702 ], [ -108.472139, 43.052557 ], [ -108.461702, 43.048257 ], [ -108.453822, 43.045914 ], [ -108.449373, 43.043593 ], [ -108.44122, 43.037483 ], [ -108.437858, 43.033664 ], [ -108.429309, 43.042812 ], [ -108.421331, 43.046929 ], [ -108.418711, 43.051068 ], [ -108.41828, 43.061058 ], [ -108.416897, 43.064202 ], [ -108.40817, 43.065616 ], [ -108.406104, 43.068314 ], [ -108.408758, 43.071788 ], [ -108.405724, 43.074326 ], [ -108.399986, 43.07308 ], [ -108.395636, 43.078695 ], [ -108.394072, 43.083343 ], [ -108.400986, 43.086893 ], [ -108.397553, 43.090048 ], [ -108.400083, 43.092975 ], [ -108.406318, 43.093999 ], [ -108.406566, 43.096691 ], [ -108.397379, 43.097291 ], [ -108.394193, 43.093032 ], [ -108.387043, 43.093398 ], [ -108.381063, 43.099074 ], [ -108.355689, 43.099544 ], [ -108.347463, 43.105372 ], [ -108.30867, 43.129011 ], [ -108.295188, 43.138423 ], [ -108.279349, 43.150677 ], [ -108.274861, 43.154726 ], [ -108.219447, 43.213396 ], [ -108.212953, 43.218489 ], [ -108.204681, 43.220884 ], [ -108.181608, 43.218766 ], [ -108.178661, 43.218929 ], [ -108.155284, 43.225685 ], [ -108.155442, 43.250098 ], [ -108.155165, 43.254582 ], [ -108.155971, 43.329266 ], [ -108.156763, 43.375468 ], [ -108.156427, 43.389606 ], [ -108.156379, 43.459612 ], [ -108.175347, 43.459693 ], [ -108.250654, 43.459535 ], [ -108.337861, 43.459765 ], [ -108.33777, 43.474061 ], [ -108.375659, 43.473985 ], [ -108.456973, 43.474279 ], [ -108.456962, 43.503156 ], [ -108.576167, 43.503256 ], [ -108.576167, 43.532556 ], [ -108.683924, 43.53228 ] ] ] } },
{ "type": "Feature", "properties": { "PRED_SS_PC": -0.26760572150389977, "PERCAP": 0.079045856087413685, "TRACTCE": "000300", "HLTH_INS": 0.13791921529513809, "Q_FEMALE": 0.59640383576011513, "RC5": -0.50578061528804152, "HOU_DEN": 2.038304843116225, "MED_VAL": 0.17785425038108091, "POP_CHG": 0.61212680890749038, "LBR_FORCE": 0.2339414788671581, "SoVI_class": "0.5 to 1 SD", "Q_UNEMP": -0.29748225772383891, "Q_EXTRACT": -0.58158329970298328, "MED_RENT": 0.2132255690978215, "Q_MOBILE": -0.93544926752693236, "Q_RENTER": 0.97550314841555918, "AGE_DEP": -0.62040707209581991, "MED_AGE": 0.079056849690763972, "PCT_URBAN": 0.92287987496125579, "NO_VEH": 1.8061465276247159, "Q_SERV": 1.274445673774701, "COUNTYFP": "025", "ALAND": 2998585.0, "Ii": 0.18928294018479835, "NAME": "3", "RC4": 0.77936549789684051, "HOSP_PC": 1.153804487207891, "PRED_NURS_PC": 0.61192993490311531, "AWATER": 0.0, "Q_TRANS": -0.29697070619099308, "NAMELSAD": "Census Tract 3", "RC8": 0.84344478989926364, "RC1": 0.87404773062329078, "STATEFP": "56", "NO_HS": -0.12193952317217541, "MTFCC": "G5020", "PRED_BRATE": -1.063319167888092, "SoVI": 2.3853881204050671, "PRED_PCT_GOP": -0.76012000009602498, "Q_MINOR": -1.035259734802912, "lag_sovi": 0.78851940208223592, "Area_miles": null, "RC3": -0.25619893800974708, "Q_GRP_QTR": -0.1576997016968989, "GEOIDFQ": "1400000US56025000300", "PRED_GDP_PC": -0.69350092693754439, "FUNCSTAT": "S", "RC10": 1.2273905805518359, "GISJOIN": "G5600250000300", "NAME_E": "Census Tract 3, Natrona County, Wyoming", "COUNTY": "Natrona County", "INTPTLON": "-106.3096816", "RC2": -1.2813428277444121, "RC9": 0.43488325832487967, "AVG_HH_SZ": -0.44783092343702341, "ESL_PCT": -0.6632230497954229, "INTPTLAT": "+42.8452848", "Q_POV": -0.01886702177187791, "FEM_LBR": 1.285520111005612, "GEOID": "56025000300", "RC7": 0.002970972491369434, "quadrant": "High Vulnerability & Low Wildfire Risk", "RC6": -0.2666076716597866, "PRED_PHYS_PC": 0.53631583924528148, "PRED_FARM_VAL": 0.70471122445945855, "P.Ii": 0.5641631616681263, "cluster": "Not Significant", "TRACTFIPS": "56025000300", "SOVI_SCORE": 42.84309661, "SOVI_RATNG": "Relatively Moderate", "WFIR_RISKS": 0.0, "WFIR_RISKR": "No Rating", "WFIR_EALT": 0.0 }, "geometry": { "type": "Polygon", "coordinates": [ [ [ -106.297667, 42.854294 ], [ -106.308089, 42.852818 ], [ -106.31884, 42.84919 ], [ -106.32233, 42.84872 ], [ -106.32376, 42.84361 ], [ -106.32375, 42.83857 ], [ -106.29788, 42.83888 ], [ -106.297667, 42.854294 ] ] ] } },
{ "type": "Feature", "properties": { "PRED_SS_PC": -0.88007851552019001, "PERCAP": 0.078880734307638589, "TRACTCE": "001700", "HLTH_INS": 0.83019989532755945, "Q_FEMALE": 0.21120832298896389, "RC5": -0.59400243895694282, "HOU_DEN": -0.40926669694996898, "MED_VAL": 0.17884460333539809, "POP_CHG": -0.32717832920816131, "LBR_FORCE": -0.052322777755835777, "SoVI_class": "< -1 SD", "Q_UNEMP": -0.83228182217118962, "Q_EXTRACT": 0.45966990379359252, "MED_RENT": 0.21323175388499721, "Q_MOBILE": -0.59566303868023507, "Q_RENTER": -1.1252401156203671, "AGE_DEP": 0.39034271480177279, "MED_AGE": 0.079056883843360654, "PCT_URBAN": 0.82342841232265795, "NO_VEH": -0.61836132970854674, "Q_SERV": -0.38483009963944748, "COUNTYFP": "025", "ALAND": 27023513.0, "Ii": -0.081914718112358814, "NAME": "17", "RC4": -0.62894626365679307, "HOSP_PC": -0.39945578899327572, "PRED_NURS_PC": -0.34475298814862793, "AWATER": 358998.0, "Q_TRANS": -0.74289126606068057, "NAMELSAD": "Census Tract 17", "RC8": 0.43926166983508041, "RC1": 0.27393678526073789, "STATEFP": "56", "NO_HS": -0.55620520246142413, "MTFCC": "G5020", "PRED_BRATE": 1.4318980112129029, "SoVI": -3.6247250172148342, "PRED_PCT_GOP": 0.83262145138379728, "Q_MINOR": -0.68501225771980823, "lag_sovi": 0.22456746600539557, "Area_miles": null, "RC3": -0.36871274050826669, "Q_GRP_QTR": -0.35621174230522579, "GEOIDFQ": "1400000US56025001700", "PRED_GDP_PC": 0.75638706521363863, "FUNCSTAT": "S", "RC10": -1.2844548302161951, "GISJOIN": "G5600250001700", "NAME_E": "Census Tract 17, Natrona County, Wyoming", "COUNTY": "Natrona County", "INTPTLON": "-106.4394488", "RC2": -0.72773446597433866, "RC9": -1.151857590147892, "AVG_HH_SZ": 1.0042163419550429, "ESL_PCT": -0.71676894288916393, "INTPTLAT": "+42.8391061", "Q_POV": -1.0854852084838531, "FEM_LBR": -0.16779755399969709, "GEOID": "56025001700", "RC7": 1.208865345864599, "quadrant": "Low Vulnerability & High Wildfire Risk", "RC6": 0.79108048871482184, "PRED_PHYS_PC": -0.0084256214353882874, "PRED_FARM_VAL": 0.70471122445945855, "P.Ii": 0.88468640919864572, "cluster": "Not Significant", "TRACTFIPS": "56025001700", "SOVI_SCORE": 30.99982231, "SOVI_RATNG": "Relatively Low", "WFIR_RISKS": 91.635451226599997, "WFIR_RISKR": "Relatively Moderate", "WFIR_EALT": 48648.955243299999 }, "geometry": { "type": "Polygon", "coordinates": [ [ [ -106.40611, 42.86396 ], [ -106.42103, 42.872703 ], [ -106.434969, 42.879535 ], [ -106.455733, 42.887316 ], [ -106.4547, 42.88498 ], [ -106.45404, 42.84523 ], [ -106.45055, 42.84514 ], [ -106.45065, 42.83973 ], [ -106.454, 42.83257 ], [ -106.453657, 42.814452 ], [ -106.457825, 42.80941 ], [ -106.459376, 42.805683 ], [ -106.455455, 42.804564 ], [ -106.450413, 42.796244 ], [ -106.444938, 42.795091 ], [ -106.441586, 42.797672 ], [ -106.44104, 42.801762 ], [ -106.435434, 42.801589 ], [ -106.430566, 42.804573 ], [ -106.423511, 42.807065 ], [ -106.417092, 42.808123 ], [ -106.41759, 42.809877 ], [ -106.412857, 42.813189 ], [ -106.412494, 42.819513 ], [ -106.414879, 42.827162 ], [ -106.41275, 42.83311 ], [ -106.414736, 42.842721 ], [ -106.41543, 42.848115 ], [ -106.418342, 42.850802 ], [ -106.417315, 42.85616 ], [ -106.41751, 42.86315 ], [ -106.40611, 42.86396 ] ] ] } },
{ "type": "Feature", "properties": { "PRED_SS_PC": 1.880295421022441, "PERCAP": 0.078892345766816155, "TRACTCE": "000200", "HLTH_INS": -1.3858392755945641, "Q_FEMALE": -0.43811384349943699, "RC5": -0.12613449263097459, "HOU_DEN": 1.010598114580546, "MED_VAL": 0.17729422425253369, "POP_CHG": -0.8704971194437281, "LBR_FORCE": 0.31204531505338201, "SoVI_class": "> 1 SD", "Q_UNEMP": 1.161062008950754, "Q_EXTRACT": -0.14194305822665121, "MED_RENT": 0.2132242093219176, "Q_MOBILE": 0.091811424335175959, "Q_RENTER": 1.801638139890362, "AGE_DEP": -0.90057975651241118, "MED_AGE": 0.079056862972329348, "PCT_URBAN": 0.92287987496125579, "NO_VEH": 2.604182181460613, "Q_SERV": 0.58165527353477231, "COUNTYFP": "025", "ALAND": 4830304.0, "Ii": 0.50031751243386247, "NAME": "2", "RC4": 0.19162269315403421, "HOSP_PC": -0.39945578899327572, "PRED_NURS_PC": -0.54374366366861016, "AWATER": 137294.0, "Q_TRANS": -1.089718368181549, "NAMELSAD": "Census Tract 2", "RC8": 1.220848956172488, "RC1": 0.41231027633281853, "STATEFP": "56", "NO_HS": 2.154754749146425, "MTFCC": "G5020", "PRED_BRATE": -1.5199869682541001, "SoVI": 4.2313851353449738, "PRED_PCT_GOP": -0.34980399017534031, "Q_MINOR": 0.12863095470272859, "lag_sovi": 1.1749600792963326, "Area_miles": null, "RC3": -0.40388285290501291, "Q_GRP_QTR": 0.25686371856846651, "GEOIDFQ": "1400000US56025000200", "PRED_GDP_PC": -0.2307614240266834, "FUNCSTAT": "S", "RC10": 1.6363061515547661, "GISJOIN": "G5600250000200", "NAME_E": "Census Tract 2, Natrona County, Wyoming", "COUNTY": "Natrona County", "INTPTLON": "-106.3189423", "RC2": 1.651616540753287, "RC9": 1.175085666832262, "AVG_HH_SZ": -1.4251704289893761, "ESL_PCT": 0.36331773629622888, "INTPTLAT": "+42.8550500", "Q_POV": 2.0297071660848802, "FEM_LBR": -0.060200511026867493, "GEOID": "56025000200", "RC7": -0.029328408586923409, "quadrant": "High Vulnerability & Low Wildfire Risk", "RC6": 1.497059395331771, "PRED_PHYS_PC": 1.8927050509124721, "PRED_FARM_VAL": 0.70471122445945855, "P.Ii": 0.3024816975993172, "cluster": "Not Significant", "TRACTFIPS": "56025000200", "SOVI_SCORE": 86.73754664000001, "SOVI_RATNG": "Very High", "WFIR_RISKS": 78.035032642399997, "WFIR_RISKR": "Relatively Low", "WFIR_EALT": 2927.9581557900001 }, "geometry": { "type": "Polygon", "coordinates": [ [ [ -106.33359, 42.85768 ], [ -106.3375, 42.85346 ], [ -106.336786, 42.846967 ], [ -106.33703, 42.84152 ], [ -106.32797, 42.84476 ], [ -106.32376, 42.84361 ], [ -106.32233, 42.84872 ], [ -106.31884, 42.84919 ], [ -106.308089, 42.852818 ], [ -106.297667, 42.854294 ], [ -106.297633, 42.856423 ], [ -106.2974, 42.8647 ], [ -106.303643, 42.865565 ], [ -106.311865, 42.862566 ], [ -106.322632, 42.865448 ], [ -106.328653, 42.864171 ], [ -106.327218, 42.858283 ], [ -106.33359, 42.85768 ] ] ] } },
{ "type": "Feature", "properties": { "PRED_SS_PC": -0.4800316943124765, "PERCAP": 0.079100270572579151, "TRACTCE": "000901", "HLTH_INS": -0.076760596828405039, "Q_FEMALE": -0.30485326708288579, "RC5": -0.40677605277400658, "HOU_DEN": 0.6736579390378028, "MED_VAL": 0.17807156113341591, "POP_CHG": -0.1811431449322512, "LBR_FORCE": -0.43976936970378999, "SoVI_class": "-0.5 to 0.5 SD", "Q_UNEMP": -0.4433366843912982, "Q_EXTRACT": -0.96337614098506097, "MED_RENT": 0.21322719205615839, "Q_MOBILE": -0.84852720898475398, "Q_RENTER": 0.1493681569407567, "AGE_DEP": 0.89223517782123696, "MED_AGE": 0.079056821230266736, "PCT_URBAN": 0.90161242285167476, "NO_VEH": 0.69707352387097998, "Q_SERV": 1.0777274119781779, "COUNTYFP": "025", "ALAND": 5592695.0, "Ii": -0.028239089048909396, "NAME": "9.01", "RC4": 0.1924323735161706, "HOSP_PC": -0.39945578899327572, "PRED_NURS_PC": -0.0046664260465597617, "AWATER": 0.0, "Q_TRANS": 0.24804331142751379, "NAMELSAD": "Census Tract 9.01", "RC8": 0.34239684603250209, "RC1": 1.440195358734621, "STATEFP": "56", "NO_HS": 0.32485057337506412, "MTFCC": "G5020", "PRED_BRATE": -0.1576449358858574, "SoVI": 0.17991678650928891, "PRED_PCT_GOP": -0.1838522804751527, "Q_MINOR": -0.76953669606352892, "lag_sovi": -1.5596924145111886, "Area_miles": null, "RC3": -0.68835705355380683, "Q_GRP_QTR": -0.34813995968358058, "GEOIDFQ": "1400000US56025000901", "PRED_GDP_PC": -0.29660460642270658, "FUNCSTAT": "S", "RC10": -0.39670725162777298, "GISJOIN": "G5600250000901", "NAME_E": "Census Tract 9.01, Natrona County, Wyoming", "COUNTY": "Natrona County", "INTPTLON": "-106.3591988", "RC2": -0.22496293822539429, "RC9": -0.71927546499431472, "AVG_HH_SZ": 0.19442075164023651, "ESL_PCT": -0.65571790318519851, "INTPTLAT": "+42.8188206", "Q_POV": -0.08701743155395042, "FEM_LBR": -0.48042394802016852, "GEOID": "56025000901", "RC7": 0.37219613115271871, "quadrant": "High Vulnerability & High Wildfire Risk", "RC6": -0.26877483824857162, "PRED_PHYS_PC": -0.37681981119688979, "PRED_FARM_VAL": 0.70471122445945855, "P.Ii": 0.26425586677350582, "cluster": "Not Significant", "TRACTFIPS": "56025000901", "SOVI_SCORE": 9.209856068000001, "SOVI_RATNG": "Very Low", "WFIR_RISKS": 92.576076486700003, "WFIR_RISKR": "Relatively Moderate", "WFIR_EALT": 75668.074578200001 }, "geometry": { "type": "Polygon", "coordinates": [ [ [ -106.38148, 42.81687 ], [ -106.3814, 42.807464 ], [ -106.376489, 42.809163 ], [ -106.37003, 42.8061 ], [ -106.364183, 42.806164 ], [ -106.36089, 42.80784 ], [ -106.356387, 42.807605 ], [ -106.356437, 42.812184 ], [ -106.3536, 42.81235 ], [ -106.34833, 42.81702 ], [ -106.34261, 42.82002 ], [ -106.341002, 42.82482 ], [ -106.33708, 42.82485 ], [ -106.33702, 42.83512 ], [ -106.343667, 42.831437 ], [ -106.353244, 42.829204 ], [ -106.361779, 42.826115 ], [ -106.369728, 42.821081 ], [ -106.38148, 42.81687 ] ] ] } },
{ "type": "Feature", "properties": { "PRED_SS_PC": 0.1425079027473303, "PERCAP": 0.078777654147978909, "TRACTCE": "001200", "HLTH_INS": -1.6087001981407849, "Q_FEMALE": 0.42679624293789448, "RC5": 0.28532816503105579, "HOU_DEN": -0.43017372906369528, "MED_VAL": 0.17682524531666449, "POP_CHG": 0.77553052730814642, "LBR_FORCE": -0.50218767672638809, "SoVI_class": "> 1 SD", "Q_UNEMP": -0.4433366843912982, "Q_EXTRACT": -0.3617631789648173, "MED_RENT": 0.21322735288986741, "Q_MOBILE": 3.6635178298865072, "Q_RENTER": 0.19067490651449681, "AGE_DEP": -0.7893646074945424, "MED_AGE": 0.079056938866988655, "PCT_URBAN": 0.67848002907910754, "NO_VEH": 0.3792132812464335, "Q_SERV": 0.13690094251654811, "COUNTYFP": "025", "ALAND": 12932020.0, "Ii": 0.04246244328248916, "NAME": "12", "RC4": -0.27848611226159081, "HOSP_PC": -0.39945578899327572, "PRED_NURS_PC": 0.31018522226867201, "AWATER": 142630.0, "Q_TRANS": 1.2142045244785029, "NAMELSAD": "Census Tract 12", "RC8": -0.72888605630936332, "RC1": 0.49463686304711979, "STATEFP": "56", "NO_HS": 2.9603984803819472, "MTFCC": "G5020", "PRED_BRATE": -0.02849966675265982, "SoVI": 7.6226230283436571, "PRED_PCT_GOP": 0.70304408846556443, "Q_MINOR": 1.5204991942039601, "lag_sovi": 0.055355464567684309, "Area_miles": null, "RC3": 2.275432177892375, "Q_GRP_QTR": 0.47580714665970669, "GEOIDFQ": "1400000US56025001200", "PRED_GDP_PC": 2.3619246318221099, "FUNCSTAT": "S", "RC10": 0.51596332717155136, "GISJOIN": "G5600250001200", "NAME_E": "Census Tract 12, Natrona County, Wyoming", "COUNTY": "Natrona County", "INTPTLON": "-106.3624353", "RC2": 3.2831089300366569, "RC9": -0.1933191283216131, "AVG_HH_SZ": 0.3898886527507065, "ESL_PCT": 2.7467432786988839, "INTPTLAT": "+42.8556128", "Q_POV": 0.348726989220289, "FEM_LBR": 0.078163391664012288, "GEOID": "56025001200", "RC7": 0.35234797393830491, "quadrant": "High Vulnerability & Low Wildfire Risk", "RC6": -1.6164968881191599, "PRED_PHYS_PC": -1.3794843078379031, "PRED_FARM_VAL": 0.70471122445945855, "P.Ii": 0.93376432432866596, "cluster": "Not Significant", "TRACTFIPS": "56025001200", "SOVI_SCORE": 58.58970562, "SOVI_RATNG": "Relatively Moderate", "WFIR_RISKS": 90.479588075099997, "WFIR_RISKR": "Relatively Moderate", "WFIR_EALT": 30949.662501899998 }, "geometry": { "type": "Polygon", "coordinates": [ [ [ -106.40611, 42.86396 ], [ -106.41751, 42.86315 ], [ -106.417315, 42.85616 ], [ -106.418342, 42.850802 ], [ -106.41543, 42.848115 ], [ -106.414736, 42.842721 ], [ -106.40457, 42.84293 ], [ -106.395063, 42.844667 ], [ -106.389, 42.84682 ], [ -106.382744, 42.850736 ], [ -106.372635, 42.847368 ], [ -106.35778, 42.845367 ], [ -106.357002, 42.844373 ], [ -106.348782, 42.844587 ], [ -106.336786, 42.846967 ], [ -106.3375, 42.85346 ], [ -106.33359, 42.85768 ], [ -106.340725, 42.862745 ], [ -106.344194, 42.867814 ], [ -106.347926, 42.866471 ], [ -106.37555, 42.86288 ], [ -106.382131, 42.862708 ], [ -106.39511, 42.86262 ], [ -106.400488, 42.860708 ], [ -106.40611, 42.86396 ] ] ] } },
{ "type": "Feature", "properties": { "PRED_SS_PC": 0.76288243334739403, "PERCAP": 0.078849371984075656, "TRACTCE": "001000", "HLTH_INS": 0.40877712247549408, "Q_FEMALE": 0.18912137977149401, "RC5": -0.39281336717914728, "HOU_DEN": 0.59949489058970706, "MED_VAL": 0.1780741379407558, "POP_CHG": 0.41061931083579678, "LBR_FORCE": -0.24583969721574389, "SoVI_class": "-0.5 to 0.5 SD", "Q_UNEMP": 0.72349872894837597, "Q_EXTRACT": -0.37333265900366808, "MED_RENT": 0.21322757951918481, "Q_MOBILE": -0.074130687427164596, "Q_RENTER": -1.001319866899147, "AGE_DEP": 0.2621693597537828, "MED_AGE": 0.07905688574072714, "PCT_URBAN": 0.90717672569419039, "NO_VEH": -0.95063171790120937, "Q_SERV": -0.01705247975899234, "COUNTYFP": "025", "ALAND": 5089781.0, "Ii": 0.075233858270058407, "NAME": "10", "RC4": -0.37256408257195373, "HOSP_PC": -0.39945578899327572, "PRED_NURS_PC": -0.1189884536138022, "AWATER": 354436.0, "Q_TRANS": -0.76766463049788547, "NAMELSAD": "Census Tract 10", "RC8": -0.2086986851225042, "RC1": 0.40680965790892321, "STATEFP": "56", "NO_HS": 0.25156910884517197, "MTFCC": "G5020", "PRED_BRATE": 0.79541377272382385, "SoVI": -0.48064330738843508, "PRED_PCT_GOP": 0.48169164272472492, "Q_MINOR": -0.12860096283231021, "lag_sovi": -1.5554297375946304, "Area_miles": null, "RC3": 0.31684351624174639, "Q_GRP_QTR": 0.218210688249004, "GEOIDFQ": "1400000US56025001000", "PRED_GDP_PC": 0.65304449403943965, "FUNCSTAT": "S", "RC10": -0.93776764157247383, "GISJOIN": "G5600250001000", "NAME_E": "Census Tract 10, Natrona County, Wyoming", "COUNTY": "Natrona County", "INTPTLON": "-106.3970698", "RC2": -0.2298883271667029, "RC9": 0.48034553933043761, "AVG_HH_SZ": 0.75290046909872277, "ESL_PCT": 0.45407904606573363, "INTPTLAT": "+42.8219715", "Q_POV": -0.036147471898162878, "FEM_LBR": -0.090217725429471957, "GEOID": "56025001000", "RC7": 0.84788801190768537, "quadrant": "Low Vulnerability & Low Wildfire Risk", "RC6": 0.39079792916444572, "PRED_PHYS_PC": 0.17818592209076201, "PRED_FARM_VAL": 0.70471122445945855, "P.Ii": 0.26425075315700436, "cluster": "Not Significant", "TRACTFIPS": "56025001000", "SOVI_SCORE": 72.18089202, "SOVI_RATNG": "Relatively High", "WFIR_RISKS": 90.122840188799998, "WFIR_RISKR": "Relatively Moderate", "WFIR_EALT": 25725.197916699999 }, "geometry": { "type": "Polygon", "coordinates": [ [ [ -106.414879, 42.827162 ], [ -106.412494, 42.819513 ], [ -106.412857, 42.813189 ], [ -106.41759, 42.809877 ], [ -106.417092, 42.808123 ], [ -106.405967, 42.809661 ], [ -106.391121, 42.81348 ], [ -106.38148, 42.81687 ], [ -106.369728, 42.821081 ], [ -106.366053, 42.829199 ], [ -106.368829, 42.838197 ], [ -106.376938, 42.840811 ], [ -106.38015, 42.838242 ], [ -106.378369, 42.834687 ], [ -106.36758, 42.831498 ], [ -106.368043, 42.826264 ], [ -106.376353, 42.821255 ], [ -106.381209, 42.820746 ], [ -106.388907, 42.821708 ], [ -106.40221, 42.832692 ], [ -106.404957, 42.831996 ], [ -106.407785, 42.828264 ], [ -106.414879, 42.827162 ] ] ] } },
{ "type": "Feature", "properties": { "PRED_SS_PC": 0.19851885516774481, "PERCAP": 0.078821026363142185, "TRACTCE": "001401", "HLTH_INS": 0.60630601612745383, "Q_FEMALE": -0.56888997160796961, "RC5": -0.36916193865511981, "HOU_DEN": -0.64666886270455815, "MED_VAL": 0.1784400445830274, "POP_CHG": -0.58391124429029362, "LBR_FORCE": 0.38407251809417559, "SoVI_class": "-1 to -0.5 SD", "Q_UNEMP": 0.33455359116848471, "Q_EXTRACT": 0.67949002453175855, "MED_RENT": 0.21322528398351909, "Q_MOBILE": 0.81879591396066798, "Q_RENTER": -1.131141079845188, "AGE_DEP": 0.01348251173044028, "MED_AGE": 0.079056984403784239, "PCT_URBAN": -1.3265962575458641, "NO_VEH": -0.073905109220180176, "Q_SERV": -0.65852507257373893, "COUNTYFP": "025", "ALAND": 2891837425.0, "Ii": -0.13296851240551877, "NAME": "14.01", "RC4": -0.62242832255081437, "HOSP_PC": -0.39945578899327572, "PRED_NURS_PC": -0.75561059002892184, "AWATER": 7976458.0, "Q_TRANS": 0.96647088010645477, "NAMELSAD": "Census Tract 14.01", "RC8": 0.70597987736064749, "RC1": -1.048265903491316, "STATEFP": "56", "NO_HS": 0.38732543747983278, "MTFCC": "G5020", "PRED_BRATE": 1.406773604120934, "SoVI": -2.1373042031461109, "PRED_PCT_GOP": 0.34009997184025009, "Q_MINOR": -0.35712597685171849, "lag_sovi": 0.61821912042181137, "Area_miles": null, "RC3": -0.81633316764616048, "Q_GRP_QTR": -0.34924648513274947, "GEOIDFQ": "1400000US56025001401", "PRED_GDP_PC": -0.53321204067108929, "FUNCSTAT": "S", "RC10": -0.63183641785192934, "GISJOIN": "G5600250001401", "NAME_E": "Census Tract 14.01, Natrona County, Wyoming", "COUNTY": "Natrona County", "INTPTLON": "-106.3349847", "RC2": 0.34739999063145238, "RC9": -0.18962946650716489, "AVG_HH_SZ": 0.61328053973410146, "ESL_PCT": -0.37044868826430472, "INTPTLAT": "+43.2083803", "Q_POV": -0.79417828065315643, "FEM_LBR": -0.55223373735200698, "GEOID": "56025001401", "RC7": -0.1263890855295477, "quadrant": "Low Vulnerability & High Wildfire Risk", "RC6": -0.61336023109384163, "PRED_PHYS_PC": -1.3010671245709551, "PRED_FARM_VAL": -1.6894650470772361, "P.Ii": 0.60541646802705062, "cluster": "Not Significant", "TRACTFIPS": "56025001401", "SOVI_SCORE": 68.19522597, "SOVI_RATNG": "Relatively High", "WFIR_RISKS": 97.830972851499993, "WFIR_RISKR": "Relatively High", "WFIR_EALT": 357487.97786599997 }, "geometry": { "type": "Polygon", "coordinates": [ [ [ -106.694359, 43.491956 ], [ -106.69862, 43.48139 ], [ -106.6973, 43.46988 ], [ -106.68848, 43.46309 ], [ -106.6855, 43.45645 ], [ -106.68498, 43.44692 ], [ -106.6859, 43.43671 ], [ -106.68368, 43.43156 ], [ -106.68499, 43.41841 ], [ -106.68331, 43.41471 ], [ -106.68456, 43.41024 ], [ -106.68302, 43.40639 ], [ -106.68954, 43.39927 ], [ -106.69312, 43.39237 ], [ -106.70037, 43.38223 ], [ -106.70098, 43.3795 ], [ -106.71473, 43.36009 ], [ -106.71397, 43.35582 ], [ -106.71, 43.35109 ], [ -106.70089, 43.34361 ], [ -106.69767, 43.33903 ], [ -106.68696, 43.33122 ], [ -106.68354, 43.32783 ], [ -106.67871, 43.3262 ], [ -106.67796, 43.32091 ], [ -106.67397, 43.30991 ], [ -106.67334, 43.30165 ], [ -106.67158, 43.29643 ], [ -106.66834, 43.29165 ], [ -106.66343, 43.27997 ], [ -106.65986, 43.26835 ], [ -106.64912, 43.26445 ], [ -106.64382, 43.2544 ], [ -106.63679, 43.24893 ], [ -106.62545, 43.24409 ], [ -106.61969, 43.23595 ], [ -106.6169, 43.23335 ], [ -106.6097, 43.22967 ], [ -106.60444, 43.22341 ], [ -106.59991, 43.21471 ], [ -106.59845, 43.20714 ], [ -106.5933, 43.19948 ], [ -106.59295, 43.19625 ], [ -106.59685, 43.18643 ], [ -106.60044, 43.17958 ], [ -106.60058, 43.17358 ], [ -106.59657, 43.16805 ], [ -106.5948, 43.15979 ], [ -106.58958, 43.15431 ], [ -106.58364, 43.15113 ], [ -106.57894, 43.14735 ], [ -106.57803, 43.14401 ], [ -106.58077, 43.13411 ], [ -106.58039, 43.11231 ], [ -106.58105, 43.09931 ], [ -106.57827, 43.08922 ], [ -106.5784, 43.08075 ], [ -106.55309, 43.08058 ], [ -106.55199, 43.08007 ], [ -106.53323, 43.06376 ], [ -106.52664, 43.05916 ], [ -106.51794, 43.0443 ], [ -106.5138, 43.03513 ], [ -106.51415, 43.03193 ], [ -106.510629, 43.025934 ], [ -106.506282, 43.024274 ], [ -106.497099, 43.023475 ], [ -106.497351, 43.019748 ], [ -106.491068, 43.017204 ], [ -106.492489, 43.013339 ], [ -106.488218, 43.01283 ], [ -106.484676, 43.005614 ], [ -106.479274, 43.003748 ], [ -106.474727, 43.000436 ], [ -106.476592, 42.995176 ], [ -106.471635, 42.993237 ], [ -106.472492, 42.988027 ], [ -106.466142, 42.987857 ], [ -106.463805, 42.980061 ], [ -106.460257, 42.977772 ], [ -106.456085, 42.977799 ], [ -106.449503, 42.970499 ], [ -106.451196, 42.967952 ], [ -106.443117, 42.962765 ], [ -106.438838, 42.958318 ], [ -106.444223, 42.955767 ], [ -106.443989, 42.953625 ], [ -106.436887, 42.952487 ], [ -106.433467, 42.945022 ], [ -106.433677, 42.941535 ], [ -106.437801, 42.940593 ], [ -106.430927, 42.934072 ], [ -106.436013, 42.93244 ], [ -106.431469, 42.930077 ], [ -106.430264, 42.922316 ], [ -106.433013, 42.920013 ], [ -106.42937, 42.912185 ], [ -106.42906, 42.907879 ], [ -106.421773, 42.90262 ], [ -106.427482, 42.899775 ], [ -106.423751, 42.895597 ], [ -106.426023, 42.893572 ], [ -106.4209, 42.889954 ], [ -106.420446, 42.887232 ], [ -106.415008, 42.886047 ], [ -106.411988, 42.88264 ], [ -106.406679, 42.884333 ], [ -106.405485, 42.880765 ], [ -106.402399, 42.879864 ], [ -106.398844, 42.874563 ], [ -106.400394, 42.873051 ], [ -106.396603, 42.868331 ], [ -106.392551, 42.866379 ], [ -106.389523, 42.867819 ], [ -106.385967, 42.864194 ], [ -106.382131, 42.862708 ], [ -106.37555, 42.86288 ], [ -106.347926, 42.866471 ], [ -106.344194, 42.867814 ], [ -106.340725, 42.862745 ], [ -106.33359, 42.85768 ], [ -106.327218, 42.858283 ], [ -106.328653, 42.864171 ], [ -106.322632, 42.865448 ], [ -106.311865, 42.862566 ], [ -106.303643, 42.865565 ], [ -106.2974, 42.8647 ], [ -106.289237, 42.863819 ], [ -106.287054, 42.869277 ], [ -106.284631, 42.871064 ], [ -106.274013, 42.873295 ], [ -106.264505, 42.869892 ], [ -106.258731, 42.863621 ], [ -106.252805, 42.862956 ], [ -106.248395, 42.86389 ], [ -106.243522, 42.868154 ], [ -106.236806, 42.868146 ], [ -106.233632, 42.867152 ], [ -106.221671, 42.866805 ], [ -106.214897, 42.860399 ], [ -106.209326, 42.857341 ], [ -106.201561, 42.854858 ], [ -106.194952, 42.851063 ], [ -106.191091, 42.846518 ], [ -106.186891, 42.847068 ], [ -106.185237, 42.85517 ], [ -106.177536, 42.858967 ], [ -106.168171, 42.859919 ], [ -106.159709, 42.864336 ], [ -106.15409, 42.864069 ], [ -106.145078, 42.867929 ], [ -106.139852, 42.865798 ], [ -106.136843, 42.860232 ], [ -106.119217, 42.858728 ], [ -106.109476, 42.860209 ], [ -106.106735, 42.858065 ], [ -106.098686, 42.860081 ], [ -106.094559, 42.864118 ], [ -106.089189, 42.863743 ], [ -106.084526, 42.866691 ], [ -106.072904, 42.869747 ], [ -106.073963, 42.993991 ], [ -106.075667, 43.126866 ], [ -106.073768, 43.126667 ], [ -106.073167, 43.250018 ], [ -106.073669, 43.300231 ], [ -106.073466, 43.358086 ], [ -106.073569, 43.400419 ], [ -106.074064, 43.458368 ], [ -106.073869, 43.47257 ], [ -106.078236, 43.472499 ], [ -106.078068, 43.494471 ], [ -106.148073, 43.493771 ], [ -106.188075, 43.493971 ], [ -106.227277, 43.493272 ], [ -106.375585, 43.492972 ], [ -106.404087, 43.492771 ], [ -106.463935, 43.492673 ], [ -106.500593, 43.492322 ], [ -106.517093, 43.491771 ], [ -106.575196, 43.49207 ], [ -106.594897, 43.49147 ], [ -106.674702, 43.491969 ], [ -106.694359, 43.491956 ] ] ] } },
{ "type": "Feature", "properties": { "PRED_SS_PC": -0.24300285185124321, "PERCAP": 0.078927521657854077, "TRACTCE": "000902", "HLTH_INS": 0.44530084086655047, "Q_FEMALE": -0.36541804816713142, "RC5": 0.1212392780274161, "HOU_DEN": 0.73795914140404406, "MED_VAL": 0.17877159379409979, "POP_CHG": 0.38532195243327599, "LBR_FORCE": -0.39140032330221608, "SoVI_class": "-0.5 to 0.5 SD", "Q_UNEMP": -0.34610039994632541, "Q_EXTRACT": -0.0031092977604412131, "MED_RENT": 0.21322466989117539, "Q_MOBILE": -0.9196452568829, "Q_RENTER": 0.0077450155450761483, "AGE_DEP": 0.67201400522874388, "MED_AGE": 0.079056925585423279, "PCT_URBAN": 0.92287987496125579, "NO_VEH": 0.89310644292014707, "Q_SERV": 0.068477199282974036, "COUNTYFP": "025", "ALAND": 3793226.0, "Ii": 0.15792830343217412, "NAME": "9.02", "RC4": 0.28123879779680322, "HOSP_PC": -0.39945578899327572, "PRED_NURS_PC": -0.023873212139243899, "AWATER": 0.0, "Q_TRANS": -0.94107818155831957, "NAMELSAD": "Census Tract 9.02", "RC8": 0.60153041873224811, "RC1": 0.6059037601779339, "STATEFP": "56", "NO_HS": 0.21049715472356589, "MTFCC": "G5020", "PRED_BRATE": 0.19927665419149221, "SoVI": -0.99998785598920115, "PRED_PCT_GOP": 0.15038788563288949, "Q_MINOR": -0.43039793973101309, "lag_sovi": -1.5693694950447901, "Area_miles": null, "RC3": -0.98269672045637702, "Q_GRP_QTR": 1.2321132830690029, "GEOIDFQ": "1400000US56025000902", "PRED_GDP_PC": -0.94646442622370042, "FUNCSTAT": "S", "RC10": -0.41974554521000801, "GISJOIN": "G5600250000902", "NAME_E": "Census Tract 9.02, Natrona County, Wyoming", "COUNTY": "Natrona County", "INTPTLON": "-106.3387326", "RC2": -0.64961043659396278, "RC9": -0.50364445889496157, "AVG_HH_SZ": -0.05689512121608345, "ESL_PCT": -0.71676894288916393, "INTPTLAT": "+42.8163331", "Q_POV": -0.26652850075385659, "FEM_LBR": -0.50400796606710141, "GEOID": "56025000902", "RC7": 0.70437553685960752, "quadrant": "Low Vulnerability & High Wildfire Risk", "RC6": 0.75857848642790071, "PRED_PHYS_PC": 0.86424488424509049, "PRED_FARM_VAL": 0.70471122445945855, "P.Ii": 0.3141559928193548, "cluster": "Not Significant", "TRACTFIPS": "56025000902", "SOVI_SCORE": 30.70722028, "SOVI_RATNG": "Relatively Low", "WFIR_RISKS": 94.409760622199997, "WFIR_RISKR": "Relatively Moderate", "WFIR_EALT": 104053.331578 }, "geometry": { "type": "Polygon", "coordinates": [ [ [ -106.33708, 42.82485 ], [ -106.341002, 42.82482 ], [ -106.34261, 42.82002 ], [ -106.34833, 42.81702 ], [ -106.3536, 42.81235 ], [ -106.356437, 42.812184 ], [ -106.356387, 42.807605 ], [ -106.349391, 42.805816 ], [ -106.33022, 42.80619 ], [ -106.331432, 42.813858 ], [ -106.32852, 42.82458 ], [ -106.322075, 42.831783 ], [ -106.322844, 42.834352 ], [ -106.32795, 42.83381 ], [ -106.3342, 42.82575 ], [ -106.33708, 42.82485 ] ] ] } },
{ "type": "Feature", "properties": { "PRED_SS_PC": -0.398201803031347, "PERCAP": 0.078933327387442867, "TRACTCE": "965100", "HLTH_INS": 0.31114645949923392, "Q_FEMALE": 0.25343872464750539, "RC5": 0.48018144087965853, "HOU_DEN": -0.64502061470486316, "MED_VAL": 0.17975851100529711, "POP_CHG": 0.39913815577653339, "LBR_FORCE": 0.14174708269828451, "SoVI_class": "-1 to -0.5 SD", "Q_UNEMP": -0.73504553772621684, "Q_EXTRACT": -0.30391577877056308, "MED_RENT": 0.2132265998956841, "Q_MOBILE": -0.37440688966378088, "Q_RENTER": -1.083933366046627, "AGE_DEP": 0.4583078947352206, "MED_AGE": 0.07905697301958535, "PCT_URBAN": -1.2505085349988549, "NO_VEH": -1.1209764186047111, "Q_SERV": 0.15400687832494159, "COUNTYFP": "029", "ALAND": 1729036610.0, "Ii": 0.3620278638919367, "NAME": "9651", "RC4": -0.51623175624969231, "HOSP_PC": -0.39945578899327572, "PRED_NURS_PC": -0.56222441138921353, "AWATER": 3241555.0, "Q_TRANS": 0.59487041354838188, "NAMELSAD": "Census Tract 9651", "RC8": -0.82991913082839985, "RC1": -0.53689508779769013, "STATEFP": "56", "NO_HS": -0.4437145907145465, "MTFCC": "G5020", "PRED_BRATE": 0.8745768912689863, "SoVI": -2.3560752476201001, "PRED_PCT_GOP": -0.19595300962964191, "Q_MINOR": 0.26324226596709471, "lag_sovi": -1.5269077651421299, "Area_miles": null, "RC3": -0.067762673366360479, "Q_GRP_QTR": 0.47418354988074091, "GEOIDFQ": "1400000US56029965100", "PRED_GDP_PC": -0.4162590675090912, "FUNCSTAT": "S", "RC10": -0.67930591976787946, "GISJOIN": "G5600290965100", "NAME_E": "Census Tract 9651, Park County, Wyoming", "COUNTY": "Park County", "INTPTLON": "-108.7873203", "RC2": -0.67350276254381047, "RC9": -0.02756504809085622, "AVG_HH_SZ": 0.50158459624240403, "ESL_PCT": -0.63700485349434333, "INTPTLAT": "+44.7478750", "Q_POV": 0.087096445958520591, "FEM_LBR": 0.44209363362179038, "GEOID": "56029965100", "RC7": -0.25663160948592051, "quadrant": "Low Vulnerability & Low Wildfire Risk", "RC6": -0.75155729963085149, "PRED_PHYS_PC": -0.89157224730407658, "PRED_FARM_VAL": -1.3503647714745151, "P.Ii": 0.26857588752904604, "cluster": "Not Significant", "TRACTFIPS": "56029965100", "SOVI_SCORE": 60.77652076, "SOVI_RATNG": "Relatively High", "WFIR_RISKS": 87.328315079700005, "WFIR_RISKR": "Relatively Low", "WFIR_EALT": 16295.6067356 }, "geometry": { "type": "Polygon", "coordinates": [ [ [ -109.057754, 44.99954 ], [ -109.056395, 44.994465 ], [ -109.062718, 44.985704 ], [ -109.0598, 44.983446 ], [ -109.061632, 44.980077 ], [ -109.059394, 44.977729 ], [ -109.058282, 44.971863 ], [ -109.058573, 44.966423 ], [ -109.054847, 44.965703 ], [ -109.051415, 44.960605 ], [ -109.045613, 44.956637 ], [ -109.048181, 44.952873 ], [ -109.040947, 44.952346 ], [ -109.036222, 44.948085 ], [ -109.031705, 44.947584 ], [ -109.026485, 44.941678 ], [ -109.022138, 44.939044 ], [ -109.020588, 44.93579 ], [ -109.023686, 44.934024 ], [ -109.01959, 44.927555 ], [ -109.021832, 44.924045 ], [ -109.009209, 44.924926 ], [ -109.000683, 44.917495 ], [ -108.997628, 44.91696 ], [ -108.987245, 44.909003 ], [ -108.986371, 44.90654 ], [ -108.981749, 44.904466 ], [ -108.979353, 44.900843 ], [ -108.980498, 44.895048 ], [ -108.978396, 44.891362 ], [ -108.974277, 44.889697 ], [ -108.976365, 44.887304 ], [ -108.972979, 44.883517 ], [ -108.976158, 44.87891 ], [ -108.970122, 44.877188 ], [ -108.972451, 44.86762 ], [ -108.963723, 44.859667 ], [ -108.964679, 44.855885 ], [ -108.962145, 44.848685 ], [ -108.959758, 44.845363 ], [ -108.959035, 44.839249 ], [ -108.96134, 44.837795 ], [ -108.961603, 44.833405 ], [ -108.965029, 44.830244 ], [ -108.971026, 44.827803 ], [ -108.975004, 44.823186 ], [ -108.9663, 44.80836 ], [ -108.95922, 44.79821 ], [ -108.95599, 44.79604 ], [ -108.93733, 44.78958 ], [ -108.93442, 44.78417 ], [ -108.934459, 44.779285 ], [ -108.93833, 44.779537 ], [ -108.939694, 44.773369 ], [ -108.945207, 44.774516 ], [ -108.950372, 44.777385 ], [ -108.95668, 44.775673 ], [ -108.962153, 44.767338 ], [ -108.965063, 44.766524 ], [ -108.961565, 44.761649 ], [ -108.968395, 44.761467 ], [ -108.982293, 44.75958 ], [ -108.986637, 44.757261 ], [ -108.9917, 44.75818 ], [ -108.997084, 44.756967 ], [ -109.003027, 44.758695 ], [ -109.008953, 44.758357 ], [ -109.015349, 44.75663 ], [ -109.022206, 44.750439 ], [ -109.030124, 44.749248 ], [ -109.035719, 44.746714 ], [ -109.02618, 44.73753 ], [ -109.024891, 44.730256 ], [ -109.021477, 44.725256 ], [ -109.027445, 44.722394 ], [ -109.028546, 44.719871 ], [ -109.035113, 44.717226 ], [ -109.038077, 44.71324 ], [ -109.037174, 44.705859 ], [ -109.03285, 44.700186 ], [ -109.033039, 44.696356 ], [ -109.029016, 44.694878 ], [ -109.025424, 44.687925 ], [ -109.024653, 44.683267 ], [ -109.027671, 44.678308 ], [ -109.020913, 44.676415 ], [ -109.013691, 44.668978 ], [ -109.003403, 44.666352 ], [ -108.994759, 44.666514 ], [ -108.984116, 44.667817 ], [ -108.975794, 44.665624 ], [ -108.969104, 44.661983 ], [ -108.963675, 44.660627 ], [ -108.95489, 44.661679 ], [ -108.950654, 44.6574 ], [ -108.936576, 44.657532 ], [ -108.933269, 44.654112 ], [ -108.932928, 44.649403 ], [ -108.938256, 44.645593 ], [ -108.936845, 44.642332 ], [ -108.94003, 44.639367 ], [ -108.941729, 44.631084 ], [ -108.944278, 44.627324 ], [ -108.943496, 44.624628 ], [ -108.947768, 44.621429 ], [ -108.948117, 44.616412 ], [ -108.94541, 44.609625 ], [ -108.941009, 44.607513 ], [ -108.940487, 44.604139 ], [ -108.947867, 44.600139 ], [ -108.946304, 44.589902 ], [ -108.956121, 44.588911 ], [ -108.958045, 44.585417 ], [ -108.955384, 44.583294 ], [ -108.957314, 44.5803 ], [ -108.953879, 44.577536 ], [ -108.954754, 44.572883 ], [ -108.952183, 44.564281 ], [ -108.947662, 44.558894 ], [ -108.934249, 44.554116 ], [ -108.923592, 44.553829 ], [ -108.911345, 44.556378 ], [ -108.897826, 44.564518 ], [ -108.896082, 44.559473 ], [ -108.903898, 44.556048 ], [ -108.902797, 44.554462 ], [ -108.899406, 44.542024 ], [ -108.89736, 44.53835 ], [ -108.88992, 44.53106 ], [ -108.89651, 44.5228 ], [ -108.90104, 44.52183 ], [ -108.909369, 44.522111 ], [ -108.91605, 44.51795 ], [ -108.92153, 44.51586 ], [ -108.92695, 44.51065 ], [ -108.92828, 44.50474 ], [ -108.91101, 44.50122 ], [ -108.87416, 44.49078 ], [ -108.84745, 44.48566 ], [ -108.84047, 44.48397 ], [ -108.82912, 44.47937 ], [ -108.81971, 44.47803 ], [ -108.80435, 44.47974 ], [ -108.7982, 44.47981 ], [ -108.71485, 44.47697 ], [ -108.67934, 44.4731 ], [ -108.640264, 44.463389 ], [ -108.636392, 44.458491 ], [ -108.633178, 44.45669 ], [ -108.61448, 44.45858 ], [ -108.573435, 44.461641 ], [ -108.57342, 44.520811 ], [ -108.592494, 44.52093 ], [ -108.592621, 44.614988 ], [ -108.592332, 44.647731 ], [ -108.59264, 44.67408 ], [ -108.592211, 44.701271 ], [ -108.592539, 44.753539 ], [ -108.592411, 44.765882 ], [ -108.592512, 44.85052 ], [ -108.592296, 44.871444 ], [ -108.620462, 44.871481 ], [ -108.620876, 44.903851 ], [ -108.620627, 44.921171 ], [ -108.621573, 44.944197 ], [ -108.621482, 44.975006 ], [ -108.622147, 44.983118 ], [ -108.621315, 45.000361 ], [ -108.728535, 45.000149 ], [ -108.900993, 44.999889 ], [ -108.961595, 44.999493 ], [ -108.965037, 44.999703 ], [ -109.057754, 44.99954 ] ], [ [ -108.7801, 44.739329 ], [ -108.78004, 44.76814 ], [ -108.73954, 44.76812 ], [ -108.7396, 44.73919 ], [ -108.7801, 44.739329 ] ] ] } },
{ "type": "Feature", "properties": { "PRED_SS_PC": 0.15184880561861341, "PERCAP": 0.078968161764975564, "TRACTCE": "965500", "HLTH_INS": 0.34579498508935852, "Q_FEMALE": 0.34826171069892592, "RC5": -0.1145164166786312, "HOU_DEN": -0.15572375650898801, "MED_VAL": 0.17936082373916629, "POP_CHG": 0.31513274361234977, "LBR_FORCE": -1.0204174737305141, "SoVI_class": "-0.5 to 0.5 SD", "Q_UNEMP": 0.28593544894599821, "Q_EXTRACT": -0.84768134059655265, "MED_RENT": 0.21322709701805759, "Q_MOBILE": -0.84062520366273785, "Q_RENTER": -0.2223925892229045, "AGE_DEP": 1.111315452029497, "MED_AGE": 0.079056990095883684, "PCT_URBAN": 0.82500642143118252, "NO_VEH": -0.76213806452290156, "Q_SERV": 0.10268907089976111, "COUNTYFP": "029", "ALAND": 14073271.0, "Ii": 0.11740381463343336, "NAME": "9655", "RC4": 1.5423374287293019, "HOSP_PC": 1.092356047285, "PRED_NURS_PC": 1.6531427062351589, "AWATER": 917724.0, "Q_TRANS": -1.436545470302417, "NAMELSAD": "Census Tract 9655", "RC8": -1.0824402639176809, "RC1": 0.76031736367688396, "STATEFP": "56", "NO_HS": -1.127208768107631, "MTFCC": "G5020", "PRED_BRATE": -0.49502640064066128, "SoVI": -0.58441798506198517, "PRED_PCT_GOP": 0.55003695348448456, "Q_MINOR": 0.12840812566719981, "lag_sovi": -1.9962668645127608, "Area_miles": null, "RC3": 0.25785245642188909, "Q_GRP_QTR": 0.01588027040160335, "GEOIDFQ": "1400000US56029965500", "PRED_GDP_PC": 0.3032544046656856, "FUNCSTAT": "S", "RC10": -0.56580213938870638, "GISJOIN": "G5600290965500", "NAME_E": "Census Tract 9655, Park County, Wyoming", "COUNTY": "Park County", "INTPTLON": "-109.0899351", "RC2": -0.76047212905475392, "RC9": 0.01556070338050378, "AVG_HH_SZ": -0.084819107089007195, "ESL_PCT": 0.14298201664414301, "INTPTLAT": "+44.5212140", "Q_POV": -0.32565267846871382, "FEM_LBR": -0.95574257591640044, "GEOID": "56029965500", "RC7": 0.63994463124023693, "quadrant": "Low Vulnerability & Low Wildfire Risk", "RC6": 1.277199619471028, "PRED_PHYS_PC": 1.331190172043345, "PRED_FARM_VAL": 0.70471122445945855, "P.Ii": 0.20150015064003576, "cluster": "Not Significant", "TRACTFIPS": "56029965500", "SOVI_SCORE": 55.79340165, "SOVI_RATNG": "Relatively Moderate", "WFIR_RISKS": 81.697644274799998, "WFIR_RISKR": "Relatively Low", "WFIR_EALT": 6617.33807462 }, "geometry": { "type": "Polygon", "coordinates": [ [ [ -109.062695, 44.535037 ], [ -109.072076, 44.532102 ], [ -109.07797, 44.529401 ], [ -109.081672, 44.53035 ], [ -109.087035, 44.52351 ], [ -109.092094, 44.525021 ], [ -109.094443, 44.523439 ], [ -109.095693, 44.518929 ], [ -109.098576, 44.516728 ], [ -109.103218, 44.519444 ], [ -109.104173, 44.522141 ], [ -109.109475, 44.523407 ], [ -109.10972, 44.51931 ], [ -109.10364, 44.51719 ], [ -109.10215, 44.51407 ], [ -109.10232, 44.51122 ], [ -109.100579, 44.494412 ], [ -109.095124, 44.484465 ], [ -109.095774, 44.480921 ], [ -109.09181, 44.480084 ], [ -109.08079, 44.481842 ], [ -109.079545, 44.484883 ], [ -109.083793, 44.487602 ], [ -109.07824, 44.49423 ], [ -109.08029, 44.49784 ], [ -109.07955, 44.50154 ], [ -109.08142, 44.50505 ], [ -109.080496, 44.51086 ], [ -109.073482, 44.511035 ], [ -109.06634, 44.50805 ], [ -109.064805, 44.51243 ], [ -109.055931, 44.510157 ], [ -109.051914, 44.507216 ], [ -109.044715, 44.506321 ], [ -109.036366, 44.50318 ], [ -109.034408, 44.499834 ], [ -109.028377, 44.497877 ], [ -109.025219, 44.498542 ], [ -109.02609, 44.51161 ], [ -109.03867, 44.51181 ], [ -109.04956, 44.51368 ], [ -109.05404, 44.51766 ], [ -109.05421, 44.52607 ], [ -109.05636, 44.52607 ], [ -109.056577, 44.532459 ], [ -109.06022, 44.53246 ], [ -109.062695, 44.535037 ] ] ] } },
{ "type": "Feature", "properties": { "PRED_SS_PC": 0.1754830937819408, "PERCAP": 0.078825010687369773, "TRACTCE": "000301", "HLTH_INS": -0.41389320436746851, "Q_FEMALE": -0.048434481658059483, "RC5": -1.2361580145694631, "HOU_DEN": 1.3574492348123159, "MED_VAL": 0.17729594212409369, "POP_CHG": -0.57640398052129238, "LBR_FORCE": -0.34020710526782788, "SoVI_class": "> 1 SD", "Q_UNEMP": -0.054391546611406882, "Q_EXTRACT": 0.0778770625115148, "MED_RENT": 0.2132242385644102, "Q_MOBILE": -0.57195702271418636, "Q_RENTER": 0.1493681569407567, "AGE_DEP": 0.44744056565265589, "MED_AGE": 0.079056897124926043, "PCT_URBAN": 0.92287987496125579, "NO_VEH": 0.17997675424220189, "Q_SERV": -0.8210314627534756, "COUNTYFP": "043", "ALAND": 1993200.0, "Ii": -0.9740247923308788, "NAME": "3.01", "RC4": 1.945353337524431, "HOSP_PC": 2.5807603645219821, "PRED_NURS_PC": 2.091054774821949, "AWATER": 0.0, "Q_TRANS": 0.34713676917633313, "NAMELSAD": "Census Tract 3.01", "RC8": 1.0731386592933509, "RC1": 0.342994615324686, "STATEFP": "56", "NO_HS": 3.1731943776618849, "MTFCC": "G5020", "PRED_BRATE": -0.95119783322633522, "SoVI": 5.5595736610203197, "PRED_PCT_GOP": 0.93477416981980277, "Q_MINOR": 0.63450557677429265, "lag_sovi": -1.7409587663608761, "Area_miles": null, "RC3": 0.5309129533697643, "Q_GRP_QTR": -0.21491682841934201, "GEOIDFQ": "1400000US56043000301", "PRED_GDP_PC": 0.29104625149783359, "FUNCSTAT": "S", "RC10": 1.1034268841401971, "GISJOIN": "G5600430000301", "NAME_E": "Census Tract 3.01, Washakie County, Wyoming", "COUNTY": "Washakie County", "INTPTLON": "-107.9563794", "RC2": 1.2190852954004501, "RC9": 0.01575493147406078, "AVG_HH_SZ": -0.44783092343702341, "ESL_PCT": 1.030311398037375, "INTPTLAT": "+44.0143691", "Q_POV": -0.12456359026477939, "FEM_LBR": -0.075338581991780132, "GEOID": "56043000301", "RC7": 0.71651170453528679, "quadrant": "High Vulnerability & Low Wildfire Risk", "RC6": 0.15144670547244291, "PRED_PHYS_PC": -0.04699867032517744, "PRED_FARM_VAL": 0.70471122445945855, "P.Ii": 0.43956305023711761, "cluster": "Not Significant", "TRACTFIPS": "56043000301", "SOVI_SCORE": 66.77012379, "SOVI_RATNG": "Relatively High", "WFIR_RISKS": 27.2174854031, "WFIR_RISKR": "Very Low", "WFIR_EALT": 22.302458835700001 }, "geometry": { "type": "Polygon", "coordinates": [ [ [ -107.948432, 44.007879 ], [ -107.948426, 44.022386 ], [ -107.958752, 44.022466 ], [ -107.968767, 44.007958 ], [ -107.948432, 44.007879 ] ] ] } },
{ "type": "Feature", "properties": { "PRED_SS_PC": 2.2276842263550711, "PERCAP": 0.078917617766202625, "TRACTCE": "967800", "HLTH_INS": 0.54819195501837459, "Q_FEMALE": 0.54701624921360403, "RC5": -0.6417427928641809, "HOU_DEN": -0.3995569891031846, "MED_VAL": 0.1778860310049401, "POP_CHG": -0.1445163195214228, "LBR_FORCE": -0.0040437393849568357, "SoVI_class": "0.5 to 1 SD", "Q_UNEMP": 3.0085514134052378, "Q_EXTRACT": -0.80140342044114932, "MED_RENT": 0.21322504273295551, "Q_MOBILE": -0.52454499078208905, "Q_RENTER": 0.09625947891737642, "AGE_DEP": -0.077551966165765887, "MED_AGE": 0.079056864869695834, "PCT_URBAN": 0.86965153026201325, "NO_VEH": 1.544944599837955, "Q_SERV": -0.085476222992565201, "COUNTYFP": "007", "ALAND": 27997543.0, "Ii": 1.1595031497048078, "NAME": "9678", "RC4": 1.288421969170819, "HOSP_PC": 1.2972134333851111, "PRED_NURS_PC": 0.88902142922713778, "AWATER": 14446.0, "Q_TRANS": 0.59487041354838188, "NAMELSAD": "Census Tract 9678", "RC8": 0.08919256796233696, "RC1": 0.56918979302900174, "STATEFP": "56", "NO_HS": 0.8215909735019763, "MTFCC": "G5020", "PRED_BRATE": -0.1576283071875397, "SoVI": 2.9441246122546989, "PRED_PCT_GOP": 0.23057916763510861, "Q_MINOR": 0.65344609645965823, "lag_sovi": 3.9135934405550632, "Area_miles": null, "RC3": -0.57104748386389692, "Q_GRP_QTR": -0.18134061294682721, "GEOIDFQ": "1400000US56007967800", "PRED_GDP_PC": -0.47536342803226012, "FUNCSTAT": "S", "RC10": 0.1507033757784334, "GISJOIN": "G5600070967800", "NAME_E": "Census Tract 9678, Carbon County, Wyoming", "COUNTY": "Carbon County", "INTPTLON": "-107.2516059", "RC2": 0.10811822947628739, "RC9": 2.1127446689495342, "AVG_HH_SZ": -0.33613497994532587, "ESL_PCT": -0.21687234915763981, "INTPTLAT": "+41.8057577", "Q_POV": 0.45906751793004402, "FEM_LBR": -0.30404512344490658, "GEOID": "56007967800", "RC7": -0.34205472387101848, "quadrant": "High Vulnerability & Low Wildfire Risk", "RC6": -0.18059900848738319, "PRED_PHYS_PC": -0.34431768036696858, "PRED_FARM_VAL": 0.70471122445945855, "P.Ii": 0.076883394708450917, "cluster": "Not Significant", "TRACTFIPS": "56007967800", "SOVI_SCORE": 77.10359533, "SOVI_RATNG": "Relatively High", "WFIR_RISKS": 77.062300072499994, "WFIR_RISKR": "Relatively Low", "WFIR_EALT": 2690.28881963 }, "geometry": { "type": "Polygon", "coordinates": [ [ [ -107.24447, 41.84219 ], [ -107.25477, 41.84193 ], [ -107.27009, 41.83687 ], [ -107.27383, 41.83088 ], [ -107.277, 41.83101 ], [ -107.27978, 41.82609 ], [ -107.29459, 41.81507 ], [ -107.29641, 41.8097 ], [ -107.30046, 41.81012 ], [ -107.2904, 41.80183 ], [ -107.28503, 41.79519 ], [ -107.27654, 41.78862 ], [ -107.276051, 41.780356 ], [ -107.263914, 41.782352 ], [ -107.259652, 41.781989 ], [ -107.25204, 41.779387 ], [ -107.246052, 41.778384 ], [ -107.23131, 41.777924 ], [ -107.22456, 41.77839 ], [ -107.22509, 41.78041 ], [ -107.23146, 41.77865 ], [ -107.23158, 41.78623 ], [ -107.23474, 41.79399 ], [ -107.2395, 41.79291 ], [ -107.24034, 41.79877 ], [ -107.23929, 41.80077 ], [ -107.23041, 41.80667 ], [ -107.22662, 41.81313 ], [ -107.228385, 41.820642 ], [ -107.24447, 41.84219 ] ] ] } },
{ "type": "Feature", "properties": { "PRED_SS_PC": 1.1901653798554721, "PERCAP": 0.078905949388107521, "TRACTCE": "968100", "HLTH_INS": -0.077838124822447341, "Q_FEMALE": -0.87878255779236147, "RC5": -0.1692947791664505, "HOU_DEN": -0.64906643272021647, "MED_VAL": 0.1769618161056814, "POP_CHG": 0.64634281679984285, "LBR_FORCE": 0.23359607737949659, "SoVI_class": "-0.5 to 0.5 SD", "Q_UNEMP": 1.306916435618213, "Q_EXTRACT": 1.628187387717527, "MED_RENT": 0.21322836906648379, "Q_MOBILE": -0.32699485773168357, "Q_RENTER": 0.0077450155450761483, "AGE_DEP": -0.38660105409911799, "MED_AGE": 0.079057026145846851, "PCT_URBAN": -1.3265962575458641, "NO_VEH": 0.66588613705593347, "Q_SERV": -1.633563413652156, "COUNTYFP": "007", "ALAND": 6906789124.0, "Ii": -0.018434045749667647, "NAME": "9681", "RC4": -0.083428943631558061, "HOSP_PC": -0.39945578899327572, "PRED_NURS_PC": -0.53573000405667026, "AWATER": 75356601.0, "Q_TRANS": 1.0655643378552739, "NAMELSAD": "Census Tract 9681", "RC8": 1.1230834673316861, "RC1": -1.991322440808349, "STATEFP": "56", "NO_HS": -0.042021686359270248, "MTFCC": "G5020", "PRED_BRATE": 0.55421437058923428, "SoVI": 1.2917509298084571, "PRED_PCT_GOP": 1.223328845487194, "Q_MINOR": -0.48848855481161191, "lag_sovi": -0.14180836205765279, "Area_miles": null, "RC3": -0.2444536534330822, "Q_GRP_QTR": -0.35621174230522579, "GEOIDFQ": "1400000US56007968100", "PRED_GDP_PC": 0.1869388245034454, "FUNCSTAT": "S", "RC10": 0.39013133643532011, "GISJOIN": "G5600070968100", "NAME_E": "Census Tract 9681, Carbon County, Wyoming", "COUNTY": "Carbon County", "INTPTLON": "-106.4609674", "RC2": 0.013943763544687109, "RC9": 0.94467894158925525, "AVG_HH_SZ": -0.50367889518287212, "ESL_PCT": -0.38870073183644138, "INTPTLAT": "+41.9723619", "Q_POV": 0.12624037366201091, "FEM_LBR": -0.97765227487416118, "GEOID": "56007968100", "RC7": 0.47704256831757641, "quadrant": "High Vulnerability & High Wildfire Risk", "RC6": -0.83137066962937189, "PRED_PHYS_PC": -0.66113506243488096, "PRED_FARM_VAL": -1.841114607051195, "P.Ii": 0.91617257673504116, "cluster": "Not Significant", "TRACTFIPS": "56007968100", "SOVI_SCORE": 43.76651069, "SOVI_RATNG": "Relatively Moderate", "WFIR_RISKS": 93.926961816100004, "WFIR_RISKR": "Relatively Moderate", "WFIR_EALT": 80785.237068600007 }, "geometry": { "type": "Polygon", "coordinates": [ [ [ -106.912864, 42.433195 ], [ -106.91146, 42.425428 ], [ -106.914712, 42.420025 ], [ -106.900083, 42.411706 ], [ -106.895616, 42.4056 ], [ -106.889687, 42.40248 ], [ -106.888237, 42.393347 ], [ -106.891624, 42.384984 ], [ -106.896193, 42.38066 ], [ -106.904603, 42.37537 ], [ -106.90198, 42.369761 ], [ -106.902309, 42.359394 ], [ -106.904215, 42.354269 ], [ -106.910146, 42.350244 ], [ -106.918273, 42.346781 ], [ -106.927828, 42.343648 ], [ -106.933586, 42.342516 ], [ -106.932104, 42.334844 ], [ -106.927456, 42.331397 ], [ -106.931905, 42.327115 ], [ -106.935318, 42.320465 ], [ -106.932543, 42.313961 ], [ -106.932769, 42.306953 ], [ -106.930052, 42.304688 ], [ -106.929287, 42.299882 ], [ -106.924883, 42.293961 ], [ -106.924328, 42.291005 ], [ -106.919227, 42.284843 ], [ -106.910622, 42.281562 ], [ -106.905614, 42.276346 ], [ -106.903945, 42.269673 ], [ -106.904792, 42.263937 ], [ -106.907517, 42.261364 ], [ -106.904216, 42.25827 ], [ -106.900402, 42.245036 ], [ -106.896072, 42.237103 ], [ -106.888823, 42.235986 ], [ -106.878699, 42.227956 ], [ -106.8768, 42.221087 ], [ -106.877334, 42.215335 ], [ -106.879177, 42.211477 ], [ -106.87714, 42.208474 ], [ -106.870039, 42.203868 ], [ -106.867582, 42.1999 ], [ -106.8682, 42.196736 ], [ -106.871711, 42.193394 ], [ -106.86769, 42.190015 ], [ -106.867788, 42.187159 ], [ -106.874302, 42.183636 ], [ -106.876243, 42.179342 ], [ -106.883402, 42.17171 ], [ -106.894622, 42.163672 ], [ -106.903038, 42.164776 ], [ -106.908025, 42.15987 ], [ -106.908197, 42.154974 ], [ -106.902644, 42.153973 ], [ -106.891841, 42.144893 ], [ -106.885793, 42.145951 ], [ -106.880864, 42.138981 ], [ -106.881282, 42.134676 ], [ -106.884136, 42.128177 ], [ -106.883743, 42.125789 ], [ -106.875222, 42.120984 ], [ -106.864484, 42.120425 ], [ -106.853016, 42.116349 ], [ -106.847718, 42.108912 ], [ -106.85167, 42.101486 ], [ -106.850849, 42.097791 ], [ -106.865604, 42.089355 ], [ -106.870741, 42.089297 ], [ -106.875494, 42.0913 ], [ -106.877764, 42.088302 ], [ -106.878053, 42.084304 ], [ -106.871866, 42.08045 ], [ -106.868977, 42.076524 ], [ -106.861605, 42.074702 ], [ -106.851519, 42.068609 ], [ -106.851751, 42.049683 ], [ -106.853365, 42.047199 ], [ -106.849894, 42.03813 ], [ -106.849304, 42.027447 ], [ -106.855199, 42.023357 ], [ -106.85951, 42.018077 ], [ -106.858916, 42.016082 ], [ -106.852518, 42.011221 ], [ -106.841904, 42.014405 ], [ -106.837423, 42.01077 ], [ -106.838774, 42.005477 ], [ -106.837227, 41.998713 ], [ -106.837151, 41.992545 ], [ -106.843362, 41.980989 ], [ -106.846377, 41.979071 ], [ -106.854403, 41.978924 ], [ -106.858656, 41.975165 ], [ -106.846931, 41.968729 ], [ -106.840329, 41.962634 ], [ -106.836606, 41.954964 ], [ -106.842975, 41.950756 ], [ -106.841745, 41.939096 ], [ -106.8431, 41.936769 ], [ -106.850313, 41.93255 ], [ -106.858278, 41.932817 ], [ -106.866823, 41.929932 ], [ -106.871742, 41.926579 ], [ -106.878087, 41.924704 ], [ -106.881401, 41.921766 ], [ -106.889102, 41.919296 ], [ -106.898686, 41.915192 ], [ -106.908687, 41.913198 ], [ -106.912933, 41.913977 ], [ -106.919949, 41.912505 ], [ -106.937879, 41.90535 ], [ -106.944415, 41.905265 ], [ -106.953029, 41.903236 ], [ -106.959981, 41.898812 ], [ -106.962032, 41.896276 ], [ -106.972054, 41.891514 ], [ -106.974934, 41.886986 ], [ -106.978123, 41.886711 ], [ -106.982368, 41.888884 ], [ -106.994629, 41.887822 ], [ -107.0006, 41.885059 ], [ -107.005293, 41.879917 ], [ -107.011674, 41.880069 ], [ -107.016522, 41.88464 ], [ -107.018916, 41.884177 ], [ -107.020254, 41.877294 ], [ -107.029365, 41.879262 ], [ -107.035725, 41.883308 ], [ -107.044259, 41.883476 ], [ -107.051497, 41.885506 ], [ -107.058907, 41.886399 ], [ -107.0651, 41.88456 ], [ -107.064776, 41.881911 ], [ -107.053076, 41.880483 ], [ -107.051514, 41.877957 ], [ -107.053348, 41.874674 ], [ -107.060089, 41.869253 ], [ -107.058512, 41.864157 ], [ -107.04835, 41.858949 ], [ -107.046973, 41.855603 ], [ -107.048657, 41.851853 ], [ -107.046062, 41.848931 ], [ -107.048034, 41.843339 ], [ -107.040968, 41.841955 ], [ -107.038575, 41.837006 ], [ -107.031958, 41.833256 ], [ -107.031401, 41.824314 ], [ -107.025161, 41.824888 ], [ -107.023668, 41.821962 ], [ -107.014533, 41.819178 ], [ -107.009371, 41.818629 ], [ -107.002597, 41.8159 ], [ -107.001564, 41.807857 ], [ -106.997987, 41.80461 ], [ -106.989245, 41.803022 ], [ -106.979353, 41.798967 ], [ -106.977355, 41.796475 ], [ -106.966809, 41.793119 ], [ -106.965984, 41.790846 ], [ -106.959857, 41.787648 ], [ -106.953869, 41.787052 ], [ -106.950705, 41.7896 ], [ -106.947689, 41.785472 ], [ -106.948814, 41.78233 ], [ -106.943437, 41.780769 ], [ -106.945025, 41.775133 ], [ -106.940123, 41.774989 ], [ -106.939826, 41.772612 ], [ -106.943422, 41.768733 ], [ -106.940104, 41.764594 ], [ -106.940028, 41.75853 ], [ -106.945239, 41.757178 ], [ -106.948098, 41.754314 ], [ -106.948352, 41.744123 ], [ -106.946579, 41.737174 ], [ -106.942884, 41.730828 ], [ -106.9396, 41.730108 ], [ -106.934275, 41.723704 ], [ -106.936551, 41.719105 ], [ -106.935318, 41.717137 ], [ -106.93042, 41.716934 ], [ -106.920552, 41.7139 ], [ -106.914212, 41.710428 ], [ -106.905606, 41.707167 ], [ -106.893243, 41.699613 ], [ -106.890152, 41.697052 ], [ -106.890327, 41.693733 ], [ -106.883382, 41.694899 ], [ -106.881186, 41.693868 ], [ -106.873544, 41.695214 ], [ -106.866345, 41.698785 ], [ -106.859174, 41.699383 ], [ -106.853557, 41.69831 ], [ -106.851481, 41.696459 ], [ -106.838422, 41.700923 ], [ -106.834602, 41.704176 ], [ -106.82754, 41.706986 ], [ -106.825564, 41.712588 ], [ -106.82231, 41.712933 ], [ -106.816143, 41.716113 ], [ -106.812297, 41.716914 ], [ -106.807993, 41.719773 ], [ -106.805398, 41.718423 ], [ -106.800604, 41.721556 ], [ -106.796084, 41.729355 ], [ -106.79187, 41.73242 ], [ -106.786007, 41.733745 ], [ -106.781577, 41.739348 ], [ -106.772149, 41.737012 ], [ -106.770033, 41.739985 ], [ -106.763977, 41.736192 ], [ -106.759592, 41.735315 ], [ -106.749061, 41.728585 ], [ -106.748049, 41.724308 ], [ -106.742796, 41.722391 ], [ -106.740107, 41.719647 ], [ -106.739554, 41.714821 ], [ -106.733323, 41.711874 ], [ -106.732984, 41.707368 ], [ -106.730051, 41.702932 ], [ -106.729803, 41.698083 ], [ -106.726596, 41.693578 ], [ -106.727568, 41.689108 ], [ -106.723811, 41.686905 ], [ -106.723779, 41.683154 ], [ -106.720365, 41.68141 ], [ -106.723901, 41.676584 ], [ -106.722036, 41.668465 ], [ -106.72539, 41.667526 ], [ -106.722489, 41.660848 ], [ -106.723799, 41.65776 ], [ -106.722603, 41.645684 ], [ -106.727713, 41.64202 ], [ -106.73473, 41.64068 ], [ -106.738238, 41.635705 ], [ -106.736315, 41.632069 ], [ -106.739941, 41.624536 ], [ -106.740304, 41.62118 ], [ -106.744625, 41.613562 ], [ -106.74063, 41.610819 ], [ -106.734651, 41.603411 ], [ -106.729974, 41.603087 ], [ -106.727609, 41.600088 ], [ -106.719292, 41.598128 ], [ -106.712246, 41.594769 ], [ -106.705089, 41.596627 ], [ -106.697075, 41.595965 ], [ -106.695399, 41.593335 ], [ -106.691041, 41.592924 ], [ -106.684917, 41.596332 ], [ -106.68056, 41.597041 ], [ -106.667773, 41.59146 ], [ -106.663621, 41.591003 ], [ -106.659241, 41.588193 ], [ -106.652948, 41.587669 ], [ -106.647373, 41.58877 ], [ -106.637419, 41.587036 ], [ -106.635042, 41.588431 ], [ -106.62519, 41.588447 ], [ -106.620877, 41.585933 ], [ -106.614876, 41.586988 ], [ -106.610061, 41.585961 ], [ -106.60796, 41.587975 ], [ -106.600192, 41.589533 ], [ -106.598578, 41.591158 ], [ -106.59218, 41.591755 ], [ -106.58962, 41.58988 ], [ -106.581118, 41.589493 ], [ -106.57344, 41.586017 ], [ -106.572922, 41.584004 ], [ -106.563294, 41.581398 ], [ -106.5558, 41.576663 ], [ -106.550104, 41.570418 ], [ -106.545216, 41.569068 ], [ -106.540956, 41.570098 ], [ -106.532654, 41.562844 ], [ -106.533812, 41.560282 ], [ -106.531804, 41.557216 ], [ -106.53481, 41.554765 ], [ -106.533637, 41.542394 ], [ -106.529286, 41.53807 ], [ -106.52545, 41.537451 ], [ -106.520187, 41.532394 ], [ -106.510723, 41.526466 ], [ -106.502475, 41.525296 ], [ -106.488876, 41.522485 ], [ -106.470911, 41.510574 ], [ -106.467044, 41.505908 ], [ -106.461654, 41.502152 ], [ -106.45569, 41.501587 ], [ -106.44933, 41.497072 ], [ -106.440112, 41.495357 ], [ -106.437011, 41.493642 ], [ -106.429072, 41.484172 ], [ -106.429347, 41.478361 ], [ -106.431721, 41.46944 ], [ -106.427556, 41.452993 ], [ -106.424958, 41.446316 ], [ -106.420929, 41.446176 ], [ -106.413725, 41.440021 ], [ -106.413361, 41.438237 ], [ -106.402874, 41.438898 ], [ -106.398616, 41.441893 ], [ -106.392258, 41.442509 ], [ -106.38942, 41.44049 ], [ -106.3888, 41.42527 ], [ -106.38655, 41.42336 ], [ -106.38498, 41.41833 ], [ -106.38225, 41.4171 ], [ -106.374145, 41.417281 ], [ -106.370167, 41.409516 ], [ -106.36316, 41.40617 ], [ -106.35599, 41.40537 ], [ -106.34545, 41.4054 ], [ -106.34235, 41.40363 ], [ -106.34184, 41.39391 ], [ -106.34384, 41.39257 ], [ -106.34288, 41.38353 ], [ -106.341462, 41.381257 ], [ -106.331865, 41.382874 ], [ -106.322742, 41.382647 ], [ -106.322885, 41.395141 ], [ -106.250569, 41.39463 ], [ -106.208141, 41.39504 ], [ -106.208075, 41.393767 ], [ -106.125542, 41.39435 ], [ -106.102284, 41.394997 ], [ -106.068406, 41.395028 ], [ -106.068905, 41.415042 ], [ -106.070032, 41.443732 ], [ -106.071083, 41.48175 ], [ -106.07147, 41.545631 ], [ -106.071893, 41.6249 ], [ -106.072265, 41.668419 ], [ -106.073138, 41.742393 ], [ -106.073062, 41.8131 ], [ -106.073244, 41.814795 ], [ -106.073112, 41.892438 ], [ -106.073388, 41.922773 ], [ -106.072962, 41.935012 ], [ -106.073453, 41.942927 ], [ -106.073185, 41.97733 ], [ -106.073576, 41.999966 ], [ -106.074025, 42.086653 ], [ -106.074919, 42.086649 ], [ -106.074922, 42.126407 ], [ -106.07438, 42.152026 ], [ -106.07458, 42.171231 ], [ -106.074141, 42.232009 ], [ -106.073801, 42.249965 ], [ -106.073196, 42.373385 ], [ -106.072686, 42.406702 ], [ -106.073403, 42.433236 ], [ -106.075852, 42.433218 ], [ -106.119185, 42.433165 ], [ -106.181012, 42.43339 ], [ -106.240133, 42.433445 ], [ -106.322186, 42.433236 ], [ -106.38081, 42.432275 ], [ -106.420608, 42.431761 ], [ -106.483974, 42.430718 ], [ -106.500586, 42.430875 ], [ -106.553455, 42.430641 ], [ -106.624983, 42.430488 ], [ -106.654781, 42.431094 ], [ -106.823415, 42.432467 ], [ -106.843886, 42.432471 ], [ -106.857051, 42.43287 ], [ -106.912864, 42.433195 ] ] ] } },
{ "type": "Feature", "properties": { "PRED_SS_PC": -0.42372295987767328, "PERCAP": 0.078916479387851887, "TRACTCE": "967700", "HLTH_INS": -0.26047395923770278, "Q_FEMALE": -0.37003352713592491, "RC5": -0.069174564540021716, "HOU_DEN": -0.353976372559963, "MED_VAL": 0.17768675790398469, "POP_CHG": -0.17847323781440819, "LBR_FORCE": -0.43553633997497948, "SoVI_class": "0.5 to 1 SD", "Q_UNEMP": -1.1726088177285949, "Q_EXTRACT": -0.90552874079080681, "MED_RENT": 0.21322448712559691, "Q_MOBILE": 0.53432372236808423, "Q_RENTER": -0.063066555152764034, "AGE_DEP": 0.079720439106244795, "MED_AGE": 0.079056995787983128, "PCT_URBAN": 0.90289214593415523, "NO_VEH": 0.97875168106843924, "Q_SERV": -0.367724163831054, "COUNTYFP": "007", "ALAND": 25660278.0, "Ii": 1.1213934537513619, "NAME": "9677", "RC4": 0.094537291741716545, "HOSP_PC": -0.39945578899327572, "PRED_NURS_PC": 0.1107013139670625, "AWATER": 98642.0, "Q_TRANS": 0.19849658255310401, "NAMELSAD": "Census Tract 9677", "RC8": 0.086887763731152715, "RC1": 0.73963408999628666, "STATEFP": "56", "NO_HS": 1.734683718463351, "MTFCC": "G5020", "PRED_BRATE": -0.64382540362852092, "SoVI": 2.7936537160113688, "PRED_PCT_GOP": 0.63397678907018906, "Q_MINOR": 0.086847922127948826, "lag_sovi": 3.988828888676728, "Area_miles": null, "RC3": 0.38244972231695351, "Q_GRP_QTR": -0.17940661669792909, "GEOIDFQ": "1400000US56007967700", "PRED_GDP_PC": 0.58648236976838397, "FUNCSTAT": "S", "RC10": 0.59918793691419292, "GISJOIN": "G5600070967700", "NAME_E": "Census Tract 9677, Carbon County, Wyoming", "COUNTY": "Carbon County", "INTPTLON": "-107.1969965", "RC2": 1.545573103391245, "RC9": -1.317769762083665, "AVG_HH_SZ": -0.44783092343702341, "ESL_PCT": 1.3332425139862181, "INTPTLAT": "+41.8138634", "Q_POV": 0.76987144862007995, "FEM_LBR": -0.49990542167009772, "GEOID": "56007967700", "RC7": 0.79639734747051205, "quadrant": "High Vulnerability & Low Wildfire Risk", "RC6": 0.064069212927002822, "PRED_PHYS_PC": 0.087612370344928886, "PRED_FARM_VAL": 0.70471122445945855, "P.Ii": 0.071547959986730622, "cluster": "Not Significant", "TRACTFIPS": "56007967700", "SOVI_SCORE": 46.86015519, "SOVI_RATNG": "Relatively Moderate", "WFIR_RISKS": 72.966834338200002, "WFIR_RISKR": "Relatively Low", "WFIR_EALT": 1962.7538872099999 }, "geometry": { "type": "Polygon", "coordinates": [ [ [ -107.22456, 41.77839 ], [ -107.219, 41.7801 ], [ -107.20229, 41.78859 ], [ -107.19635, 41.78947 ], [ -107.179032, 41.785856 ], [ -107.177383, 41.787393 ], [ -107.176562, 41.793564 ], [ -107.174475, 41.793539 ], [ -107.172456, 41.804265 ], [ -107.167982, 41.809989 ], [ -107.17363, 41.81186 ], [ -107.18019, 41.8201 ], [ -107.19629, 41.82911 ], [ -107.199219, 41.828552 ], [ -107.202058, 41.831265 ], [ -107.220705, 41.838974 ], [ -107.245357, 41.844544 ], [ -107.24447, 41.84219 ], [ -107.228385, 41.820642 ], [ -107.22662, 41.81313 ], [ -107.23041, 41.80667 ], [ -107.23929, 41.80077 ], [ -107.24034, 41.79877 ], [ -107.2395, 41.79291 ], [ -107.23474, 41.79399 ], [ -107.23158, 41.78623 ], [ -107.23146, 41.77865 ], [ -107.22509, 41.78041 ], [ -107.22456, 41.77839 ] ] ] } },
{ "type": "Feature", "properties": { "PRED_SS_PC": -0.66086624887783785, "PERCAP": 0.078839695768094339, "TRACTCE": "967600", "HLTH_INS": -1.7031960976906331, "Q_FEMALE": -3.1289620955476818, "RC5": 1.127776448099586, "HOU_DEN": -0.64927867334245848, "MED_VAL": 0.17783020017924139, "POP_CHG": 0.02388866239628817, "LBR_FORCE": -1.9210688032800749, "SoVI_class": "> 1 SD", "Q_UNEMP": -1.123990675506108, "Q_EXTRACT": 0.95715754546417842, "MED_RENT": 0.2132260589095718, "Q_MOBILE": 1.4351523290779331, "Q_RENTER": -0.50563887201426538, "AGE_DEP": -0.1232756968018721, "MED_AGE": 0.079056794667135971, "PCT_URBAN": -1.3265962575458641, "NO_VEH": -0.57908057675751412, "Q_SERV": -2.026999937245201, "COUNTYFP": "007", "ALAND": 8642965838.0, "Ii": 0.32620034083607635, "NAME": "9676", "RC4": 1.4030883831601131, "HOSP_PC": -0.39945578899327572, "PRED_NURS_PC": 1.7285511828014559, "AWATER": 81096212.0, "Q_TRANS": 1.0160176089808639, "NAMELSAD": "Census Tract 9676", "RC8": 2.4985587712148991, "RC1": -0.6297786082021779, "STATEFP": "56", "NO_HS": 1.965477537657744, "MTFCC": "G5020", "PRED_BRATE": 1.590402422403502, "SoVI": 5.0335331650987571, "PRED_PCT_GOP": 1.223328845487194, "Q_MINOR": 1.6428031029313701, "lag_sovi": 0.64397860456490519, "Area_miles": null, "RC3": 0.55980197107712881, "Q_GRP_QTR": 2.595072289147061, "GEOIDFQ": "1400000US56007967600", "PRED_GDP_PC": 0.80544440992171951, "FUNCSTAT": "S", "RC10": -2.2251886611247951, "GISJOIN": "G5600070967600", "NAME_E": "Census Tract 9676, Carbon County, Wyoming", "COUNTY": "Carbon County", "INTPTLON": "-107.3673125", "RC2": 2.288588295439288, "RC9": -1.236025536176572, "AVG_HH_SZ": 1.6464680170323029, "ESL_PCT": 1.126598514640881, "INTPTLAT": "+41.7068338", "Q_POV": -0.1545089415429316, "FEM_LBR": -2.2004785349369249, "GEOID": "56007967600", "RC7": 0.65455190494907678, "quadrant": "High Vulnerability & High Wildfire Risk", "RC6": -0.59216019666220931, "PRED_PHYS_PC": -1.6140114275132149, "PRED_FARM_VAL": -0.40015415605189092, "P.Ii": 0.53296821355313639, "cluster": "Not Significant", "TRACTFIPS": "56007967600", "SOVI_SCORE": 53.78131849, "SOVI_RATNG": "Relatively Moderate", "WFIR_RISKS": 95.581082848799994, "WFIR_RISKR": "Relatively Moderate", "WFIR_EALT": 129805.601802 }, "geometry": { "type": "Polygon", "coordinates": [ [ [ -107.522722, 42.261756 ], [ -107.522923, 42.249956 ], [ -107.522822, 42.160357 ], [ -107.522472, 42.124957 ], [ -107.522321, 42.087957 ], [ -107.503821, 42.087957 ], [ -107.50382, 42.058857 ], [ -107.504253, 41.984678 ], [ -107.504681, 41.914048 ], [ -107.504842, 41.90433 ], [ -107.505084, 41.842806 ], [ -107.505292, 41.830909 ], [ -107.50549, 41.74053 ], [ -107.510054, 41.740513 ], [ -107.50972, 41.657452 ], [ -107.625784, 41.65778 ], [ -107.749222, 41.65833 ], [ -107.77502, 41.658137 ], [ -107.81377, 41.658665 ], [ -107.875633, 41.659103 ], [ -107.889212, 41.659049 ], [ -107.929736, 41.659596 ], [ -107.929951, 41.624959 ], [ -107.929856, 41.590298 ], [ -107.929772, 41.497531 ], [ -107.92988, 41.39853 ], [ -107.917104, 41.398499 ], [ -107.916976, 41.366 ], [ -107.917072, 41.304919 ], [ -107.917198, 41.230119 ], [ -107.917629, 41.107876 ], [ -107.918421, 41.002036 ], [ -107.866639, 41.001932 ], [ -107.750627, 41.001971 ], [ -107.720366, 41.002127 ], [ -107.625649, 41.002123 ], [ -107.50062, 41.002349 ], [ -107.478709, 41.00267 ], [ -107.367541, 41.003073 ], [ -107.302937, 41.002937 ], [ -107.30596, 41.0093 ], [ -107.30679, 41.01474 ], [ -107.313439, 41.018544 ], [ -107.316031, 41.024064 ], [ -107.316433, 41.031547 ], [ -107.314064, 41.03467 ], [ -107.312572, 41.044925 ], [ -107.307336, 41.057453 ], [ -107.304296, 41.061131 ], [ -107.29168, 41.06821 ], [ -107.28774, 41.06895 ], [ -107.27737, 41.06758 ], [ -107.27173, 41.06952 ], [ -107.267605, 41.073978 ], [ -107.26154, 41.08914 ], [ -107.25926, 41.09171 ], [ -107.24671, 41.09918 ], [ -107.24266, 41.10292 ], [ -107.23519, 41.10702 ], [ -107.22687, 41.10909 ], [ -107.21976, 41.10896 ], [ -107.20495, 41.11023 ], [ -107.198379, 41.109058 ], [ -107.192786, 41.109478 ], [ -107.18617, 41.10817 ], [ -107.182741, 41.105706 ], [ -107.17848, 41.10484 ], [ -107.175279, 41.108715 ], [ -107.165604, 41.109036 ], [ -107.160183, 41.112814 ], [ -107.158203, 41.118368 ], [ -107.1611, 41.12332 ], [ -107.16531, 41.1241 ], [ -107.17272, 41.12795 ], [ -107.18579, 41.1318 ], [ -107.18875, 41.13729 ], [ -107.18821, 41.14387 ], [ -107.19159, 41.14641 ], [ -107.19723, 41.14743 ], [ -107.21137, 41.14618 ], [ -107.21782, 41.14833 ], [ -107.22276, 41.15376 ], [ -107.21424, 41.16533 ], [ -107.21474, 41.16955 ], [ -107.21802, 41.1729 ], [ -107.21572, 41.17615 ], [ -107.21757, 41.18298 ], [ -107.22516, 41.18765 ], [ -107.23277, 41.19133 ], [ -107.23618, 41.1913 ], [ -107.24045, 41.19351 ], [ -107.24328, 41.19809 ], [ -107.2474, 41.20164 ], [ -107.24849, 41.20443 ], [ -107.25348, 41.20767 ], [ -107.2529, 41.22152 ], [ -107.25377, 41.23801 ], [ -107.25236, 41.25538 ], [ -107.2524, 41.26671 ], [ -107.25448, 41.26949 ], [ -107.25745, 41.28467 ], [ -107.2597, 41.28919 ], [ -107.25935, 41.29653 ], [ -107.25617, 41.30948 ], [ -107.25332, 41.31666 ], [ -107.25404, 41.32636 ], [ -107.24183, 41.33537 ], [ -107.23494, 41.34156 ], [ -107.22721, 41.34553 ], [ -107.22621, 41.34865 ], [ -107.22823, 41.35435 ], [ -107.22414, 41.36358 ], [ -107.22337, 41.37833 ], [ -107.22236, 41.38451 ], [ -107.22621, 41.3874 ], [ -107.2267, 41.3929 ], [ -107.231401, 41.396909 ], [ -107.23486, 41.40348 ], [ -107.23837, 41.40476 ], [ -107.23652, 41.40891 ], [ -107.22538, 41.4176 ], [ -107.22339, 41.42233 ], [ -107.20752, 41.4369 ], [ -107.20504, 41.44053 ], [ -107.19465, 41.46141 ], [ -107.19503, 41.47126 ], [ -107.200629, 41.483627 ], [ -107.193471, 41.486626 ], [ -107.191549, 41.486194 ], [ -107.184309, 41.488774 ], [ -107.182453, 41.487699 ], [ -107.1771, 41.489757 ], [ -107.172355, 41.494399 ], [ -107.167968, 41.500363 ], [ -107.15951, 41.502371 ], [ -107.150683, 41.510304 ], [ -107.145418, 41.512109 ], [ -107.137229, 41.518098 ], [ -107.137807, 41.51915 ], [ -107.131775, 41.526306 ], [ -107.120963, 41.532386 ], [ -107.120146, 41.537509 ], [ -107.114456, 41.540211 ], [ -107.116686, 41.549747 ], [ -107.104545, 41.557939 ], [ -107.105278, 41.562559 ], [ -107.095382, 41.563157 ], [ -107.092643, 41.566245 ], [ -107.086674, 41.564943 ], [ -107.078757, 41.565311 ], [ -107.075834, 41.566683 ], [ -107.06883, 41.566775 ], [ -107.066729, 41.56849 ], [ -107.056221, 41.567347 ], [ -107.050404, 41.571326 ], [ -107.046811, 41.569564 ], [ -107.043285, 41.571623 ], [ -107.030809, 41.574756 ], [ -107.020908, 41.582644 ], [ -107.015727, 41.582227 ], [ -107.010057, 41.585586 ], [ -107.006189, 41.585246 ], [ -107.003916, 41.587435 ], [ -106.996042, 41.586611 ], [ -106.995828, 41.585285 ], [ -106.984608, 41.579635 ], [ -106.98087, 41.581378 ], [ -106.976611, 41.580674 ], [ -106.97184, 41.584179 ], [ -106.968402, 41.583862 ], [ -106.965058, 41.585992 ], [ -106.96975, 41.595083 ], [ -106.974055, 41.595829 ], [ -106.978085, 41.594687 ], [ -106.982995, 41.597065 ], [ -106.983586, 41.602164 ], [ -106.980221, 41.605247 ], [ -106.975097, 41.6063 ], [ -106.968632, 41.604734 ], [ -106.961996, 41.605858 ], [ -106.957032, 41.604156 ], [ -106.95417, 41.600763 ], [ -106.950181, 41.600946 ], [ -106.946772, 41.605091 ], [ -106.946331, 41.612372 ], [ -106.950737, 41.618674 ], [ -106.950447, 41.623152 ], [ -106.937599, 41.624278 ], [ -106.93128, 41.630034 ], [ -106.928896, 41.634021 ], [ -106.934639, 41.637454 ], [ -106.940389, 41.639203 ], [ -106.942065, 41.647363 ], [ -106.941281, 41.651898 ], [ -106.938409, 41.652425 ], [ -106.935305, 41.648858 ], [ -106.934627, 41.64136 ], [ -106.928498, 41.642886 ], [ -106.924762, 41.648849 ], [ -106.91375, 41.657389 ], [ -106.90177, 41.657927 ], [ -106.893562, 41.664786 ], [ -106.894456, 41.666422 ], [ -106.908095, 41.664372 ], [ -106.911763, 41.668775 ], [ -106.912592, 41.675453 ], [ -106.909033, 41.682763 ], [ -106.904597, 41.685408 ], [ -106.89894, 41.683699 ], [ -106.895782, 41.679566 ], [ -106.890917, 41.681626 ], [ -106.891981, 41.688919 ], [ -106.890327, 41.693733 ], [ -106.890152, 41.697052 ], [ -106.893243, 41.699613 ], [ -106.905606, 41.707167 ], [ -106.914212, 41.710428 ], [ -106.920552, 41.7139 ], [ -106.93042, 41.716934 ], [ -106.935318, 41.717137 ], [ -106.936551, 41.719105 ], [ -106.934275, 41.723704 ], [ -106.9396, 41.730108 ], [ -106.942884, 41.730828 ], [ -106.946579, 41.737174 ], [ -106.948352, 41.744123 ], [ -106.948098, 41.754314 ], [ -106.945239, 41.757178 ], [ -106.940028, 41.75853 ], [ -106.940104, 41.764594 ], [ -106.943422, 41.768733 ], [ -106.939826, 41.772612 ], [ -106.940123, 41.774989 ], [ -106.945025, 41.775133 ], [ -106.943437, 41.780769 ], [ -106.948814, 41.78233 ], [ -106.947689, 41.785472 ], [ -106.950705, 41.7896 ], [ -106.953869, 41.787052 ], [ -106.959857, 41.787648 ], [ -106.965984, 41.790846 ], [ -106.966809, 41.793119 ], [ -106.977355, 41.796475 ], [ -106.979353, 41.798967 ], [ -106.989245, 41.803022 ], [ -106.997987, 41.80461 ], [ -107.001564, 41.807857 ], [ -107.002597, 41.8159 ], [ -107.009371, 41.818629 ], [ -107.014533, 41.819178 ], [ -107.023668, 41.821962 ], [ -107.025161, 41.824888 ], [ -107.031401, 41.824314 ], [ -107.031958, 41.833256 ], [ -107.038575, 41.837006 ], [ -107.040968, 41.841955 ], [ -107.048034, 41.843339 ], [ -107.046062, 41.848931 ], [ -107.048657, 41.851853 ], [ -107.046973, 41.855603 ], [ -107.04835, 41.858949 ], [ -107.058512, 41.864157 ], [ -107.060089, 41.869253 ], [ -107.053348, 41.874674 ], [ -107.051514, 41.877957 ], [ -107.053076, 41.880483 ], [ -107.064776, 41.881911 ], [ -107.0651, 41.88456 ], [ -107.058907, 41.886399 ], [ -107.051497, 41.885506 ], [ -107.044259, 41.883476 ], [ -107.035725, 41.883308 ], [ -107.029365, 41.879262 ], [ -107.020254, 41.877294 ], [ -107.018916, 41.884177 ], [ -107.016522, 41.88464 ], [ -107.011674, 41.880069 ], [ -107.005293, 41.879917 ], [ -107.0006, 41.885059 ], [ -106.994629, 41.887822 ], [ -106.982368, 41.888884 ], [ -106.978123, 41.886711 ], [ -106.974934, 41.886986 ], [ -106.972054, 41.891514 ], [ -106.962032, 41.896276 ], [ -106.959981, 41.898812 ], [ -106.953029, 41.903236 ], [ -106.944415, 41.905265 ], [ -106.937879, 41.90535 ], [ -106.919949, 41.912505 ], [ -106.912933, 41.913977 ], [ -106.908687, 41.913198 ], [ -106.898686, 41.915192 ], [ -106.889102, 41.919296 ], [ -106.881401, 41.921766 ], [ -106.878087, 41.924704 ], [ -106.871742, 41.926579 ], [ -106.866823, 41.929932 ], [ -106.858278, 41.932817 ], [ -106.850313, 41.93255 ], [ -106.8431, 41.936769 ], [ -106.841745, 41.939096 ], [ -106.842975, 41.950756 ], [ -106.836606, 41.954964 ], [ -106.840329, 41.962634 ], [ -106.846931, 41.968729 ], [ -106.858656, 41.975165 ], [ -106.854403, 41.978924 ], [ -106.846377, 41.979071 ], [ -106.843362, 41.980989 ], [ -106.837151, 41.992545 ], [ -106.837227, 41.998713 ], [ -106.838774, 42.005477 ], [ -106.837423, 42.01077 ], [ -106.841904, 42.014405 ], [ -106.852518, 42.011221 ], [ -106.858916, 42.016082 ], [ -106.85951, 42.018077 ], [ -106.855199, 42.023357 ], [ -106.849304, 42.027447 ], [ -106.849894, 42.03813 ], [ -106.853365, 42.047199 ], [ -106.851751, 42.049683 ], [ -106.851519, 42.068609 ], [ -106.861605, 42.074702 ], [ -106.868977, 42.076524 ], [ -106.871866, 42.08045 ], [ -106.878053, 42.084304 ], [ -106.877764, 42.088302 ], [ -106.875494, 42.0913 ], [ -106.870741, 42.089297 ], [ -106.865604, 42.089355 ], [ -106.850849, 42.097791 ], [ -106.85167, 42.101486 ], [ -106.847718, 42.108912 ], [ -106.853016, 42.116349 ], [ -106.864484, 42.120425 ], [ -106.875222, 42.120984 ], [ -106.883743, 42.125789 ], [ -106.884136, 42.128177 ], [ -106.881282, 42.134676 ], [ -106.880864, 42.138981 ], [ -106.885793, 42.145951 ], [ -106.891841, 42.144893 ], [ -106.902644, 42.153973 ], [ -106.908197, 42.154974 ], [ -106.908025, 42.15987 ], [ -106.903038, 42.164776 ], [ -106.894622, 42.163672 ], [ -106.883402, 42.17171 ], [ -106.876243, 42.179342 ], [ -106.874302, 42.183636 ], [ -106.867788, 42.187159 ], [ -106.86769, 42.190015 ], [ -106.871711, 42.193394 ], [ -106.8682, 42.196736 ], [ -106.867582, 42.1999 ], [ -106.870039, 42.203868 ], [ -106.87714, 42.208474 ], [ -106.879177, 42.211477 ], [ -106.877334, 42.215335 ], [ -106.8768, 42.221087 ], [ -106.878699, 42.227956 ], [ -106.888823, 42.235986 ], [ -106.896072, 42.237103 ], [ -106.900402, 42.245036 ], [ -106.904216, 42.25827 ], [ -106.907517, 42.261364 ], [ -106.904792, 42.263937 ], [ -106.903945, 42.269673 ], [ -106.905614, 42.276346 ], [ -106.910622, 42.281562 ], [ -106.919227, 42.284843 ], [ -106.924328, 42.291005 ], [ -106.924883, 42.293961 ], [ -106.929287, 42.299882 ], [ -106.930052, 42.304688 ], [ -106.932769, 42.306953 ], [ -106.932543, 42.313961 ], [ -106.935318, 42.320465 ], [ -106.931905, 42.327115 ], [ -106.927456, 42.331397 ], [ -106.932104, 42.334844 ], [ -106.933586, 42.342516 ], [ -106.927828, 42.343648 ], [ -106.918273, 42.346781 ], [ -106.910146, 42.350244 ], [ -106.904215, 42.354269 ], [ -106.902309, 42.359394 ], [ -106.90198, 42.369761 ], [ -106.904603, 42.37537 ], [ -106.896193, 42.38066 ], [ -106.891624, 42.384984 ], [ -106.888237, 42.393347 ], [ -106.889687, 42.40248 ], [ -106.895616, 42.4056 ], [ -106.900083, 42.411706 ], [ -106.914712, 42.420025 ], [ -106.91146, 42.425428 ], [ -106.912864, 42.433195 ], [ -106.955837, 42.433441 ], [ -107.000606, 42.433409 ], [ -107.12561, 42.434058 ], [ -107.250403, 42.434507 ], [ -107.287516, 42.434756 ], [ -107.307117, 42.434556 ], [ -107.356206, 42.43463 ], [ -107.443075, 42.434472 ], [ -107.522923, 42.434356 ], [ -107.522973, 42.374956 ], [ -107.522724, 42.347956 ], [ -107.522824, 42.319556 ], [ -107.522722, 42.261756 ] ], [ [ -107.22456, 41.77839 ], [ -107.23131, 41.777924 ], [ -107.246052, 41.778384 ], [ -107.25204, 41.779387 ], [ -107.259652, 41.781989 ], [ -107.263914, 41.782352 ], [ -107.276051, 41.780356 ], [ -107.27654, 41.78862 ], [ -107.28503, 41.79519 ], [ -107.2904, 41.80183 ], [ -107.30046, 41.81012 ], [ -107.29641, 41.8097 ], [ -107.29459, 41.81507 ], [ -107.27978, 41.82609 ], [ -107.277, 41.83101 ], [ -107.27383, 41.83088 ], [ -107.27009, 41.83687 ], [ -107.25477, 41.84193 ], [ -107.24447, 41.84219 ], [ -107.245357, 41.844544 ], [ -107.220705, 41.838974 ], [ -107.202058, 41.831265 ], [ -107.199219, 41.828552 ], [ -107.19629, 41.82911 ], [ -107.18019, 41.8201 ], [ -107.17363, 41.81186 ], [ -107.167982, 41.809989 ], [ -107.172456, 41.804265 ], [ -107.174475, 41.793539 ], [ -107.176562, 41.793564 ], [ -107.177383, 41.787393 ], [ -107.179032, 41.785856 ], [ -107.19635, 41.78947 ], [ -107.20229, 41.78859 ], [ -107.219, 41.7801 ], [ -107.22456, 41.77839 ] ] ] } },
{ "type": "Feature", "properties": { "PRED_SS_PC": -1.276747145852219, "PERCAP": 0.079072038789480756, "TRACTCE": "968000", "HLTH_INS": 0.60299779845512558, "Q_FEMALE": 0.23267398914987081, "RC5": -0.1125563872716015, "HOU_DEN": -0.64823218337816402, "MED_VAL": 0.17876987592253979, "POP_CHG": -0.33678532638329428, "LBR_FORCE": -1.018758575476914, "SoVI_class": "-1 to -0.5 SD", "Q_UNEMP": -1.1726088177285949, "Q_EXTRACT": 0.42496146367704007, "MED_RENT": 0.2132277769060095, "Q_MOBILE": -0.30328884176563498, "Q_RENTER": -1.054428544922527, "AGE_DEP": 0.85154838783465825, "MED_AGE": 0.079057102040506158, "PCT_URBAN": -1.3265962575458641, "NO_VEH": -0.8109702958300482, "Q_SERV": -0.26508854898069412, "COUNTYFP": "007", "ALAND": 4851654188.0, "Ii": -0.23995990960740857, "NAME": "9680", "RC4": 1.8251485110617649, "HOSP_PC": 1.6934839479476611, "PRED_NURS_PC": 2.120647475214323, "AWATER": 14968370.0, "Q_TRANS": -0.3217440706281981, "NAMELSAD": "Census Tract 9680", "RC8": -0.68025567734464087, "RC1": -0.54145964719586592, "STATEFP": "56", "NO_HS": -0.25106125633966231, "MTFCC": "G5020", "PRED_BRATE": 0.084648911506915572, "SoVI": -1.755640387958266, "PRED_PCT_GOP": 0.94989336590062423, "Q_MINOR": -0.27949908697629311, "lag_sovi": 1.3581980080986189, "Area_miles": null, "RC3": -0.24718561824375351, "Q_GRP_QTR": -0.24835491003332291, "GEOIDFQ": "1400000US56007968000", "PRED_GDP_PC": -0.19976408198415299, "FUNCSTAT": "S", "RC10": -0.1695325618215088, "GISJOIN": "G5600070968000", "NAME_E": "Census Tract 9680, Carbon County, Wyoming", "COUNTY": "Carbon County", "INTPTLON": "-106.7979919", "RC2": -0.48368249395016472, "RC9": -1.1025673281176911, "AVG_HH_SZ": -0.05689512121608345, "ESL_PCT": -0.71676894288916393, "INTPTLAT": "+41.2916791", "Q_POV": -0.78758272521855133, "FEM_LBR": -1.0826484052998919, "GEOID": "56007968000", "RC7": 0.33880433750255418, "quadrant": "Low Vulnerability & High Wildfire Risk", "RC6": 0.58235352257735906, "PRED_PHYS_PC": 0.30336554811964889, "PRED_FARM_VAL": -0.90219531846130596, "P.Ii": 0.45729735469391408, "cluster": "Not Significant", "TRACTFIPS": "56007968000", "SOVI_SCORE": 71.94811349, "SOVI_RATNG": "Relatively High", "WFIR_RISKS": 97.276824468100003, "WFIR_RISKR": "Relatively High", "WFIR_EALT": 241408.17172000001 }, "geometry": { "type": "Polygon", "coordinates": [ [ [ -106.890327, 41.693733 ], [ -106.891981, 41.688919 ], [ -106.890917, 41.681626 ], [ -106.895782, 41.679566 ], [ -106.89894, 41.683699 ], [ -106.904597, 41.685408 ], [ -106.909033, 41.682763 ], [ -106.912592, 41.675453 ], [ -106.911763, 41.668775 ], [ -106.908095, 41.664372 ], [ -106.894456, 41.666422 ], [ -106.893562, 41.664786 ], [ -106.90177, 41.657927 ], [ -106.91375, 41.657389 ], [ -106.924762, 41.648849 ], [ -106.928498, 41.642886 ], [ -106.934627, 41.64136 ], [ -106.935305, 41.648858 ], [ -106.938409, 41.652425 ], [ -106.941281, 41.651898 ], [ -106.942065, 41.647363 ], [ -106.940389, 41.639203 ], [ -106.934639, 41.637454 ], [ -106.928896, 41.634021 ], [ -106.93128, 41.630034 ], [ -106.937599, 41.624278 ], [ -106.950447, 41.623152 ], [ -106.950737, 41.618674 ], [ -106.946331, 41.612372 ], [ -106.946772, 41.605091 ], [ -106.950181, 41.600946 ], [ -106.95417, 41.600763 ], [ -106.957032, 41.604156 ], [ -106.961996, 41.605858 ], [ -106.968632, 41.604734 ], [ -106.975097, 41.6063 ], [ -106.980221, 41.605247 ], [ -106.983586, 41.602164 ], [ -106.982995, 41.597065 ], [ -106.978085, 41.594687 ], [ -106.974055, 41.595829 ], [ -106.96975, 41.595083 ], [ -106.965058, 41.585992 ], [ -106.968402, 41.583862 ], [ -106.97184, 41.584179 ], [ -106.976611, 41.580674 ], [ -106.98087, 41.581378 ], [ -106.984608, 41.579635 ], [ -106.995828, 41.585285 ], [ -106.996042, 41.586611 ], [ -107.003916, 41.587435 ], [ -107.006189, 41.585246 ], [ -107.010057, 41.585586 ], [ -107.015727, 41.582227 ], [ -107.020908, 41.582644 ], [ -107.030809, 41.574756 ], [ -107.043285, 41.571623 ], [ -107.046811, 41.569564 ], [ -107.050404, 41.571326 ], [ -107.056221, 41.567347 ], [ -107.066729, 41.56849 ], [ -107.06883, 41.566775 ], [ -107.075834, 41.566683 ], [ -107.078757, 41.565311 ], [ -107.086674, 41.564943 ], [ -107.092643, 41.566245 ], [ -107.095382, 41.563157 ], [ -107.105278, 41.562559 ], [ -107.104545, 41.557939 ], [ -107.116686, 41.549747 ], [ -107.114456, 41.540211 ], [ -107.120146, 41.537509 ], [ -107.120963, 41.532386 ], [ -107.131775, 41.526306 ], [ -107.137807, 41.51915 ], [ -107.137229, 41.518098 ], [ -107.145418, 41.512109 ], [ -107.150683, 41.510304 ], [ -107.15951, 41.502371 ], [ -107.167968, 41.500363 ], [ -107.172355, 41.494399 ], [ -107.1771, 41.489757 ], [ -107.182453, 41.487699 ], [ -107.184309, 41.488774 ], [ -107.191549, 41.486194 ], [ -107.193471, 41.486626 ], [ -107.200629, 41.483627 ], [ -107.19503, 41.47126 ], [ -107.19465, 41.46141 ], [ -107.20504, 41.44053 ], [ -107.20752, 41.4369 ], [ -107.22339, 41.42233 ], [ -107.22538, 41.4176 ], [ -107.23652, 41.40891 ], [ -107.23837, 41.40476 ], [ -107.23486, 41.40348 ], [ -107.231401, 41.396909 ], [ -107.2267, 41.3929 ], [ -107.22621, 41.3874 ], [ -107.22236, 41.38451 ], [ -107.22337, 41.37833 ], [ -107.22414, 41.36358 ], [ -107.22823, 41.35435 ], [ -107.22621, 41.34865 ], [ -107.22721, 41.34553 ], [ -107.23494, 41.34156 ], [ -107.24183, 41.33537 ], [ -107.25404, 41.32636 ], [ -107.25332, 41.31666 ], [ -107.25617, 41.30948 ], [ -107.25935, 41.29653 ], [ -107.2597, 41.28919 ], [ -107.25745, 41.28467 ], [ -107.25448, 41.26949 ], [ -107.2524, 41.26671 ], [ -107.25236, 41.25538 ], [ -107.25377, 41.23801 ], [ -107.2529, 41.22152 ], [ -107.25348, 41.20767 ], [ -107.24849, 41.20443 ], [ -107.2474, 41.20164 ], [ -107.24328, 41.19809 ], [ -107.24045, 41.19351 ], [ -107.23618, 41.1913 ], [ -107.23277, 41.19133 ], [ -107.22516, 41.18765 ], [ -107.21757, 41.18298 ], [ -107.21572, 41.17615 ], [ -107.21802, 41.1729 ], [ -107.21474, 41.16955 ], [ -107.21424, 41.16533 ], [ -107.22276, 41.15376 ], [ -107.21782, 41.14833 ], [ -107.21137, 41.14618 ], [ -107.19723, 41.14743 ], [ -107.19159, 41.14641 ], [ -107.18821, 41.14387 ], [ -107.18875, 41.13729 ], [ -107.18579, 41.1318 ], [ -107.17272, 41.12795 ], [ -107.16531, 41.1241 ], [ -107.1611, 41.12332 ], [ -107.158203, 41.118368 ], [ -107.160183, 41.112814 ], [ -107.165604, 41.109036 ], [ -107.175279, 41.108715 ], [ -107.17848, 41.10484 ], [ -107.182741, 41.105706 ], [ -107.18617, 41.10817 ], [ -107.192786, 41.109478 ], [ -107.198379, 41.109058 ], [ -107.20495, 41.11023 ], [ -107.21976, 41.10896 ], [ -107.22687, 41.10909 ], [ -107.23519, 41.10702 ], [ -107.24266, 41.10292 ], [ -107.24671, 41.09918 ], [ -107.25926, 41.09171 ], [ -107.26154, 41.08914 ], [ -107.267605, 41.073978 ], [ -107.27173, 41.06952 ], [ -107.27737, 41.06758 ], [ -107.28774, 41.06895 ], [ -107.29168, 41.06821 ], [ -107.304296, 41.061131 ], [ -107.307336, 41.057453 ], [ -107.312572, 41.044925 ], [ -107.314064, 41.03467 ], [ -107.316433, 41.031547 ], [ -107.316031, 41.024064 ], [ -107.313439, 41.018544 ], [ -107.30679, 41.01474 ], [ -107.30596, 41.0093 ], [ -107.302937, 41.002937 ], [ -107.241194, 41.002804 ], [ -107.102262, 41.00312 ], [ -107.092001, 41.003245 ], [ -107.003119, 41.003421 ], [ -106.8756, 41.002996 ], [ -106.857773, 41.002663 ], [ -106.751902, 41.002702 ], [ -106.625592, 41.00211 ], [ -106.593895, 41.002129 ], [ -106.500588, 41.001895 ], [ -106.493979, 41.00214 ], [ -106.439563, 41.001978 ], [ -106.398637, 41.001097 ], [ -106.386356, 41.001144 ], [ -106.346414, 40.999637 ], [ -106.321165, 40.999123 ], [ -106.322497, 41.060821 ], [ -106.323242, 41.123125 ], [ -106.323025, 41.171654 ], [ -106.322544, 41.183985 ], [ -106.322905, 41.239642 ], [ -106.322532, 41.304397 ], [ -106.322844, 41.370721 ], [ -106.322742, 41.382647 ], [ -106.331865, 41.382874 ], [ -106.341462, 41.381257 ], [ -106.34288, 41.38353 ], [ -106.34384, 41.39257 ], [ -106.34184, 41.39391 ], [ -106.34235, 41.40363 ], [ -106.34545, 41.4054 ], [ -106.35599, 41.40537 ], [ -106.36316, 41.40617 ], [ -106.370167, 41.409516 ], [ -106.374145, 41.417281 ], [ -106.38225, 41.4171 ], [ -106.38498, 41.41833 ], [ -106.38655, 41.42336 ], [ -106.3888, 41.42527 ], [ -106.38942, 41.44049 ], [ -106.392258, 41.442509 ], [ -106.398616, 41.441893 ], [ -106.402874, 41.438898 ], [ -106.413361, 41.438237 ], [ -106.413725, 41.440021 ], [ -106.420929, 41.446176 ], [ -106.424958, 41.446316 ], [ -106.427556, 41.452993 ], [ -106.431721, 41.46944 ], [ -106.429347, 41.478361 ], [ -106.429072, 41.484172 ], [ -106.437011, 41.493642 ], [ -106.440112, 41.495357 ], [ -106.44933, 41.497072 ], [ -106.45569, 41.501587 ], [ -106.461654, 41.502152 ], [ -106.467044, 41.505908 ], [ -106.470911, 41.510574 ], [ -106.488876, 41.522485 ], [ -106.502475, 41.525296 ], [ -106.510723, 41.526466 ], [ -106.520187, 41.532394 ], [ -106.52545, 41.537451 ], [ -106.529286, 41.53807 ], [ -106.533637, 41.542394 ], [ -106.53481, 41.554765 ], [ -106.531804, 41.557216 ], [ -106.533812, 41.560282 ], [ -106.532654, 41.562844 ], [ -106.540956, 41.570098 ], [ -106.545216, 41.569068 ], [ -106.550104, 41.570418 ], [ -106.5558, 41.576663 ], [ -106.563294, 41.581398 ], [ -106.572922, 41.584004 ], [ -106.57344, 41.586017 ], [ -106.581118, 41.589493 ], [ -106.58962, 41.58988 ], [ -106.59218, 41.591755 ], [ -106.598578, 41.591158 ], [ -106.600192, 41.589533 ], [ -106.60796, 41.587975 ], [ -106.610061, 41.585961 ], [ -106.614876, 41.586988 ], [ -106.620877, 41.585933 ], [ -106.62519, 41.588447 ], [ -106.635042, 41.588431 ], [ -106.637419, 41.587036 ], [ -106.647373, 41.58877 ], [ -106.652948, 41.587669 ], [ -106.659241, 41.588193 ], [ -106.663621, 41.591003 ], [ -106.667773, 41.59146 ], [ -106.68056, 41.597041 ], [ -106.684917, 41.596332 ], [ -106.691041, 41.592924 ], [ -106.695399, 41.593335 ], [ -106.697075, 41.595965 ], [ -106.705089, 41.596627 ], [ -106.712246, 41.594769 ], [ -106.719292, 41.598128 ], [ -106.727609, 41.600088 ], [ -106.729974, 41.603087 ], [ -106.734651, 41.603411 ], [ -106.74063, 41.610819 ], [ -106.744625, 41.613562 ], [ -106.740304, 41.62118 ], [ -106.739941, 41.624536 ], [ -106.736315, 41.632069 ], [ -106.738238, 41.635705 ], [ -106.73473, 41.64068 ], [ -106.727713, 41.64202 ], [ -106.722603, 41.645684 ], [ -106.723799, 41.65776 ], [ -106.722489, 41.660848 ], [ -106.72539, 41.667526 ], [ -106.722036, 41.668465 ], [ -106.723901, 41.676584 ], [ -106.720365, 41.68141 ], [ -106.723779, 41.683154 ], [ -106.723811, 41.686905 ], [ -106.727568, 41.689108 ], [ -106.726596, 41.693578 ], [ -106.729803, 41.698083 ], [ -106.730051, 41.702932 ], [ -106.732984, 41.707368 ], [ -106.733323, 41.711874 ], [ -106.739554, 41.714821 ], [ -106.740107, 41.719647 ], [ -106.742796, 41.722391 ], [ -106.748049, 41.724308 ], [ -106.749061, 41.728585 ], [ -106.759592, 41.735315 ], [ -106.763977, 41.736192 ], [ -106.770033, 41.739985 ], [ -106.772149, 41.737012 ], [ -106.781577, 41.739348 ], [ -106.786007, 41.733745 ], [ -106.79187, 41.73242 ], [ -106.796084, 41.729355 ], [ -106.800604, 41.721556 ], [ -106.805398, 41.718423 ], [ -106.807993, 41.719773 ], [ -106.812297, 41.716914 ], [ -106.816143, 41.716113 ], [ -106.82231, 41.712933 ], [ -106.825564, 41.712588 ], [ -106.82754, 41.706986 ], [ -106.834602, 41.704176 ], [ -106.838422, 41.700923 ], [ -106.851481, 41.696459 ], [ -106.853557, 41.69831 ], [ -106.859174, 41.699383 ], [ -106.866345, 41.698785 ], [ -106.873544, 41.695214 ], [ -106.881186, 41.693868 ], [ -106.883382, 41.694899 ], [ -106.890327, 41.693733 ] ] ] } },
{ "type": "Feature", "properties": { "PRED_SS_PC": 0.1864901095210606, "PERCAP": 0.079135787977122299, "TRACTCE": "959402", "HLTH_INS": -0.59389113037290031, "Q_FEMALE": -0.85310653645211454, "RC5": 0.17677768519952669, "HOU_DEN": -0.64805667606658157, "MED_VAL": 0.17814628854627421, "POP_CHG": -0.75231670340048096, "LBR_FORCE": -0.76150195164712098, "SoVI_class": "-0.5 to 0.5 SD", "Q_UNEMP": 0.33455359116848471, "Q_EXTRACT": 0.13572446270576899, "MED_RENT": 0.2132247356867836, "Q_MOBILE": -0.13734673000329439, "Q_RENTER": -0.64726201340994582, "AGE_DEP": 0.67023832822048524, "MED_AGE": 0.079057320237651663, "PCT_URBAN": -1.3265962575458641, "NO_VEH": -0.59828686475959403, "Q_SERV": 0.14545391042074429, "COUNTYFP": "031", "ALAND": 2105539237.0, "Ii": 0.031419971753788148, "NAME": "9594.02", "RC4": 0.2952549820505519, "HOSP_PC": -0.39945578899327572, "PRED_NURS_PC": 0.3719930890931939, "AWATER": 8216868.0, "Q_TRANS": 1.7592185420970099, "NAMELSAD": "Census Tract 9594.02", "RC8": -1.108259561450037, "RC1": -0.57917281311744495, "STATEFP": "56", "NO_HS": -1.0855787615073551, "MTFCC": "G5020", "PRED_BRATE": -0.2216494905616864, "SoVI": -0.44939712504875279, "PRED_PCT_GOP": 0.40147681946082953, "Q_MINOR": -0.73736644412530428, "lag_sovi": -0.69476105047187375, "Area_miles": null, "RC3": -0.63824246437395449, "Q_GRP_QTR": -0.35621174230522579, "GEOIDFQ": "1400000US56031959402", "PRED_GDP_PC": -0.64459759527573524, "FUNCSTAT": "S", "RC10": 0.81447274538143943, "GISJOIN": "G5600310959402", "NAME_E": "Census Tract 9594.02, Platte County, Wyoming", "COUNTY": "Platte County", "INTPTLON": "-104.9006196", "RC2": 0.50093044480529314, "RC9": -0.69280724334812138, "AVG_HH_SZ": -1.0900825985142839, "ESL_PCT": -0.3421796350768232, "INTPTLAT": "+41.8595326", "Q_POV": 0.2316248887314612, "FEM_LBR": -0.51099500486260352, "GEOID": "56031959402", "RC7": -0.33415470122804197, "quadrant": "Low Vulnerability & High Wildfire Risk", "RC6": -1.1158038010320359, "PRED_PHYS_PC": -0.90624172203939957, "PRED_FARM_VAL": -1.058339572929105, "P.Ii": 0.58285878387748447, "cluster": "Not Significant", "TRACTFIPS": "56031959402", "SOVI_SCORE": 58.09927146, "SOVI_RATNG": "Relatively Moderate", "WFIR_RISKS": 96.183986776500006, "WFIR_RISKR": "Relatively Moderate", "WFIR_EALT": 158562.766034 }, "geometry": { "type": "Polygon", "coordinates": [ [ [ -105.271678, 41.816565 ], [ -105.271933, 41.749973 ], [ -105.271809, 41.742029 ], [ -105.278973, 41.741995 ], [ -105.278303, 41.700965 ], [ -105.278043, 41.673554 ], [ -105.278236, 41.656655 ], [ -105.236046, 41.65651 ], [ -105.200849, 41.656192 ], [ -105.149982, 41.656004 ], [ -105.114225, 41.656521 ], [ -105.069552, 41.656019 ], [ -105.056033, 41.656131 ], [ -105.016629, 41.655687 ], [ -104.872005, 41.653718 ], [ -104.843322, 41.653477 ], [ -104.750522, 41.652681 ], [ -104.728513, 41.652672 ], [ -104.653338, 41.653007 ], [ -104.653145, 41.740864 ], [ -104.653394, 41.807983 ], [ -104.653247, 41.821176 ], [ -104.6538, 41.874968 ], [ -104.653638, 41.919352 ], [ -104.653826, 41.937963 ], [ -104.653618, 41.97952 ], [ -104.653768, 41.999966 ], [ -104.653358, 42.003949 ], [ -104.653254, 42.037481 ], [ -104.653876, 42.099736 ], [ -104.653968, 42.152571 ], [ -104.654463, 42.189243 ], [ -104.664288, 42.190446 ], [ -104.663142, 42.195457 ], [ -104.665798, 42.196541 ], [ -104.67306, 42.196456 ], [ -104.675659, 42.191211 ], [ -104.680299, 42.191558 ], [ -104.682694, 42.189277 ], [ -104.681098, 42.183794 ], [ -104.68453, 42.179848 ], [ -104.68391, 42.176233 ], [ -104.688853, 42.176532 ], [ -104.69123, 42.167681 ], [ -104.695938, 42.169146 ], [ -104.713712, 42.155776 ], [ -104.718081, 42.157082 ], [ -104.740877, 42.151457 ], [ -104.734248, 42.145691 ], [ -104.746504, 42.143561 ], [ -104.772722, 42.140383 ], [ -104.779007, 42.136165 ], [ -104.786575, 42.124779 ], [ -104.79339, 42.122976 ], [ -104.795955, 42.124384 ], [ -104.80408, 42.119788 ], [ -104.817319, 42.118543 ], [ -104.817559, 42.114989 ], [ -104.823519, 42.114996 ], [ -104.83452, 42.117193 ], [ -104.840786, 42.122314 ], [ -104.843071, 42.119667 ], [ -104.847618, 42.125294 ], [ -104.853913, 42.123331 ], [ -104.861458, 42.122225 ], [ -104.863173, 42.124768 ], [ -104.871975, 42.12428 ], [ -104.876208, 42.128285 ], [ -104.881036, 42.126072 ], [ -104.888676, 42.128342 ], [ -104.890035, 42.12622 ], [ -104.90134, 42.12919 ], [ -104.912383, 42.127254 ], [ -104.92312, 42.127534 ], [ -104.928774, 42.123446 ], [ -104.936096, 42.121552 ], [ -104.936086, 42.129486 ], [ -104.94734, 42.12945 ], [ -104.96038, 42.1256 ], [ -104.98715, 42.12562 ], [ -104.994238, 42.124598 ], [ -104.991756, 42.119529 ], [ -104.98768, 42.10043 ], [ -104.986026, 42.096586 ], [ -104.980268, 42.088273 ], [ -104.970401, 42.079431 ], [ -104.966741, 42.074338 ], [ -104.95974, 42.07343 ], [ -104.954045, 42.067548 ], [ -104.95215, 42.05937 ], [ -104.95178, 42.05114 ], [ -104.952898, 42.045122 ], [ -104.958591, 42.028813 ], [ -104.95742, 42.01641 ], [ -104.960613, 42.013439 ], [ -104.95821, 42.005871 ], [ -104.957917, 41.993317 ], [ -104.953646, 41.977877 ], [ -104.95175, 41.962138 ], [ -104.963202, 41.9593 ], [ -104.965713, 41.952567 ], [ -104.969044, 41.950721 ], [ -104.982013, 41.949962 ], [ -104.989284, 41.948759 ], [ -104.990184, 41.943952 ], [ -105.000154, 41.937654 ], [ -105.004414, 41.938179 ], [ -105.005915, 41.943832 ], [ -105.015906, 41.946941 ], [ -105.025147, 41.947217 ], [ -105.034349, 41.944062 ], [ -105.040314, 41.941104 ], [ -105.043094, 41.941357 ], [ -105.046485, 41.938536 ], [ -105.046751, 41.93551 ], [ -105.050435, 41.934385 ], [ -105.0452, 41.929816 ], [ -105.038598, 41.927893 ], [ -105.038247, 41.923693 ], [ -105.050105, 41.926479 ], [ -105.053443, 41.926155 ], [ -105.056406, 41.931564 ], [ -105.05998, 41.93287 ], [ -105.05999, 41.95915 ], [ -105.07133, 41.95823 ], [ -105.08376, 41.95281 ], [ -105.091524, 41.945457 ], [ -105.10089, 41.93489 ], [ -105.116004, 41.916535 ], [ -105.122899, 41.913041 ], [ -105.133071, 41.909434 ], [ -105.14057, 41.90509 ], [ -105.14751, 41.90287 ], [ -105.17419, 41.89936 ], [ -105.182852, 41.896949 ], [ -105.192528, 41.895589 ], [ -105.19925, 41.89345 ], [ -105.20376, 41.88974 ], [ -105.20968, 41.87758 ], [ -105.21446, 41.87094 ], [ -105.21582, 41.86428 ], [ -105.21929, 41.85632 ], [ -105.21931, 41.84908 ], [ -105.22139, 41.84278 ], [ -105.22605, 41.83551 ], [ -105.23079, 41.83264 ], [ -105.23596, 41.82799 ], [ -105.24619, 41.82248 ], [ -105.254489, 41.821252 ], [ -105.271678, 41.816565 ] ] ] } },
{ "type": "Feature", "properties": { "PRED_SS_PC": -0.50619530736688101, "PERCAP": 0.07888380792918559, "TRACTCE": "959401", "HLTH_INS": -1.2694093773215129, "Q_FEMALE": -0.073710524156906432, "RC5": 0.1133858952027039, "HOU_DEN": -0.64128043144648594, "MED_VAL": 0.17851992561056559, "POP_CHG": -0.1774698854077538, "LBR_FORCE": -0.94980011247106699, "SoVI_class": "0.5 to 1 SD", "Q_UNEMP": -0.63780925328124383, "Q_EXTRACT": -0.63943069989723755, "MED_RENT": 0.21322461140619031, "Q_MOBILE": 0.70026583413042465, "Q_RENTER": 0.037249836669176237, "AGE_DEP": 0.64294321620544448, "MED_AGE": 0.0790569995827161, "PCT_URBAN": -1.3265962575458641, "NO_VEH": -0.45232232837692937, "Q_SERV": -0.21377074155551479, "COUNTYFP": "031", "ALAND": 999273962.0, "Ii": 0.00070424237918556814, "NAME": "9594.01", "RC4": 1.285210512756328, "HOSP_PC": 1.030238087851979, "PRED_NURS_PC": 1.602238781877356, "AWATER": 2143768.0, "Q_TRANS": 1.3628447111017321, "NAMELSAD": "Census Tract 9594.01", "RC8": -0.56941453005587683, "RC1": -0.046072380014822202, "STATEFP": "56", "NO_HS": 0.79038343208680995, "MTFCC": "G5020", "PRED_BRATE": -0.046246352257628312, "SoVI": 2.5803059510085462, "PRED_PCT_GOP": 0.66838318644091921, "Q_MINOR": -0.064308693338045897, "lag_sovi": 0.002712132579700044, "Area_miles": null, "RC3": -0.06201420031904132, "Q_GRP_QTR": -0.052661061983273492, "GEOIDFQ": "1400000US56031959401", "PRED_GDP_PC": -0.55404628341714834, "FUNCSTAT": "S", "RC10": 0.2868507707575732, "GISJOIN": "G5600310959401", "NAME_E": "Census Tract 9594.01, Platte County, Wyoming", "COUNTY": "Platte County", "INTPTLON": "-105.1306302", "RC2": 1.0423723695513969, "RC9": -0.58364201056636578, "AVG_HH_SZ": -0.22443903645362839, "ESL_PCT": -0.1885090425485012, "INTPTLAT": "+42.0835050", "Q_POV": -0.52018980164721695, "FEM_LBR": -0.71500578938872439, "GEOID": "56031959401", "RC7": 0.0015801968157232969, "quadrant": "High Vulnerability & High Wildfire Risk", "RC6": -1.1120493268809259, "PRED_PHYS_PC": -1.1127753327541301, "PRED_FARM_VAL": -0.2129876710685884, "P.Ii": 0.99160657947265718, "cluster": "Not Significant", "TRACTFIPS": "56031959401", "SOVI_SCORE": 81.13131552, "SOVI_RATNG": "Very High", "WFIR_RISKS": 96.847537845000005, "WFIR_RISKR": "Relatively High", "WFIR_EALT": 175484.61017900001 }, "geometry": { "type": "Polygon", "coordinates": [ [ [ -105.281329, 42.221756 ], [ -105.281416, 42.124822 ], [ -105.281139, 42.088888 ], [ -105.27375, 42.088824 ], [ -105.273344, 42.00716 ], [ -105.271746, 41.986095 ], [ -105.271965, 41.943305 ], [ -105.271515, 41.900486 ], [ -105.271433, 41.87279 ], [ -105.271678, 41.816565 ], [ -105.254489, 41.821252 ], [ -105.24619, 41.82248 ], [ -105.23596, 41.82799 ], [ -105.23079, 41.83264 ], [ -105.22605, 41.83551 ], [ -105.22139, 41.84278 ], [ -105.21931, 41.84908 ], [ -105.21929, 41.85632 ], [ -105.21582, 41.86428 ], [ -105.21446, 41.87094 ], [ -105.20968, 41.87758 ], [ -105.20376, 41.88974 ], [ -105.19925, 41.89345 ], [ -105.192528, 41.895589 ], [ -105.182852, 41.896949 ], [ -105.17419, 41.89936 ], [ -105.14751, 41.90287 ], [ -105.14057, 41.90509 ], [ -105.133071, 41.909434 ], [ -105.122899, 41.913041 ], [ -105.116004, 41.916535 ], [ -105.10089, 41.93489 ], [ -105.091524, 41.945457 ], [ -105.08376, 41.95281 ], [ -105.07133, 41.95823 ], [ -105.05999, 41.95915 ], [ -105.05998, 41.93287 ], [ -105.056406, 41.931564 ], [ -105.053443, 41.926155 ], [ -105.050105, 41.926479 ], [ -105.038247, 41.923693 ], [ -105.038598, 41.927893 ], [ -105.0452, 41.929816 ], [ -105.050435, 41.934385 ], [ -105.046751, 41.93551 ], [ -105.046485, 41.938536 ], [ -105.043094, 41.941357 ], [ -105.040314, 41.941104 ], [ -105.034349, 41.944062 ], [ -105.025147, 41.947217 ], [ -105.015906, 41.946941 ], [ -105.005915, 41.943832 ], [ -105.004414, 41.938179 ], [ -105.000154, 41.937654 ], [ -104.990184, 41.943952 ], [ -104.989284, 41.948759 ], [ -104.982013, 41.949962 ], [ -104.969044, 41.950721 ], [ -104.965713, 41.952567 ], [ -104.963202, 41.9593 ], [ -104.95175, 41.962138 ], [ -104.953646, 41.977877 ], [ -104.957917, 41.993317 ], [ -104.95821, 42.005871 ], [ -104.960613, 42.013439 ], [ -104.95742, 42.01641 ], [ -104.958591, 42.028813 ], [ -104.952898, 42.045122 ], [ -104.95178, 42.05114 ], [ -104.95215, 42.05937 ], [ -104.954045, 42.067548 ], [ -104.95974, 42.07343 ], [ -104.966741, 42.074338 ], [ -104.970401, 42.079431 ], [ -104.980268, 42.088273 ], [ -104.986026, 42.096586 ], [ -104.98768, 42.10043 ], [ -104.991756, 42.119529 ], [ -104.994238, 42.124598 ], [ -104.98715, 42.12562 ], [ -104.96038, 42.1256 ], [ -104.94734, 42.12945 ], [ -104.936086, 42.129486 ], [ -104.939124, 42.133798 ], [ -104.940162, 42.139294 ], [ -104.946112, 42.147342 ], [ -104.949833, 42.157952 ], [ -104.951595, 42.164933 ], [ -104.954465, 42.170213 ], [ -104.95543, 42.17682 ], [ -104.966247, 42.190019 ], [ -104.967228, 42.192104 ], [ -104.967439, 42.206458 ], [ -104.976418, 42.224681 ], [ -104.976352, 42.229183 ], [ -104.973033, 42.234593 ], [ -104.99468, 42.234516 ], [ -105.02516, 42.25695 ], [ -105.031661, 42.260264 ], [ -105.037793, 42.264557 ], [ -105.042122, 42.263758 ], [ -105.08013, 42.26365 ], [ -105.18186, 42.26279 ], [ -105.240386, 42.261903 ], [ -105.24232, 42.25784 ], [ -105.245702, 42.257044 ], [ -105.251642, 42.252027 ], [ -105.256072, 42.249897 ], [ -105.25702, 42.23359 ], [ -105.25615, 42.22542 ], [ -105.258785, 42.221513 ], [ -105.26307, 42.21929 ], [ -105.278277, 42.222105 ], [ -105.281329, 42.221756 ] ] ] } },
{ "type": "Feature", "properties": { "PRED_SS_PC": 0.1058735766171838, "PERCAP": 0.078991612359000846, "TRACTCE": "956500", "HLTH_INS": -0.03625707335857558, "Q_FEMALE": 0.97197371738893956, "RC5": -0.077797361782675434, "HOU_DEN": -0.52632290889823563, "MED_VAL": 0.1784323141610076, "POP_CHG": -0.48165339746777353, "LBR_FORCE": -0.52041883575198056, "SoVI_class": "-1 to -0.5 SD", "Q_UNEMP": -0.78366367994870312, "Q_EXTRACT": 1.0034354656195821, "MED_RENT": 0.21322535708975049, "Q_MOBILE": 0.0048893657929975796, "Q_RENTER": 0.41491154705765732, "AGE_DEP": 1.041137664212807, "MED_AGE": 0.079056857280229903, "PCT_URBAN": 0.32636026582219951, "NO_VEH": 0.047277544225985027, "Q_SERV": -0.40193603544784112, "COUNTYFP": "009", "ALAND": 37043132.0, "Ii": 0.29693155329751936, "NAME": "9565", "RC4": -0.36525479310554332, "HOSP_PC": -0.39945578899327572, "PRED_NURS_PC": 0.059568722885319739, "AWATER": 519363.0, "Q_TRANS": -1.089718368181549, "NAMELSAD": "Census Tract 9565", "RC8": -0.55029958904659271, "RC1": -0.34153845676088701, "STATEFP": "56", "NO_HS": 0.073267705983593848, "MTFCC": "G5020", "PRED_BRATE": -0.82104344472692148, "SoVI": -1.7398952081769861, "PRED_PCT_GOP": 0.64564003742274623, "Q_MINOR": -0.41519533375815287, "lag_sovi": -1.6958725896976403, "Area_miles": null, "RC3": -0.71800077907828275, "Q_GRP_QTR": -0.35621174230522579, "GEOIDFQ": "1400000US56009956500", "PRED_GDP_PC": -0.69599585501783801, "FUNCSTAT": "S", "RC10": 0.42512894334607332, "GISJOIN": "G5600090956500", "NAME_E": "Census Tract 9565, Converse County, Wyoming", "COUNTY": "Converse County", "INTPTLON": "-105.4300829", "RC2": 0.1356897416598242, "RC9": 0.19176052255596951, "AVG_HH_SZ": 0.27819270925900902, "ESL_PCT": -0.60408533875201897, "INTPTLAT": "+42.7530660", "Q_POV": 1.600008171197856, "FEM_LBR": 0.78072068109672721, "GEOID": "56009956500", "RC7": 0.92787932407381479, "quadrant": "Low Vulnerability & High Wildfire Risk", "RC6": 1.3674627600386871, "PRED_PHYS_PC": 0.77995409814035321, "PRED_FARM_VAL": 0.70471122445945855, "P.Ii": 0.44336456751392633, "cluster": "Not Significant", "TRACTFIPS": "56009956500", "SOVI_SCORE": 71.56666469, "SOVI_RATNG": "Relatively High", "WFIR_RISKS": 96.094799804999994, "WFIR_RISKR": "Relatively Moderate", "WFIR_EALT": 136541.39201499999 }, "geometry": { "type": "Polygon", "coordinates": [ [ [ -105.419327, 42.787625 ], [ -105.424742, 42.790901 ], [ -105.435896, 42.799129 ], [ -105.43617, 42.7832 ], [ -105.43836, 42.77909 ], [ -105.435976, 42.774226 ], [ -105.442438, 42.771542 ], [ -105.443575, 42.766222 ], [ -105.46157, 42.76536 ], [ -105.46156, 42.74634 ], [ -105.46241, 42.74455 ], [ -105.46908, 42.73977 ], [ -105.47186, 42.72656 ], [ -105.47331, 42.72462 ], [ -105.45547, 42.72527 ], [ -105.445326, 42.727563 ], [ -105.434729, 42.72274 ], [ -105.432139, 42.718332 ], [ -105.427605, 42.717684 ], [ -105.425602, 42.715142 ], [ -105.41801, 42.712775 ], [ -105.41845, 42.710293 ], [ -105.413694, 42.707965 ], [ -105.39692, 42.70799 ], [ -105.39684, 42.71788 ], [ -105.390088, 42.720505 ], [ -105.391803, 42.723523 ], [ -105.391062, 42.730343 ], [ -105.393112, 42.733095 ], [ -105.398956, 42.736405 ], [ -105.400934, 42.739307 ], [ -105.397751, 42.74513 ], [ -105.392243, 42.749713 ], [ -105.392612, 42.753293 ], [ -105.39549, 42.756761 ], [ -105.3957, 42.760856 ], [ -105.392507, 42.768554 ], [ -105.395004, 42.77188 ], [ -105.402054, 42.771168 ], [ -105.407085, 42.772554 ], [ -105.413582, 42.776437 ], [ -105.415717, 42.780534 ], [ -105.420718, 42.785489 ], [ -105.419327, 42.787625 ] ] ] } },
{ "type": "Feature", "properties": { "PRED_SS_PC": 0.99660822227662116, "PERCAP": 0.078875953118565476, "TRACTCE": "956400", "HLTH_INS": 0.38149096719930092, "Q_FEMALE": 0.14664989800066811, "RC5": -0.94875709752486359, "HOU_DEN": -0.58578805167551284, "MED_VAL": 0.17828629507841101, "POP_CHG": -0.51354571906322743, "LBR_FORCE": 0.64151346301786161, "SoVI_class": "-0.5 to 0.5 SD", "Q_UNEMP": 1.258298293395727, "Q_EXTRACT": 1.813299068339141, "MED_RENT": 0.21322564951467601, "Q_MOBILE": -0.12154271935926191, "Q_RENTER": -0.37581765906822512, "AGE_DEP": 0.0198489955751605, "MED_AGE": 0.079056950251187544, "PCT_URBAN": 0.60260428385780962, "NO_VEH": 2.226615550033384, "Q_SERV": -0.87234927017865616, "COUNTYFP": "009", "ALAND": 121226001.0, "Ii": 0.18710786453317035, "NAME": "9564", "RC4": 0.36627724515408883, "HOSP_PC": 1.0502538021278129, "PRED_NURS_PC": 0.007563587712370097, "AWATER": 879080.0, "Q_TRANS": -0.89153145268390976, "NAMELSAD": "Census Tract 9564", "RC8": 1.401665821210746, "RC1": -0.81896466196806927, "STATEFP": "56", "NO_HS": -0.1678023314088862, "MTFCC": "G5020", "PRED_BRATE": 0.30440384498671957, "SoVI": -0.87324477252383481, "PRED_PCT_GOP": 0.40482724925801011, "Q_MINOR": -1.052186192803211, "lag_sovi": -2.1291978075242159, "Area_miles": null, "RC3": -0.99962775344735955, "Q_GRP_QTR": -0.099213358549929423, "GEOIDFQ": "1400000US56009956400", "PRED_GDP_PC": -0.48902884800904112, "FUNCSTAT": "S", "RC10": 0.61257783285012102, "GISJOIN": "G5600090956400", "NAME_E": "Census Tract 9564, Converse County, Wyoming", "COUNTY": "Converse County", "INTPTLON": "-105.2990462", "RC2": -0.2019765479519352, "RC9": 0.70356593726969263, "AVG_HH_SZ": -0.33613497994532587, "ESL_PCT": -0.42605528036018142, "INTPTLAT": "+42.7961819", "Q_POV": -0.35697952515600262, "FEM_LBR": 0.5482746360823344, "GEOID": "56009956400", "RC7": 0.36824728162672887, "quadrant": "Low Vulnerability & High Wildfire Risk", "RC6": 1.3562528297429839, "PRED_PHYS_PC": 1.0017927263340911, "PRED_FARM_VAL": 0.70471122445945855, "P.Ii": 0.33808013713189772, "cluster": "Not Significant", "TRACTFIPS": "56009956400", "SOVI_SCORE": 71.80951253000001, "SOVI_RATNG": "Relatively High", "WFIR_RISKS": 96.019882748900002, "WFIR_RISKR": "Relatively Moderate", "WFIR_EALT": 132462.12119599999 }, "geometry": { "type": "Polygon", "coordinates": [ [ [ -105.390088, 42.720505 ], [ -105.37823, 42.72583 ], [ -105.38141, 42.73757 ], [ -105.36606, 42.73858 ], [ -105.35899, 42.73839 ], [ -105.34924, 42.73584 ], [ -105.34148, 42.7323 ], [ -105.34464, 42.73756 ], [ -105.322531, 42.737189 ], [ -105.312789, 42.736435 ], [ -105.30712, 42.73762 ], [ -105.2932, 42.73209 ], [ -105.28668, 42.73176 ], [ -105.28263, 42.72951 ], [ -105.275993, 42.728218 ], [ -105.27021, 42.730746 ], [ -105.269076, 42.734027 ], [ -105.262712, 42.741534 ], [ -105.257032, 42.740633 ], [ -105.254548, 42.741749 ], [ -105.245859, 42.741364 ], [ -105.252661, 42.746304 ], [ -105.255845, 42.752628 ], [ -105.267087, 42.752125 ], [ -105.272529, 42.757923 ], [ -105.266996, 42.76656 ], [ -105.26075, 42.76656 ], [ -105.25783, 42.76853 ], [ -105.25788, 42.78396 ], [ -105.253051, 42.784919 ], [ -105.247506, 42.783292 ], [ -105.238929, 42.783034 ], [ -105.239825, 42.786486 ], [ -105.243817, 42.79016 ], [ -105.247684, 42.791544 ], [ -105.248191, 42.796981 ], [ -105.246362, 42.803498 ], [ -105.248734, 42.810851 ], [ -105.248134, 42.812949 ], [ -105.252291, 42.817015 ], [ -105.256238, 42.818443 ], [ -105.25621, 42.82505 ], [ -105.30959, 42.82471 ], [ -105.31798, 42.82257 ], [ -105.32023, 42.82368 ], [ -105.328637, 42.824325 ], [ -105.340819, 42.827875 ], [ -105.347937, 42.828263 ], [ -105.356756, 42.825946 ], [ -105.365772, 42.826905 ], [ -105.371896, 42.829167 ], [ -105.379968, 42.828124 ], [ -105.385495, 42.825533 ], [ -105.385528, 42.819815 ], [ -105.388066, 42.813106 ], [ -105.387442, 42.810159 ], [ -105.396661, 42.804525 ], [ -105.398881, 42.806742 ], [ -105.404159, 42.805391 ], [ -105.411442, 42.805624 ], [ -105.41549, 42.803145 ], [ -105.421553, 42.802182 ], [ -105.420583, 42.794629 ], [ -105.418773, 42.791443 ], [ -105.419327, 42.787625 ], [ -105.420718, 42.785489 ], [ -105.415717, 42.780534 ], [ -105.413582, 42.776437 ], [ -105.407085, 42.772554 ], [ -105.402054, 42.771168 ], [ -105.395004, 42.77188 ], [ -105.392507, 42.768554 ], [ -105.3957, 42.760856 ], [ -105.39549, 42.756761 ], [ -105.392612, 42.753293 ], [ -105.392243, 42.749713 ], [ -105.397751, 42.74513 ], [ -105.400934, 42.739307 ], [ -105.398956, 42.736405 ], [ -105.393112, 42.733095 ], [ -105.391062, 42.730343 ], [ -105.391803, 42.723523 ], [ -105.390088, 42.720505 ] ] ] } },
{ "type": "Feature", "properties": { "PRED_SS_PC": -0.7518961835565009, "PERCAP": 0.079109377599385092, "TRACTCE": "956600", "HLTH_INS": -0.121154849066586, "Q_FEMALE": -0.12534193181663381, "RC5": -0.14682248052633179, "HOU_DEN": -0.64907000052341524, "MED_VAL": 0.1789107413904566, "POP_CHG": 0.066167606496062861, "LBR_FORCE": 0.19269380268727609, "SoVI_class": "-1 to -0.5 SD", "Q_UNEMP": -0.4433366843912982, "Q_EXTRACT": 1.489353627251317, "MED_RENT": 0.21322701660120311, "Q_MOBILE": 0.34467559463969488, "Q_RENTER": -1.0957352944962671, "AGE_DEP": -0.18633064711257319, "MED_AGE": 0.079057122911537464, "PCT_URBAN": -1.3265962575458641, "NO_VEH": -1.0385537902216311, "Q_SERV": -1.7447519964067131, "COUNTYFP": "009", "ALAND": 10836017394.0, "Ii": 0.21431358564543215, "NAME": "9566", "RC4": -0.76552639112797438, "HOSP_PC": -0.39945578899327572, "PRED_NURS_PC": -0.52156062335421949, "AWATER": 24088794.0, "Q_TRANS": 0.29759004030192332, "NAMELSAD": "Census Tract 9566", "RC8": -0.075282899490146979, "RC1": -2.060650304990046, "STATEFP": "56", "NO_HS": -0.21906642871382251, "MTFCC": "G5020", "PRED_BRATE": 0.09917495200595082, "SoVI": -2.5185004068714458, "PRED_PCT_GOP": 1.223328845487194, "Q_MINOR": -0.66956651322847882, "lag_sovi": -0.84560518980150201, "Area_miles": null, "RC3": -0.22078158080317931, "Q_GRP_QTR": -0.35621174230522579, "GEOIDFQ": "1400000US56009956600", "PRED_GDP_PC": -0.3459135873042406, "FUNCSTAT": "S", "RC10": 0.46115994678780659, "GISJOIN": "G5600090956600", "NAME_E": "Census Tract 9566, Converse County, Wyoming", "COUNTY": "Converse County", "INTPTLON": "-105.5247521", "RC2": 0.086179165963714069, "RC9": -0.48347854429463988, "AVG_HH_SZ": 0.054800822275614038, "ESL_PCT": -0.67026810200462228, "INTPTLAT": "+42.9846234", "Q_POV": -0.71905136500280697, "FEM_LBR": 0.04938948447757105, "GEOID": "56009956600", "RC7": 0.4925028478179615, "quadrant": "Low Vulnerability & High Wildfire Risk", "RC6": -0.19419983379139019, "PRED_PHYS_PC": -0.33048106359740592, "PRED_FARM_VAL": -1.8137118434088511, "P.Ii": 0.30572995843798639, "cluster": "Not Significant", "TRACTFIPS": "56009956600", "SOVI_SCORE": 25.34976011, "SOVI_RATNG": "Relatively Low", "WFIR_RISKS": 98.932134660399996, "WFIR_RISKR": "Relatively High", "WFIR_EALT": 1208881.8917799999 }, "geometry": { "type": "Polygon", "coordinates": [ [ [ -106.078068, 43.494471 ], [ -106.078236, 43.472499 ], [ -106.073869, 43.47257 ], [ -106.074064, 43.458368 ], [ -106.073569, 43.400419 ], [ -106.073466, 43.358086 ], [ -106.073669, 43.300231 ], [ -106.073167, 43.250018 ], [ -106.073768, 43.126667 ], [ -106.075667, 43.126866 ], [ -106.073963, 42.993991 ], [ -106.072904, 42.869747 ], [ -106.072669, 42.778165 ], [ -106.077069, 42.777965 ], [ -106.076169, 42.737665 ], [ -106.074369, 42.737665 ], [ -106.074369, 42.721965 ], [ -106.070669, 42.722065 ], [ -106.070569, 42.718565 ], [ -106.075669, 42.718464 ], [ -106.075669, 42.706165 ], [ -106.073669, 42.706165 ], [ -106.073669, 42.695365 ], [ -106.075769, 42.695265 ], [ -106.076139, 42.618016 ], [ -106.075969, 42.594765 ], [ -106.076569, 42.535765 ], [ -106.074807, 42.503131 ], [ -106.075259, 42.476274 ], [ -106.074795, 42.447525 ], [ -106.075852, 42.433218 ], [ -106.073403, 42.433236 ], [ -105.984294, 42.432911 ], [ -105.963984, 42.43315 ], [ -105.941193, 42.432117 ], [ -105.899273, 42.4325 ], [ -105.873886, 42.431767 ], [ -105.814107, 42.431376 ], [ -105.750562, 42.431702 ], [ -105.719437, 42.431145 ], [ -105.698475, 42.431056 ], [ -105.62555, 42.431346 ], [ -105.593618, 42.431103 ], [ -105.590706, 42.430846 ], [ -105.556042, 42.430583 ], [ -105.556184, 42.406253 ], [ -105.575546, 42.406228 ], [ -105.575642, 42.377314 ], [ -105.614656, 42.377436 ], [ -105.613865, 42.304455 ], [ -105.599427, 42.304809 ], [ -105.599416, 42.297536 ], [ -105.563802, 42.297293 ], [ -105.535878, 42.29455 ], [ -105.5267, 42.296137 ], [ -105.526399, 42.288859 ], [ -105.517372, 42.28969 ], [ -105.500112, 42.289954 ], [ -105.375541, 42.290139 ], [ -105.375538, 42.293837 ], [ -105.378682, 42.319018 ], [ -105.358592, 42.319265 ], [ -105.360831, 42.333529 ], [ -105.361737, 42.376319 ], [ -105.352229, 42.376393 ], [ -105.351964, 42.404892 ], [ -105.34206, 42.404929 ], [ -105.342101, 42.419065 ], [ -105.332486, 42.419104 ], [ -105.332638, 42.431106 ], [ -105.28391, 42.431402 ], [ -105.282258, 42.431328 ], [ -105.283489, 42.491467 ], [ -105.283886, 42.499969 ], [ -105.283738, 42.528061 ], [ -105.285023, 42.585425 ], [ -105.286511, 42.605826 ], [ -105.250536, 42.605646 ], [ -105.186651, 42.606703 ], [ -105.174377, 42.607136 ], [ -105.155907, 42.606762 ], [ -105.10957, 42.60834 ], [ -105.096279, 42.608511 ], [ -105.074868, 42.608158 ], [ -105.045844, 42.608528 ], [ -105.00053, 42.608447 ], [ -104.969451, 42.608844 ], [ -104.961696, 42.608404 ], [ -104.926278, 42.608411 ], [ -104.892437, 42.608939 ], [ -104.892249, 42.624956 ], [ -104.892331, 42.690143 ], [ -104.892709, 42.696618 ], [ -104.893164, 42.723846 ], [ -104.892932, 42.759897 ], [ -104.893479, 42.78282 ], [ -104.89848, 42.78303 ], [ -104.89827, 42.79676 ], [ -104.899373, 42.804524 ], [ -104.898661, 42.811494 ], [ -104.899333, 42.823127 ], [ -104.898823, 42.851117 ], [ -104.89765, 42.873828 ], [ -104.898211, 42.874967 ], [ -104.897968, 42.89932 ], [ -104.898072, 42.999967 ], [ -104.897732, 43.005309 ], [ -104.897781, 43.075408 ], [ -104.898598, 43.117763 ], [ -104.897201, 43.131685 ], [ -104.896966, 43.145635 ], [ -104.898024, 43.24707 ], [ -104.898207, 43.249967 ], [ -104.898506, 43.313382 ], [ -104.897832, 43.354544 ], [ -104.89796, 43.368585 ], [ -104.898667, 43.37497 ], [ -104.898785, 43.407191 ], [ -104.899303, 43.477987 ], [ -104.899941, 43.49964 ], [ -104.940096, 43.49914 ], [ -104.95883, 43.499352 ], [ -105.000139, 43.499287 ], [ -105.000527, 43.499049 ], [ -105.079797, 43.498445 ], [ -105.137546, 43.498039 ], [ -105.241995, 43.498217 ], [ -105.251703, 43.498021 ], [ -105.372701, 43.49731 ], [ -105.44686, 43.496703 ], [ -105.495864, 43.496833 ], [ -105.500545, 43.496561 ], [ -105.558017, 43.496697 ], [ -105.62555, 43.496164 ], [ -105.731438, 43.495577 ], [ -105.750557, 43.495827 ], [ -105.86681, 43.495402 ], [ -105.87556, 43.495134 ], [ -106.000566, 43.4948 ], [ -106.017366, 43.494969 ], [ -106.078068, 43.494471 ] ], [ [ -105.907139, 42.85515 ], [ -105.90576, 42.85689 ], [ -105.905758, 42.864134 ], [ -105.89766, 42.870487 ], [ -105.893456, 42.871224 ], [ -105.88661, 42.868547 ], [ -105.883075, 42.869091 ], [ -105.878232, 42.872098 ], [ -105.871239, 42.872213 ], [ -105.863268, 42.868432 ], [ -105.857459, 42.867556 ], [ -105.849564, 42.871475 ], [ -105.844171, 42.870711 ], [ -105.840528, 42.864791 ], [ -105.834007, 42.861858 ], [ -105.826354, 42.860411 ], [ -105.822092, 42.857999 ], [ -105.814211, 42.856609 ], [ -105.811826, 42.847205 ], [ -105.809614, 42.843691 ], [ -105.803416, 42.841485 ], [ -105.806841, 42.837346 ], [ -105.81123, 42.83737 ], [ -105.82012, 42.82698 ], [ -105.82265, 42.82739 ], [ -105.85356, 42.83586 ], [ -105.86269, 42.83742 ], [ -105.89372, 42.83716 ], [ -105.891545, 42.839753 ], [ -105.89861, 42.840151 ], [ -105.898493, 42.851029 ], [ -105.907139, 42.85515 ] ], [ [ -105.390088, 42.720505 ], [ -105.39684, 42.71788 ], [ -105.39692, 42.70799 ], [ -105.413694, 42.707965 ], [ -105.41845, 42.710293 ], [ -105.41801, 42.712775 ], [ -105.425602, 42.715142 ], [ -105.427605, 42.717684 ], [ -105.432139, 42.718332 ], [ -105.434729, 42.72274 ], [ -105.445326, 42.727563 ], [ -105.45547, 42.72527 ], [ -105.47331, 42.72462 ], [ -105.47186, 42.72656 ], [ -105.46908, 42.73977 ], [ -105.46241, 42.74455 ], [ -105.46156, 42.74634 ], [ -105.46157, 42.76536 ], [ -105.443575, 42.766222 ], [ -105.442438, 42.771542 ], [ -105.435976, 42.774226 ], [ -105.43836, 42.77909 ], [ -105.43617, 42.7832 ], [ -105.435896, 42.799129 ], [ -105.424742, 42.790901 ], [ -105.419327, 42.787625 ], [ -105.418773, 42.791443 ], [ -105.420583, 42.794629 ], [ -105.421553, 42.802182 ], [ -105.41549, 42.803145 ], [ -105.411442, 42.805624 ], [ -105.404159, 42.805391 ], [ -105.398881, 42.806742 ], [ -105.396661, 42.804525 ], [ -105.387442, 42.810159 ], [ -105.388066, 42.813106 ], [ -105.385528, 42.819815 ], [ -105.385495, 42.825533 ], [ -105.379968, 42.828124 ], [ -105.371896, 42.829167 ], [ -105.365772, 42.826905 ], [ -105.356756, 42.825946 ], [ -105.347937, 42.828263 ], [ -105.340819, 42.827875 ], [ -105.328637, 42.824325 ], [ -105.32023, 42.82368 ], [ -105.31798, 42.82257 ], [ -105.30959, 42.82471 ], [ -105.25621, 42.82505 ], [ -105.256238, 42.818443 ], [ -105.252291, 42.817015 ], [ -105.248134, 42.812949 ], [ -105.248734, 42.810851 ], [ -105.246362, 42.803498 ], [ -105.248191, 42.796981 ], [ -105.247684, 42.791544 ], [ -105.243817, 42.79016 ], [ -105.239825, 42.786486 ], [ -105.238929, 42.783034 ], [ -105.247506, 42.783292 ], [ -105.253051, 42.784919 ], [ -105.25788, 42.78396 ], [ -105.25783, 42.76853 ], [ -105.26075, 42.76656 ], [ -105.266996, 42.76656 ], [ -105.272529, 42.757923 ], [ -105.267087, 42.752125 ], [ -105.255845, 42.752628 ], [ -105.252661, 42.746304 ], [ -105.245859, 42.741364 ], [ -105.254548, 42.741749 ], [ -105.257032, 42.740633 ], [ -105.262712, 42.741534 ], [ -105.269076, 42.734027 ], [ -105.27021, 42.730746 ], [ -105.275993, 42.728218 ], [ -105.28263, 42.72951 ], [ -105.28668, 42.73176 ], [ -105.2932, 42.73209 ], [ -105.30712, 42.73762 ], [ -105.312789, 42.736435 ], [ -105.322531, 42.737189 ], [ -105.34464, 42.73756 ], [ -105.34148, 42.7323 ], [ -105.34924, 42.73584 ], [ -105.35899, 42.73839 ], [ -105.36606, 42.73858 ], [ -105.38141, 42.73757 ], [ -105.37823, 42.72583 ], [ -105.390088, 42.720505 ] ] ] } },
{ "type": "Feature", "properties": { "PRED_SS_PC": 0.089871427370718085, "PERCAP": 0.078821709390152622, "TRACTCE": "956700", "HLTH_INS": -0.31740355195985259, "Q_FEMALE": 0.097710577220777486, "RC5": 0.061355964442910298, "HOU_DEN": -0.48213982149626661, "MED_VAL": 0.17796333522513841, "POP_CHG": 1.214807613455837, "LBR_FORCE": -0.32381977845780369, "SoVI_class": "-0.5 to 0.5 SD", "Q_UNEMP": 0.09146288005605252, "Q_EXTRACT": -0.29234629873171231, "MED_RENT": 0.21322550330221321, "Q_MOBILE": -0.47713295884999168, "Q_RENTER": -0.16928391119952441, "AGE_DEP": 0.12651054925199631, "MED_AGE": 0.079056995787983128, "PCT_URBAN": -1.3265962575458641, "NO_VEH": -1.1209764186047111, "Q_SERV": 0.3421721722172667, "COUNTYFP": "009", "ALAND": 26097174.0, "Ii": -0.22450498817936601, "NAME": "9567", "RC4": -0.17040160508878979, "HOSP_PC": -0.39945578899327572, "PRED_NURS_PC": -0.015617541426592369, "AWATER": 583365.0, "Q_TRANS": 1.8830853642830341, "NAMELSAD": "Census Tract 9567", "RC8": -0.59813272402651374, "RC1": 0.1556533481261585, "STATEFP": "56", "NO_HS": -0.4000113174158621, "MTFCC": "G5020", "PRED_BRATE": 0.58562828756317165, "SoVI": 0.88581683971154002, "PRED_PCT_GOP": 0.1334210419791092, "Q_MINOR": -0.61493342432091835, "lag_sovi": -2.5185004068714458, "Area_miles": null, "RC3": 0.076221051643254295, "Q_GRP_QTR": -0.35621174230522579, "GEOIDFQ": "1400000US56009956700", "PRED_GDP_PC": -0.33472259019562117, "FUNCSTAT": "S", "RC10": -0.62853098072554658, "GISJOIN": "G5600090956700", "NAME_E": "Census Tract 9567, Converse County, Wyoming", "COUNTY": "Converse County", "INTPTLON": "-105.8432092", "RC2": -0.46239187030706358, "RC9": 0.041044960825034428, "AVG_HH_SZ": 0.89252039846334519, "ESL_PCT": -0.1785508625309149, "INTPTLAT": "+42.8442048", "Q_POV": -0.61142411637693095, "FEM_LBR": -0.63693327247764675, "GEOID": "56009956700", "RC7": 0.29889500849143108, "quadrant": "High Vulnerability & High Wildfire Risk", "RC6": -2.112103686330665, "PRED_PHYS_PC": -1.6140114275132149, "PRED_FARM_VAL": 0.70471122445945855, "P.Ii": 0.42670338477103242, "cluster": "Not Significant", "TRACTFIPS": "56009956700", "SOVI_SCORE": 61.38660191, "SOVI_RATNG": "Relatively High", "WFIR_RISKS": 92.5522932943, "WFIR_RISKR": "Relatively Moderate", "WFIR_EALT": 47266.276723100003 }, "geometry": { "type": "Polygon", "coordinates": [ [ [ -105.907139, 42.85515 ], [ -105.898493, 42.851029 ], [ -105.89861, 42.840151 ], [ -105.891545, 42.839753 ], [ -105.89372, 42.83716 ], [ -105.86269, 42.83742 ], [ -105.85356, 42.83586 ], [ -105.82265, 42.82739 ], [ -105.82012, 42.82698 ], [ -105.81123, 42.83737 ], [ -105.806841, 42.837346 ], [ -105.803416, 42.841485 ], [ -105.809614, 42.843691 ], [ -105.811826, 42.847205 ], [ -105.814211, 42.856609 ], [ -105.822092, 42.857999 ], [ -105.826354, 42.860411 ], [ -105.834007, 42.861858 ], [ -105.840528, 42.864791 ], [ -105.844171, 42.870711 ], [ -105.849564, 42.871475 ], [ -105.857459, 42.867556 ], [ -105.863268, 42.868432 ], [ -105.871239, 42.872213 ], [ -105.878232, 42.872098 ], [ -105.883075, 42.869091 ], [ -105.88661, 42.868547 ], [ -105.893456, 42.871224 ], [ -105.89766, 42.870487 ], [ -105.905758, 42.864134 ], [ -105.90576, 42.85689 ], [ -105.907139, 42.85515 ] ] ] } },
{ "type": "Feature", "properties": { "PRED_SS_PC": -0.83028886197744878, "PERCAP": 0.079061679546489003, "TRACTCE": "000800", "HLTH_INS": 0.13172208917309319, "Q_FEMALE": 0.30934282156505027, "RC5": -0.79462791037952663, "HOU_DEN": 1.645047881163284, "MED_VAL": 0.17830862740869041, "POP_CHG": -1.510742066423862, "LBR_FORCE": 0.98537635161280002, "SoVI_class": "-0.5 to 0.5 SD", "Q_UNEMP": -0.92951810661616241, "Q_EXTRACT": -0.90552874079080681, "MED_RENT": 0.21322648292571389, "Q_MOBILE": -0.93544926752693236, "Q_RENTER": -0.2755012672462846, "AGE_DEP": 0.2019409517157183, "MED_AGE": 0.07905695214855403, "PCT_URBAN": 0.92287987496125579, "NO_VEH": 1.1612797217069839, "Q_SERV": 0.69284385628932954, "COUNTYFP": "021", "ALAND": 1244409.0, "Ii": -0.048378821617512335, "NAME": "8", "RC4": -0.88216191376302988, "HOSP_PC": -0.39945578899327572, "PRED_NURS_PC": -1.0469495550947829, "AWATER": 0.0, "Q_TRANS": 0.81783069348322524, "NAMELSAD": "Census Tract 8", "RC8": 0.12490951873212761, "RC1": 1.3271962999593121, "STATEFP": "56", "NO_HS": 0.34833373988710797, "MTFCC": "G5020", "PRED_BRATE": -1.5199869682541001, "SoVI": -0.5051567837227805, "PRED_PCT_GOP": -0.76352025776032606, "Q_MINOR": 0.54663460177300649, "lag_sovi": 0.95167587267820763, "Area_miles": null, "RC3": -0.68697902787415221, "Q_GRP_QTR": -0.35621174230522579, "GEOIDFQ": "1400000US56021000800", "PRED_GDP_PC": -0.31428364342416509, "FUNCSTAT": "S", "RC10": 1.3499432487550369, "GISJOIN": "G5600210000800", "NAME_E": "Census Tract 8, Laramie County, Wyoming", "COUNTY": "Laramie County", "INTPTLON": "-104.7988307", "RC2": 0.35387762668023132, "RC9": -1.1426592866468179, "AVG_HH_SZ": -0.9225386832767376, "ESL_PCT": -0.45929953647312782, "INTPTLAT": "+41.1492172", "Q_POV": -0.17949285494112491, "FEM_LBR": 1.515394714682053, "GEOID": "56021000800", "RC7": -0.27035931557648119, "quadrant": "Low Vulnerability & Low Wildfire Risk", "RC6": -0.11570397639051951, "PRED_PHYS_PC": -0.16315604451615101, "PRED_FARM_VAL": 0.70471122445945855, "P.Ii": 0.544691052350883, "cluster": "Not Significant", "TRACTFIPS": "56021000800", "SOVI_SCORE": 54.1183439, "SOVI_RATNG": "Relatively Moderate", "WFIR_RISKS": 18.832720916100001, "WFIR_RISKR": "Very Low", "WFIR_EALT": 4.1115732295599998e-10 }, "geometry": { "type": "Polygon", "coordinates": [ [ [ -104.785374, 41.152597 ], [ -104.809223, 41.15237 ], [ -104.809391, 41.145921 ], [ -104.800218, 41.14586 ], [ -104.790011, 41.145826 ], [ -104.789879, 41.148488 ], [ -104.785374, 41.152597 ] ] ] } },
{ "type": "Feature", "properties": { "PRED_SS_PC": 0.50370229143166978, "PERCAP": 0.078856600686602857, "TRACTCE": "000700", "HLTH_INS": -0.15313500115582079, "Q_FEMALE": 0.76835308848639128, "RC5": -0.40414663700606712, "HOU_DEN": 2.253254262594595, "MED_VAL": 0.17802603753707691, "POP_CHG": 0.29730230701357058, "LBR_FORCE": 0.96642323840002642, "SoVI_class": "-0.5 to 0.5 SD", "Q_UNEMP": 0.18869916450102531, "Q_EXTRACT": -0.75512550028574599, "MED_RENT": 0.2132253717109967, "Q_MOBILE": -0.89593924091685129, "Q_RENTER": 0.2791893698867971, "AGE_DEP": -0.47351434650638052, "MED_AGE": 0.079056955943286988, "PCT_URBAN": 0.92287987496125579, "NO_VEH": -1.1209764186047111, "Q_SERV": 1.009303668744604, "COUNTYFP": "025", "ALAND": 1599238.0, "Ii": -0.091049202481328417, "NAME": "7", "RC4": -1.2492355052342961, "HOSP_PC": -0.39945578899327572, "PRED_NURS_PC": -1.0469495550947829, "AWATER": 0.0, "Q_TRANS": -0.24742397731658339, "NAMELSAD": "Census Tract 7", "RC8": -0.61225974989119436, "RC1": 0.60060681928792548, "STATEFP": "56", "NO_HS": -1.1331125383958749, "MTFCC": "G5020", "PRED_BRATE": -1.5199869682541001, "SoVI": -0.68649297102051476, "PRED_PCT_GOP": -1.007815228700883, "Q_MINOR": -0.1017572697548137, "lag_sovi": 1.3179532756587526, "Area_miles": null, "RC3": -0.13946007247150249, "Q_GRP_QTR": -0.35132348718066708, "GEOIDFQ": "1400000US56025000700", "PRED_GDP_PC": -0.78142769655851152, "FUNCSTAT": "S", "RC10": 1.1257932093790151, "GISJOIN": "G5600250000700", "NAME_E": "Census Tract 7, Natrona County, Wyoming", "COUNTY": "Natrona County", "INTPTLON": "-106.3312246", "RC2": -1.0459277075449149, "RC9": 0.83221351783266462, "AVG_HH_SZ": -0.44783092343702341, "ESL_PCT": -0.71676894288916393, "INTPTLAT": "+42.8361755", "Q_POV": 0.33598430545120272, "FEM_LBR": 1.902974423070434, "GEOID": "56025000700", "RC7": -0.057074412499277791, "quadrant": "Low Vulnerability & Low Wildfire Risk", "RC6": -0.26299756712713279, "PRED_PHYS_PC": 0.49144549235524571, "PRED_FARM_VAL": 0.70471122445945855, "P.Ii": 0.30100903353505742, "cluster": "Not Significant", "TRACTFIPS": "56025000700", "SOVI_SCORE": 90.83101345, "SOVI_RATNG": "Very High", "WFIR_RISKS": 59.991913714600003, "WFIR_RISKR": "Very Low", "WFIR_EALT": 356.04164545899999 }, "geometry": { "type": "Polygon", "coordinates": [ [ [ -106.33702, 42.83512 ], [ -106.33708, 42.82485 ], [ -106.3342, 42.82575 ], [ -106.32795, 42.83381 ], [ -106.322844, 42.834352 ], [ -106.32375, 42.83857 ], [ -106.32376, 42.84361 ], [ -106.32797, 42.84476 ], [ -106.33703, 42.84152 ], [ -106.33702, 42.83512 ] ] ] } },
{ "type": "Feature", "properties": { "PRED_SS_PC": 1.848113440754553, "PERCAP": 0.078936742522495093, "TRACTCE": "970602", "HLTH_INS": 0.69591320377892707, "Q_FEMALE": 0.45449418608326958, "RC5": -1.506340715895359, "HOU_DEN": 1.8476101317082789, "MED_VAL": 0.17838249588576871, "POP_CHG": -0.51567575167284341, "LBR_FORCE": -0.0082864531570942448, "SoVI_class": "-1 to -0.5 SD", "Q_UNEMP": 2.279279280067942, "Q_EXTRACT": 1.0728523458526871, "MED_RENT": 0.21322631478138171, "Q_MOBILE": -0.93544926752693236, "Q_RENTER": -1.160645900969288, "AGE_DEP": 0.66063543935371016, "MED_AGE": 0.079056790872403013, "PCT_URBAN": 0.92287987496125579, "NO_VEH": -0.46374384867801599, "Q_SERV": -0.7782666232324924, "COUNTYFP": "037", "ALAND": 1497769.0, "Ii": 0.1667090043641421, "NAME": "9706.02", "RC4": -0.69446059226211532, "HOSP_PC": -0.39945578899327572, "PRED_NURS_PC": -0.43170738787997343, "AWATER": 0.0, "Q_TRANS": -0.81721135937229517, "NAMELSAD": "Census Tract 9706.02", "RC8": 0.92841935605190518, "RC1": -0.18498763280202679, "STATEFP": "56", "NO_HS": 0.44571993559802531, "MTFCC": "G5020", "PRED_BRATE": 1.590402422403502, "SoVI": -2.3841704372699368, "PRED_PCT_GOP": 0.71691703059191358, "Q_MINOR": -0.42602329498608871, "lag_sovi": -0.69483505653913347, "Area_miles": null, "RC3": -0.8887849801660519, "Q_GRP_QTR": -0.35621174230522579, "GEOIDFQ": "1400000US56037970602", "PRED_GDP_PC": -0.30554793869297081, "FUNCSTAT": "S", "RC10": -1.303581602579297, "GISJOIN": "G5600370970602", "NAME_E": "Census Tract 9706.02, Sweetwater County, Wyoming", "COUNTY": "Sweetwater County", "INTPTLON": "-109.4560495", "RC2": -0.62513012052022454, "RC9": 1.820188717171684, "AVG_HH_SZ": 1.6185440311593779, "ESL_PCT": -0.39608709613101267, "INTPTLAT": "+41.4973671", "Q_POV": 0.051951639801308173, "FEM_LBR": 0.24266172546729561, "GEOID": "56037970602", "RC7": 0.96810995193357363, "quadrant": "Low Vulnerability & Low Wildfire Risk", "RC6": 0.89760281820202525, "PRED_PHYS_PC": -0.34244011685421383, "PRED_FARM_VAL": 0.70471122445945855, "P.Ii": 0.74966426567193634, "cluster": "Not Significant", "TRACTFIPS": "56037970602", "SOVI_SCORE": 9.209856068000001, "SOVI_RATNG": "Very Low", "WFIR_RISKS": 28.068923691599998, "WFIR_RISKR": "Very Low", "WFIR_EALT": 38.595566797300002 }, "geometry": { "type": "Polygon", "coordinates": [ [ [ -109.46402, 41.50329 ], [ -109.46382, 41.49679 ], [ -109.46118, 41.49259 ], [ -109.45785, 41.49088 ], [ -109.448147, 41.494182 ], [ -109.44609, 41.498193 ], [ -109.45321, 41.50153 ], [ -109.45405, 41.50326 ], [ -109.46402, 41.50329 ] ] ] } },
{ "type": "Feature", "properties": { "PRED_SS_PC": 0.16560643377889531, "PERCAP": 0.078844647713920066, "TRACTCE": "971600", "HLTH_INS": -1.4099620387887291, "Q_FEMALE": -0.11082336317216419, "RC5": 0.26798050650710648, "HOU_DEN": -0.64948331602323806, "MED_VAL": 0.17700390395890039, "POP_CHG": 1.7882762838713639, "LBR_FORCE": -0.17889300692376051, "SoVI_class": "0.5 to 1 SD", "Q_UNEMP": 0.140081022278539, "Q_EXTRACT": 1.165408186163494, "MED_RENT": 0.2132265487213221, "Q_MOBILE": 1.5299763929421279, "Q_RENTER": -0.02766076980384384, "AGE_DEP": -0.036781740964061699, "MED_AGE": 0.079057028043213337, "PCT_URBAN": -1.3265962575458641, "NO_VEH": -1.1209764186047111, "Q_SERV": -0.42759493916043068, "COUNTYFP": "037", "ALAND": 21176201687.0, "Ii": 0.13437570361810566, "NAME": "9716", "RC4": -0.41407113956541941, "HOSP_PC": -0.39945578899327572, "PRED_NURS_PC": -0.1464358434304201, "AWATER": 79492317.0, "Q_TRANS": 2.2299124664039018, "NAMELSAD": "Census Tract 9716", "RC8": -0.44971460955584319, "RC1": -1.509386908045792, "STATEFP": "56", "NO_HS": -0.043727258731365563, "MTFCC": "G5020", "PRED_BRATE": 0.632012685271368, "SoVI": 2.6070359555099869, "PRED_PCT_GOP": 0.81996131055104093, "Q_MINOR": -0.45937194127898812, "lag_sovi": 0.51219306402931153, "Area_miles": null, "RC3": 0.5671382214106947, "Q_GRP_QTR": -0.34850096831000738, "GEOIDFQ": "1400000US56037971600", "PRED_GDP_PC": -0.0565365004239081, "FUNCSTAT": "S", "RC10": 0.18758063712478751, "GISJOIN": "G5600370971600", "NAME_E": "Census Tract 9716, Sweetwater County, Wyoming", "COUNTY": "Sweetwater County", "INTPTLON": "-108.6548533", "RC2": 0.53904608195886183, "RC9": 0.60829487475259336, "AVG_HH_SZ": 0.44573662449655532, "ESL_PCT": -0.13758841414261561, "INTPTLAT": "+41.6989973", "Q_POV": -0.43900801618131718, "FEM_LBR": -0.64899787376980078, "GEOID": "56037971600", "RC7": 0.20900391247545941, "quadrant": "High Vulnerability & High Wildfire Risk", "RC6": -2.601164378447538, "PRED_PHYS_PC": -1.6140114275132149, "PRED_FARM_VAL": -1.605094247959395, "P.Ii": 0.54725405794750037, "cluster": "Not Significant", "TRACTFIPS": "56037971600", "SOVI_SCORE": 48.9148848, "SOVI_RATNG": "Relatively Moderate", "WFIR_RISKS": 92.211004483099998, "WFIR_RISKR": "Relatively Moderate", "WFIR_EALT": 48003.333230600001 }, "geometry": { "type": "Polygon", "coordinates": [ [ [ -110.053708, 42.270744 ], [ -110.053407, 42.212844 ], [ -110.053408, 42.155246 ], [ -110.053658, 42.124946 ], [ -110.054409, 42.007048 ], [ -110.046408, 42.006948 ], [ -110.046432, 41.980754 ], [ -110.043063, 41.979712 ], [ -110.01265, 41.98784 ], [ -110.00688, 41.9867 ], [ -110.00036, 41.98192 ], [ -109.99164, 41.97815 ], [ -109.98069, 41.97499 ], [ -109.96012, 41.96647 ], [ -109.94311, 41.96229 ], [ -109.91096, 41.95497 ], [ -109.89122, 41.94773 ], [ -109.88339, 41.94523 ], [ -109.85259, 41.93659 ], [ -109.8399, 41.92799 ], [ -109.82731, 41.91632 ], [ -109.82374, 41.91386 ], [ -109.81653, 41.91107 ], [ -109.81208, 41.9111 ], [ -109.80858, 41.91306 ], [ -109.79632, 41.91741 ], [ -109.77427, 41.92263 ], [ -109.76837, 41.92498 ], [ -109.76492, 41.93113 ], [ -109.76091, 41.93574 ], [ -109.74861, 41.94524 ], [ -109.73393, 41.95211 ], [ -109.72691, 41.95404 ], [ -109.71863, 41.95446 ], [ -109.71255, 41.95564 ], [ -109.70377, 41.95442 ], [ -109.68696, 41.94863 ], [ -109.69173, 41.94226 ], [ -109.69027, 41.94036 ], [ -109.67889, 41.9384 ], [ -109.6621, 41.92962 ], [ -109.65125, 41.92624 ], [ -109.64893, 41.92271 ], [ -109.638252, 41.919385 ], [ -109.603965, 41.919128 ], [ -109.571178, 41.919189 ], [ -109.567471, 41.917823 ], [ -109.555569, 41.918867 ], [ -109.544978, 41.918316 ], [ -109.543499, 41.919101 ], [ -109.494897, 41.918986 ], [ -109.483712, 41.920063 ], [ -109.470157, 41.919741 ], [ -109.463274, 41.92022 ], [ -109.444421, 41.920409 ], [ -109.376557, 41.920539 ], [ -109.37144, 41.91759 ], [ -109.35829, 41.90064 ], [ -109.353751, 41.89222 ], [ -109.34269, 41.85748 ], [ -109.33428, 41.79467 ], [ -109.338811, 41.778835 ], [ -109.34983, 41.773206 ], [ -109.351708, 41.769405 ], [ -109.345099, 41.758209 ], [ -109.340376, 41.746425 ], [ -109.335608, 41.743269 ], [ -109.33144, 41.74202 ], [ -109.31365, 41.74416 ], [ -109.30903, 41.74374 ], [ -109.28788, 41.73684 ], [ -109.28155, 41.73385 ], [ -109.27438, 41.72691 ], [ -109.26487, 41.72718 ], [ -109.244601, 41.728564 ], [ -109.239679, 41.730374 ], [ -109.22171, 41.72828 ], [ -109.21304, 41.7298 ], [ -109.20119, 41.72848 ], [ -109.19427, 41.72785 ], [ -109.17676, 41.73278 ], [ -109.161532, 41.732666 ], [ -109.156438, 41.730229 ], [ -109.152075, 41.729715 ], [ -109.142035, 41.730812 ], [ -109.1287, 41.731258 ], [ -109.120711, 41.730548 ], [ -109.1153, 41.732215 ], [ -109.108632, 41.729349 ], [ -109.1087, 41.72465 ], [ -109.11108, 41.72153 ], [ -109.11189, 41.70814 ], [ -109.106342, 41.694772 ], [ -109.10462, 41.69412 ], [ -109.10658, 41.6834 ], [ -109.10708, 41.67616 ], [ -109.11086, 41.66706 ], [ -109.115, 41.64312 ], [ -109.11544, 41.63157 ], [ -109.12033, 41.61655 ], [ -109.12696, 41.61461 ], [ -109.12733, 41.61179 ], [ -109.13373, 41.60948 ], [ -109.132184, 41.60406 ], [ -109.12858, 41.603178 ], [ -109.125406, 41.601102 ], [ -109.117915, 41.593886 ], [ -109.11627, 41.59083 ], [ -109.117, 41.58025 ], [ -109.10748, 41.54499 ], [ -109.107826, 41.53472 ], [ -109.12317, 41.53385 ], [ -109.13087, 41.53572 ], [ -109.13739, 41.54271 ], [ -109.14036, 41.54111 ], [ -109.14705, 41.53323 ], [ -109.15635, 41.52934 ], [ -109.1579, 41.52718 ], [ -109.1581, 41.50949 ], [ -109.17753, 41.47228 ], [ -109.18096, 41.46071 ], [ -109.18389, 41.45601 ], [ -109.18694, 41.45515 ], [ -109.19443, 41.45567 ], [ -109.21601, 41.44692 ], [ -109.22808, 41.44452 ], [ -109.234039, 41.441438 ], [ -109.24335, 41.44003 ], [ -109.257449, 41.435998 ], [ -109.259559, 41.436939 ], [ -109.25907, 41.44379 ], [ -109.26009, 41.44712 ], [ -109.26402, 41.4507 ], [ -109.26781, 41.46278 ], [ -109.26774, 41.46907 ], [ -109.26928, 41.47624 ], [ -109.26805, 41.48435 ], [ -109.27149, 41.48829 ], [ -109.26606, 41.49468 ], [ -109.269807, 41.496556 ], [ -109.283676, 41.495484 ], [ -109.288991, 41.498567 ], [ -109.30581, 41.503813 ], [ -109.305347, 41.500162 ], [ -109.309335, 41.491882 ], [ -109.317169, 41.489332 ], [ -109.328061, 41.483846 ], [ -109.337084, 41.482978 ], [ -109.338993, 41.479093 ], [ -109.33935, 41.474164 ], [ -109.346087, 41.475462 ], [ -109.354794, 41.475949 ], [ -109.360102, 41.47438 ], [ -109.363641, 41.476431 ], [ -109.37099, 41.474559 ], [ -109.371417, 41.477107 ], [ -109.377873, 41.474754 ], [ -109.384274, 41.474288 ], [ -109.387115, 41.472072 ], [ -109.385236, 41.465419 ], [ -109.386929, 41.460614 ], [ -109.385669, 41.454315 ], [ -109.387909, 41.446047 ], [ -109.393754, 41.443861 ], [ -109.400171, 41.443201 ], [ -109.408128, 41.441104 ], [ -109.416933, 41.440609 ], [ -109.423844, 41.436949 ], [ -109.422879, 41.433435 ], [ -109.410958, 41.425935 ], [ -109.409327, 41.422251 ], [ -109.412204, 41.411464 ], [ -109.416169, 41.406291 ], [ -109.424541, 41.404132 ], [ -109.43744, 41.410836 ], [ -109.443043, 41.411331 ], [ -109.44893, 41.408983 ], [ -109.451253, 41.406245 ], [ -109.452318, 41.400592 ], [ -109.450068, 41.383687 ], [ -109.448787, 41.380861 ], [ -109.445093, 41.378849 ], [ -109.433223, 41.376945 ], [ -109.429444, 41.374426 ], [ -109.429127, 41.366858 ], [ -109.435883, 41.357974 ], [ -109.439139, 41.354885 ], [ -109.451259, 41.354665 ], [ -109.453628, 41.353937 ], [ -109.456375, 41.348867 ], [ -109.45674, 41.341324 ], [ -109.458174, 41.335358 ], [ -109.462114, 41.329398 ], [ -109.468633, 41.32457 ], [ -109.472777, 41.323387 ], [ -109.486052, 41.322661 ], [ -109.494116, 41.320902 ], [ -109.506139, 41.325365 ], [ -109.509732, 41.326101 ], [ -109.527096, 41.324791 ], [ -109.531714, 41.321992 ], [ -109.534652, 41.315517 ], [ -109.535221, 41.308904 ], [ -109.533635, 41.298976 ], [ -109.531817, 41.293559 ], [ -109.53095, 41.28351 ], [ -109.535184, 41.278466 ], [ -109.557956, 41.264554 ], [ -109.565111, 41.258536 ], [ -109.573445, 41.249948 ], [ -109.579095, 41.242024 ], [ -109.589912, 41.224608 ], [ -109.580922, 41.219744 ], [ -109.574135, 41.217212 ], [ -109.554492, 41.213117 ], [ -109.548214, 41.210558 ], [ -109.541965, 41.204513 ], [ -109.539769, 41.190415 ], [ -109.537721, 41.181468 ], [ -109.534443, 41.172857 ], [ -109.549893, 41.163293 ], [ -109.552855, 41.156491 ], [ -109.552619, 41.146519 ], [ -109.55394, 41.135529 ], [ -109.541494, 41.126591 ], [ -109.532139, 41.116968 ], [ -109.529827, 41.110892 ], [ -109.529934, 41.10514 ], [ -109.538301, 41.097198 ], [ -109.544291, 41.084302 ], [ -109.54726, 41.069635 ], [ -109.549751, 41.066463 ], [ -109.563795, 41.056383 ], [ -109.555231, 41.047905 ], [ -109.550819, 41.04051 ], [ -109.550735, 41.037442 ], [ -109.554899, 41.032008 ], [ -109.565903, 41.025719 ], [ -109.566734, 41.022379 ], [ -109.5626, 41.015777 ], [ -109.560045, 41.013507 ], [ -109.56072, 41.009143 ], [ -109.56323, 41.006409 ], [ -109.561055, 41.000918 ], [ -109.565094, 40.99839 ], [ -109.543697, 40.998396 ], [ -109.510886, 40.999052 ], [ -109.400234, 40.99988 ], [ -109.307349, 41.000521 ], [ -109.250007, 41.00105 ], [ -109.232505, 41.002107 ], [ -109.213249, 41.002009 ], [ -109.197811, 41.001185 ], [ -109.178685, 41.000902 ], [ -109.115117, 41.000849 ], [ -109.088529, 41.000673 ], [ -109.050026, 41.000691 ], [ -109.024975, 41.000459 ], [ -109.000532, 41.000558 ], [ -108.884138, 41.000094 ], [ -108.792444, 41.000201 ], [ -108.740026, 41.000069 ], [ -108.631108, 41.000156 ], [ -108.625663, 40.999962 ], [ -108.561854, 40.999962 ], [ -108.557658, 40.999622 ], [ -108.526029, 40.999592 ], [ -108.500659, 41.000112 ], [ -108.375653, 41.000013 ], [ -108.250649, 41.000114 ], [ -108.24972, 41.000362 ], [ -108.181227, 41.000455 ], [ -108.126215, 41.001276 ], [ -108.10531, 41.001395 ], [ -108.046539, 41.002064 ], [ -108.000636, 41.001814 ], [ -107.97033, 41.002012 ], [ -107.918421, 41.002036 ], [ -107.917629, 41.107876 ], [ -107.917198, 41.230119 ], [ -107.917072, 41.304919 ], [ -107.916976, 41.366 ], [ -107.917104, 41.398499 ], [ -107.92988, 41.39853 ], [ -107.929772, 41.497531 ], [ -107.929856, 41.590298 ], [ -107.929951, 41.624959 ], [ -107.929736, 41.659596 ], [ -107.889212, 41.659049 ], [ -107.875633, 41.659103 ], [ -107.81377, 41.658665 ], [ -107.77502, 41.658137 ], [ -107.749222, 41.65833 ], [ -107.625784, 41.65778 ], [ -107.50972, 41.657452 ], [ -107.510054, 41.740513 ], [ -107.50549, 41.74053 ], [ -107.505292, 41.830909 ], [ -107.505084, 41.842806 ], [ -107.504842, 41.90433 ], [ -107.504681, 41.914048 ], [ -107.504253, 41.984678 ], [ -107.50382, 42.058857 ], [ -107.503821, 42.087957 ], [ -107.522321, 42.087957 ], [ -107.522472, 42.124957 ], [ -107.522822, 42.160357 ], [ -107.522923, 42.249956 ], [ -107.522722, 42.261756 ], [ -107.56173, 42.261856 ], [ -107.639128, 42.261356 ], [ -107.694191, 42.261627 ], [ -107.750632, 42.262055 ], [ -107.875636, 42.261855 ], [ -107.994247, 42.262053 ], [ -108.119464, 42.262489 ], [ -108.194059, 42.262797 ], [ -108.241634, 42.263295 ], [ -108.375655, 42.263672 ], [ -108.525806, 42.263066 ], [ -108.698578, 42.263141 ], [ -108.756031, 42.262875 ], [ -108.859256, 42.263478 ], [ -108.875671, 42.263786 ], [ -108.908028, 42.263486 ], [ -108.97665, 42.263581 ], [ -109.000673, 42.263851 ], [ -109.043864, 42.263684 ], [ -109.122188, 42.263429 ], [ -109.144336, 42.263545 ], [ -109.245914, 42.263492 ], [ -109.373112, 42.263739 ], [ -109.375683, 42.263861 ], [ -109.473881, 42.263428 ], [ -109.500686, 42.263559 ], [ -109.607458, 42.26477 ], [ -109.646563, 42.264836 ], [ -109.698722, 42.265231 ], [ -109.746955, 42.265873 ], [ -109.750693, 42.265723 ], [ -109.86207, 42.267548 ], [ -109.917993, 42.268218 ], [ -109.935949, 42.268664 ], [ -110.000706, 42.269808 ], [ -110.002061, 42.270062 ], [ -110.053708, 42.270744 ] ] ] } },
{ "type": "Feature", "properties": { "PRED_SS_PC": -0.63623075224474157, "PERCAP": 0.079605596722473457, "TRACTCE": "970902", "HLTH_INS": 0.41554273524053648, "Q_FEMALE": 0.3969112916498303, "RC5": -0.13131319321823029, "HOU_DEN": 0.34754147535448648, "MED_VAL": 0.1785147719958857, "POP_CHG": -0.25555067054811242, "LBR_FORCE": -0.18746586054141251, "SoVI_class": "-0.5 to 0.5 SD", "Q_UNEMP": 0.18869916450102531, "Q_EXTRACT": 0.1704329028223214, "MED_RENT": 0.2132271774349121, "Q_MOBILE": -0.76160515044257548, "Q_RENTER": 0.45031733240657762, "AGE_DEP": 0.064634739937363558, "MED_AGE": 0.079056906611758446, "PCT_URBAN": 0.85130563438148366, "NO_VEH": -0.96774318959417804, "Q_SERV": 0.0770301671871714, "COUNTYFP": "037", "ALAND": 7268629.0, "Ii": 0.095551247797681635, "NAME": "9709.02", "RC4": 0.70803560076197292, "HOSP_PC": 0.92246785032686585, "PRED_NURS_PC": 0.79544756714616149, "AWATER": 0.0, "Q_TRANS": 0.2232699469903088, "NAMELSAD": "Census Tract 9709.02", "RC8": -0.080430564427511106, "RC1": 0.4175494576059211, "STATEFP": "56", "NO_HS": -0.81816916255234018, "MTFCC": "G5020", "PRED_BRATE": -0.28180023025001749, "SoVI": 0.59300843841685891, "PRED_PCT_GOP": 0.28199522344943873, "Q_MINOR": 0.43415232278532839, "lag_sovi": 1.6011626547609017, "Area_miles": null, "RC3": 0.46493669643272673, "Q_GRP_QTR": -0.14094130705391719, "GEOIDFQ": "1400000US56037970902", "PRED_GDP_PC": 0.232265067506814, "FUNCSTAT": "S", "RC10": -0.18854543035733609, "GISJOIN": "G5600370970902", "NAME_E": "Census Tract 9709.02, Sweetwater County, Wyoming", "COUNTY": "Sweetwater County", "INTPTLON": "-109.2474624", "RC2": -0.70360629106745709, "RC9": -0.0079119842714981403, "AVG_HH_SZ": 0.33404068100485779, "ESL_PCT": 0.031298681214571321, "INTPTLAT": "+41.6038312", "Q_POV": 0.06857404114893513, "FEM_LBR": -0.042054565108531172, "GEOID": "56037970902", "RC7": 0.040788252381491953, "quadrant": "High Vulnerability & Low Wildfire Risk", "RC6": -0.073505894576779002, "PRED_PHYS_PC": -0.44559373224138998, "PRED_FARM_VAL": 0.70471122445945855, "P.Ii": 0.30536707432248628, "cluster": "Not Significant", "TRACTFIPS": "56037970902", "SOVI_SCORE": 43.1795297, "SOVI_RATNG": "Relatively Moderate", "WFIR_RISKS": 65.5738289751, "WFIR_RISKR": "Very Low", "WFIR_EALT": 867.49800237800002 }, "geometry": { "type": "Polygon", "coordinates": [ [ [ -109.243622, 41.629433 ], [ -109.251429, 41.613656 ], [ -109.25141, 41.61069 ], [ -109.25462, 41.60943 ], [ -109.258376, 41.600468 ], [ -109.26013, 41.59353 ], [ -109.268244, 41.586129 ], [ -109.26331, 41.58401 ], [ -109.25956, 41.58044 ], [ -109.25623, 41.57942 ], [ -109.25112, 41.58381 ], [ -109.23861, 41.60298 ], [ -109.235653, 41.605412 ], [ -109.2295, 41.60786 ], [ -109.23302, 41.62104 ], [ -109.243622, 41.629433 ] ] ] } },
{ "type": "Feature", "properties": { "PRED_SS_PC": 2.0594317938061359, "PERCAP": 0.079009712574777638, "TRACTCE": "971100", "HLTH_INS": 0.15666923796884999, "Q_FEMALE": 0.1142481729065874, "RC5": -0.32603154633776549, "HOU_DEN": -0.24371526909220989, "MED_VAL": 0.1778611218673207, "POP_CHG": 0.97301658431094495, "LBR_FORCE": -0.77397783110814544, "SoVI_class": "-0.5 to 0.5 SD", "Q_UNEMP": 1.89033414228805, "Q_EXTRACT": -0.072526177993546229, "MED_RENT": 0.21322574455277679, "Q_MOBILE": -0.20846477790144041, "Q_RENTER": -0.64726201340994582, "AGE_DEP": 0.96077320073808237, "MED_AGE": 0.07905697301958535, "PCT_URBAN": 0.92125687630865338, "NO_VEH": 0.16640731405137371, "Q_SERV": -0.06837028718417168, "COUNTYFP": "037", "ALAND": 12086311.0, "Ii": 0.16246658494944524, "NAME": "9711", "RC4": 0.27928517920152979, "HOSP_PC": -0.39945578899327572, "PRED_NURS_PC": 0.3424581138616134, "AWATER": 0.0, "Q_TRANS": 0.54532368467397185, "NAMELSAD": "Census Tract 9711", "RC8": -0.55906811673422485, "RC1": 0.19872491016458749, "STATEFP": "56", "NO_HS": 0.96305657946464696, "MTFCC": "G5020", "PRED_BRATE": 0.53873576604160078, "SoVI": 1.2839791831312619, "PRED_PCT_GOP": 0.68019866317266686, "Q_MINOR": -0.43444095752004802, "lag_sovi": 1.2573785046602892, "Area_miles": null, "RC3": -0.77311066315459542, "Q_GRP_QTR": -0.1063846407151138, "GEOIDFQ": "1400000US56037971100", "PRED_GDP_PC": -0.69262595239232438, "FUNCSTAT": "S", "RC10": -0.53575969316603356, "GISJOIN": "G5600370971100", "NAME_E": "Census Tract 9711, Sweetwater County, Wyoming", "COUNTY": "Sweetwater County", "INTPTLON": "-109.1925447", "RC2": 0.052341231182110579, "RC9": 1.6397454711516319, "AVG_HH_SZ": 0.50158459624240403, "ESL_PCT": -0.71676894288916393, "INTPTLAT": "+41.5624789", "Q_POV": 1.5239598411713891, "FEM_LBR": -0.76995661524691128, "GEOID": "56037971100", "RC7": 0.5737944365567258, "quadrant": "High Vulnerability & Low Wildfire Risk", "RC6": -0.73405797426729591, "PRED_PHYS_PC": -0.8467019004140407, "PRED_FARM_VAL": 0.70471122445945855, "P.Ii": 0.48519612892275016, "cluster": "Not Significant", "TRACTFIPS": "56037971100", "SOVI_SCORE": 55.13593556, "SOVI_RATNG": "Relatively Moderate", "WFIR_RISKS": 80.971067746399996, "WFIR_RISKR": "Relatively Low", "WFIR_EALT": 5787.960474 }, "geometry": { "type": "Polygon", "coordinates": [ [ [ -109.215393, 41.589413 ], [ -109.222444, 41.58586 ], [ -109.21823, 41.57929 ], [ -109.218219, 41.570741 ], [ -109.21503, 41.56572 ], [ -109.2173, 41.56297 ], [ -109.21594, 41.55965 ], [ -109.20983, 41.55297 ], [ -109.20529, 41.55201 ], [ -109.20085, 41.54835 ], [ -109.18979, 41.54883 ], [ -109.186022, 41.547554 ], [ -109.16346, 41.54956 ], [ -109.16061, 41.55238 ], [ -109.14976, 41.55332 ], [ -109.15736, 41.55889 ], [ -109.16275, 41.56141 ], [ -109.17251, 41.56392 ], [ -109.18325, 41.56983 ], [ -109.2018, 41.57619 ], [ -109.2069, 41.57678 ], [ -109.21093, 41.58293 ], [ -109.21464, 41.58657 ], [ -109.215393, 41.589413 ] ] ] } },
{ "type": "Feature", "properties": { "PRED_SS_PC": 2.2276842263550711, "PERCAP": 0.078983814467298255, "TRACTCE": "970800", "HLTH_INS": -1.390702881804075, "Q_FEMALE": 0.50739916113880568, "RC5": -0.26779995034088122, "HOU_DEN": -0.5826670419713752, "MED_VAL": 0.1771782679222364, "POP_CHG": -1.4483963373288009, "LBR_FORCE": 0.2433954879282105, "SoVI_class": "0.5 to 1 SD", "Q_UNEMP": 2.5223699911803741, "Q_EXTRACT": -0.1303735781878004, "MED_RENT": 0.2132253497791273, "Q_MOBILE": 1.8144485845347109, "Q_RENTER": 0.34409997635981743, "AGE_DEP": -0.55006517348127171, "MED_AGE": 0.079056855382863417, "PCT_URBAN": 0.64266831520258327, "NO_VEH": -0.54341546193984314, "Q_SERV": 0.17966578203753131, "COUNTYFP": "037", "ALAND": 137604491.0, "Ii": 0.39406248031257496, "NAME": "9708", "RC4": -0.67595245677769578, "HOSP_PC": -0.39945578899327572, "PRED_NURS_PC": -0.52208434529648085, "AWATER": 0.0, "Q_TRANS": 0.049856395929874758, "NAMELSAD": "Census Tract 9708", "RC8": -0.89258627499499643, "RC1": -0.089453372601437403, "STATEFP": "56", "NO_HS": 2.0893959056633911, "MTFCC": "G5020", "PRED_BRATE": -1.5199869682541001, "SoVI": 2.7983055753204109, "PRED_PCT_GOP": 0.066790519309527202, "Q_MINOR": 0.55788864648755387, "lag_sovi": 1.3993614685600484, "Area_miles": null, "RC3": 0.018900951111297821, "Q_GRP_QTR": -0.29070504158593152, "GEOIDFQ": "1400000US56037970800", "PRED_GDP_PC": 0.10250294575941581, "FUNCSTAT": "S", "RC10": 1.4612738093090449, "GISJOIN": "G5600370970800", "NAME_E": "Census Tract 9708, Sweetwater County, Wyoming", "COUNTY": "Sweetwater County", "INTPTLON": "-109.1693936", "RC2": 2.5712552810130802, "RC9": 1.6865937338470529, "AVG_HH_SZ": -1.1738545561330569, "ESL_PCT": 0.44072745790317941, "INTPTLAT": "+41.6619799", "Q_POV": 1.5789077226080681, "FEM_LBR": 0.42674835368072589, "GEOID": "56037970800", "RC7": -0.37785542777464992, "quadrant": "High Vulnerability & Low Wildfire Risk", "RC6": 0.63607071747040422, "PRED_PHYS_PC": 0.69651070236052826, "PRED_FARM_VAL": 0.70471122445945855, "P.Ii": 0.2255279158563778, "cluster": "Not Significant", "TRACTFIPS": "56037970800", "SOVI_SCORE": 47.10774152, "SOVI_RATNG": "Relatively Moderate", "WFIR_RISKS": 83.200742035600001, "WFIR_RISKR": "Relatively Low", "WFIR_EALT": 8764.1067782600003 }, "geometry": { "type": "Polygon", "coordinates": [ [ [ -109.20119, 41.72848 ], [ -109.2067, 41.72752 ], [ -109.21248, 41.71705 ], [ -109.21685, 41.69744 ], [ -109.22074, 41.6868 ], [ -109.22217, 41.67632 ], [ -109.224911, 41.664721 ], [ -109.22499, 41.65684 ], [ -109.22685, 41.65474 ], [ -109.22903, 41.63996 ], [ -109.233181, 41.624636 ], [ -109.23302, 41.62104 ], [ -109.2295, 41.60786 ], [ -109.229189, 41.601149 ], [ -109.230862, 41.597073 ], [ -109.224857, 41.59247 ], [ -109.222444, 41.58586 ], [ -109.215393, 41.589413 ], [ -109.21284, 41.592228 ], [ -109.20733, 41.595367 ], [ -109.196881, 41.592823 ], [ -109.195933, 41.589823 ], [ -109.190645, 41.58854 ], [ -109.181417, 41.591608 ], [ -109.169265, 41.59471 ], [ -109.160012, 41.591355 ], [ -109.151993, 41.595305 ], [ -109.146267, 41.596247 ], [ -109.144406, 41.600587 ], [ -109.135402, 41.603346 ], [ -109.12858, 41.603178 ], [ -109.132184, 41.60406 ], [ -109.13373, 41.60948 ], [ -109.12733, 41.61179 ], [ -109.12696, 41.61461 ], [ -109.12033, 41.61655 ], [ -109.11544, 41.63157 ], [ -109.115, 41.64312 ], [ -109.11086, 41.66706 ], [ -109.10708, 41.67616 ], [ -109.10658, 41.6834 ], [ -109.10462, 41.69412 ], [ -109.106342, 41.694772 ], [ -109.11189, 41.70814 ], [ -109.11108, 41.72153 ], [ -109.1087, 41.72465 ], [ -109.108632, 41.729349 ], [ -109.1153, 41.732215 ], [ -109.120711, 41.730548 ], [ -109.1287, 41.731258 ], [ -109.142035, 41.730812 ], [ -109.152075, 41.729715 ], [ -109.156438, 41.730229 ], [ -109.161532, 41.732666 ], [ -109.17676, 41.73278 ], [ -109.19427, 41.72785 ], [ -109.20119, 41.72848 ] ] ] } },
{ "type": "Feature", "properties": { "PRED_SS_PC": 2.2276842263550711, "PERCAP": 0.078910047550170184, "TRACTCE": "971000", "HLTH_INS": 0.19314488241291131, "Q_FEMALE": 0.060004757167311587, "RC5": -0.46196727188617293, "HOU_DEN": -0.62636812838096056, "MED_VAL": 0.1773603623075922, "POP_CHG": -0.94844505768457721, "LBR_FORCE": 0.90694550713739475, "SoVI_class": "-0.5 to 0.5 SD", "Q_UNEMP": 2.5223699911803741, "Q_EXTRACT": 1.315811426668555, "MED_RENT": 0.2132253644003736, "Q_MOBILE": 1.095366100231236, "Q_RENTER": 0.43851540395693778, "AGE_DEP": -0.71189169461173774, "MED_AGE": 0.079056768104005221, "PCT_URBAN": 0.91391781865644661, "NO_VEH": 2.1538812643740481, "Q_SERV": -0.7782666232324924, "COUNTYFP": "037", "ALAND": 128084741.0, "Ii": 0.21134897126880384, "NAME": "9710", "RC4": -0.65280477551499649, "HOSP_PC": -0.39945578899327572, "PRED_NURS_PC": -1.0469495550947829, "AWATER": 0.0, "Q_TRANS": -0.44561089281422239, "NAMELSAD": "Census Tract 9710", "RC8": 1.313485414910792, "RC1": -0.73842704471733778, "STATEFP": "56", "NO_HS": -0.50162585710287011, "MTFCC": "G5020", "PRED_BRATE": -0.54942992753125108, "SoVI": 0.8021411513479566, "PRED_PCT_GOP": 0.3359289824066139, "Q_MINOR": -0.06646893278581549, "lag_sovi": 2.6182390980080861, "Area_miles": null, "RC3": -0.82545733273935795, "Q_GRP_QTR": -0.35621174230522579, "GEOIDFQ": "1400000US56037971000", "PRED_GDP_PC": -0.1026236460245028, "FUNCSTAT": "S", "RC10": 0.55327877148725835, "GISJOIN": "G5600370971000", "NAME_E": "Census Tract 9710, Sweetwater County, Wyoming", "COUNTY": "Sweetwater County", "INTPTLON": "-109.2272009", "RC2": 0.70811389179958262, "RC9": 1.8910494577451979, "AVG_HH_SZ": -0.1127430929619322, "ESL_PCT": 0.16924094249852839, "INTPTLAT": "+41.5106890", "Q_POV": 1.4243937772142159, "FEM_LBR": 0.076442832619773221, "GEOID": "56037971000", "RC7": 0.073422272850130144, "quadrant": "High Vulnerability & Low Wildfire Risk", "RC6": 1.0585522325871399, "PRED_PHYS_PC": 0.45202505314054531, "PRED_FARM_VAL": 0.1048225784974071, "P.Ii": 0.038867595543196305, "cluster": "High-High", "TRACTFIPS": "56037971000", "SOVI_SCORE": 64.06740508, "SOVI_RATNG": "Relatively High", "WFIR_RISKS": 87.385394741499994, "WFIR_RISKR": "Relatively Low", "WFIR_EALT": 15542.9233657 }, "geometry": { "type": "Polygon", "coordinates": [ [ [ -109.30581, 41.503813 ], [ -109.288991, 41.498567 ], [ -109.283676, 41.495484 ], [ -109.269807, 41.496556 ], [ -109.26606, 41.49468 ], [ -109.27149, 41.48829 ], [ -109.26805, 41.48435 ], [ -109.26928, 41.47624 ], [ -109.26774, 41.46907 ], [ -109.26781, 41.46278 ], [ -109.26402, 41.4507 ], [ -109.26009, 41.44712 ], [ -109.25907, 41.44379 ], [ -109.259559, 41.436939 ], [ -109.257449, 41.435998 ], [ -109.24335, 41.44003 ], [ -109.234039, 41.441438 ], [ -109.22808, 41.44452 ], [ -109.21601, 41.44692 ], [ -109.19443, 41.45567 ], [ -109.18694, 41.45515 ], [ -109.18389, 41.45601 ], [ -109.18096, 41.46071 ], [ -109.17753, 41.47228 ], [ -109.1581, 41.50949 ], [ -109.1579, 41.52718 ], [ -109.15635, 41.52934 ], [ -109.14705, 41.53323 ], [ -109.14036, 41.54111 ], [ -109.13739, 41.54271 ], [ -109.14106, 41.54679 ], [ -109.14976, 41.55332 ], [ -109.16061, 41.55238 ], [ -109.16346, 41.54956 ], [ -109.186022, 41.547554 ], [ -109.18979, 41.54883 ], [ -109.20085, 41.54835 ], [ -109.20529, 41.55201 ], [ -109.20983, 41.55297 ], [ -109.21594, 41.55965 ], [ -109.2173, 41.56297 ], [ -109.21503, 41.56572 ], [ -109.218219, 41.570741 ], [ -109.21823, 41.57929 ], [ -109.222444, 41.58586 ], [ -109.224857, 41.59247 ], [ -109.226626, 41.591276 ], [ -109.226837, 41.584766 ], [ -109.23105, 41.57965 ], [ -109.23548, 41.57714 ], [ -109.230997, 41.575233 ], [ -109.23688, 41.57005 ], [ -109.24422, 41.569639 ], [ -109.24932, 41.56702 ], [ -109.25807, 41.56476 ], [ -109.265711, 41.564231 ], [ -109.272605, 41.56143 ], [ -109.279465, 41.557331 ], [ -109.29437, 41.55424 ], [ -109.300891, 41.548796 ], [ -109.30417, 41.547497 ], [ -109.302566, 41.542028 ], [ -109.29725, 41.53611 ], [ -109.295284, 41.532201 ], [ -109.295936, 41.526878 ], [ -109.30581, 41.503813 ] ] ] } },
{ "type": "Feature", "properties": { "PRED_SS_PC": -0.46690914792894711, "PERCAP": 0.078865480037738647, "TRACTCE": "970700", "HLTH_INS": 0.19714533978645221, "Q_FEMALE": 0.45687372821449668, "RC5": -0.049025953605550843, "HOU_DEN": -0.64750261215366334, "MED_VAL": 0.17847955562890649, "POP_CHG": -0.97366614322878242, "LBR_FORCE": -0.26206310278493983, "SoVI_class": "-1 to -0.5 SD", "Q_UNEMP": -0.68642739550373033, "Q_EXTRACT": 1.130699746046941, "MED_RENT": 0.2132259273183553, "Q_MOBILE": -0.34279886837571599, "Q_RENTER": 0.0077450155450761483, "AGE_DEP": 0.42068374982583612, "MED_AGE": 0.079057096348406714, "PCT_URBAN": 0.66881168494276311, "NO_VEH": -0.15121367556602119, "Q_SERV": -0.57299539353177376, "COUNTYFP": "037", "ALAND": 2650753146.0, "Ii": -0.14891265213457425, "NAME": "9707", "RC4": -0.3275905509299451, "HOSP_PC": -0.39945578899327572, "PRED_NURS_PC": -0.12503708944486361, "AWATER": 69980319.0, "Q_TRANS": 0.89215078679483995, "NAMELSAD": "Census Tract 9707", "RC8": -0.33356180570759869, "RC1": -0.59145327600109565, "STATEFP": "56", "NO_HS": -1.013341162218266, "MTFCC": "G5020", "PRED_BRATE": -0.01517612007508772, "SoVI": -1.845642363349091, "PRED_PCT_GOP": 0.66378850069401618, "Q_MINOR": -0.5818956832232719, "lag_sovi": 0.80175930891697933, "Area_miles": null, "RC3": -1.0381530152585561, "Q_GRP_QTR": -0.1059316358347283, "GEOIDFQ": "1400000US56037970700", "PRED_GDP_PC": -0.64568953075296565, "FUNCSTAT": "S", "RC10": 0.72236119170825097, "GISJOIN": "G5600370970700", "NAME_E": "Census Tract 9707, Sweetwater County, Wyoming", "COUNTY": "Sweetwater County", "INTPTLON": "-109.7622413", "RC2": -0.0019212990455898531, "RC9": -0.97582159882778197, "AVG_HH_SZ": -0.58745085280164588, "ESL_PCT": -0.71676894288916393, "INTPTLAT": "+41.2783954", "Q_POV": -0.39683275000757667, "FEM_LBR": -0.46013863764461332, "GEOID": "56037970700", "RC7": 0.4946619334837884, "quadrant": "Low Vulnerability & Low Wildfire Risk", "RC6": -0.25486201083498738, "PRED_PHYS_PC": -0.44936339162604721, "PRED_FARM_VAL": -1.338891031403646, "P.Ii": 0.5710266147224563, "cluster": "Not Significant", "TRACTFIPS": "56037970700", "SOVI_SCORE": 48.588521, "SOVI_RATNG": "Relatively Moderate", "WFIR_RISKS": 90.948116965699995, "WFIR_RISKR": "Relatively Moderate", "WFIR_EALT": 35836.500782299998 }, "geometry": { "type": "Polygon", "coordinates": [ [ [ -110.048895, 41.4649 ], [ -110.048835, 41.402172 ], [ -110.049081, 41.374955 ], [ -110.048879, 41.346443 ], [ -110.048925, 41.279086 ], [ -110.048522, 41.263626 ], [ -110.049047, 41.246383 ], [ -110.048972, 41.183672 ], [ -110.048766, 41.156959 ], [ -110.049165, 41.138463 ], [ -110.048645, 41.124953 ], [ -110.048645, 41.040083 ], [ -110.048483, 40.997295 ], [ -109.967496, 40.99755 ], [ -109.945323, 40.997443 ], [ -109.913663, 40.997662 ], [ -109.806906, 40.997699 ], [ -109.750773, 40.998086 ], [ -109.657999, 40.998485 ], [ -109.632941, 40.998272 ], [ -109.565094, 40.99839 ], [ -109.561055, 41.000918 ], [ -109.56323, 41.006409 ], [ -109.56072, 41.009143 ], [ -109.560045, 41.013507 ], [ -109.5626, 41.015777 ], [ -109.566734, 41.022379 ], [ -109.565903, 41.025719 ], [ -109.554899, 41.032008 ], [ -109.550735, 41.037442 ], [ -109.550819, 41.04051 ], [ -109.555231, 41.047905 ], [ -109.563795, 41.056383 ], [ -109.549751, 41.066463 ], [ -109.54726, 41.069635 ], [ -109.544291, 41.084302 ], [ -109.538301, 41.097198 ], [ -109.529934, 41.10514 ], [ -109.529827, 41.110892 ], [ -109.532139, 41.116968 ], [ -109.541494, 41.126591 ], [ -109.55394, 41.135529 ], [ -109.552619, 41.146519 ], [ -109.552855, 41.156491 ], [ -109.549893, 41.163293 ], [ -109.534443, 41.172857 ], [ -109.537721, 41.181468 ], [ -109.539769, 41.190415 ], [ -109.541965, 41.204513 ], [ -109.548214, 41.210558 ], [ -109.554492, 41.213117 ], [ -109.574135, 41.217212 ], [ -109.580922, 41.219744 ], [ -109.589912, 41.224608 ], [ -109.579095, 41.242024 ], [ -109.573445, 41.249948 ], [ -109.565111, 41.258536 ], [ -109.557956, 41.264554 ], [ -109.535184, 41.278466 ], [ -109.53095, 41.28351 ], [ -109.531817, 41.293559 ], [ -109.533635, 41.298976 ], [ -109.535221, 41.308904 ], [ -109.534652, 41.315517 ], [ -109.531714, 41.321992 ], [ -109.527096, 41.324791 ], [ -109.509732, 41.326101 ], [ -109.506139, 41.325365 ], [ -109.494116, 41.320902 ], [ -109.486052, 41.322661 ], [ -109.472777, 41.323387 ], [ -109.468633, 41.32457 ], [ -109.462114, 41.329398 ], [ -109.458174, 41.335358 ], [ -109.45674, 41.341324 ], [ -109.456375, 41.348867 ], [ -109.453628, 41.353937 ], [ -109.451259, 41.354665 ], [ -109.439139, 41.354885 ], [ -109.435883, 41.357974 ], [ -109.429127, 41.366858 ], [ -109.429444, 41.374426 ], [ -109.433223, 41.376945 ], [ -109.445093, 41.378849 ], [ -109.448787, 41.380861 ], [ -109.450068, 41.383687 ], [ -109.452318, 41.400592 ], [ -109.451253, 41.406245 ], [ -109.44893, 41.408983 ], [ -109.443043, 41.411331 ], [ -109.43744, 41.410836 ], [ -109.424541, 41.404132 ], [ -109.416169, 41.406291 ], [ -109.412204, 41.411464 ], [ -109.409327, 41.422251 ], [ -109.410958, 41.425935 ], [ -109.422879, 41.433435 ], [ -109.423844, 41.436949 ], [ -109.416933, 41.440609 ], [ -109.408128, 41.441104 ], [ -109.400171, 41.443201 ], [ -109.393754, 41.443861 ], [ -109.387909, 41.446047 ], [ -109.385669, 41.454315 ], [ -109.386929, 41.460614 ], [ -109.390959, 41.464297 ], [ -109.396824, 41.465864 ], [ -109.402019, 41.465875 ], [ -109.40993, 41.460648 ], [ -109.415282, 41.459425 ], [ -109.420461, 41.459955 ], [ -109.4271, 41.463386 ], [ -109.431895, 41.462395 ], [ -109.435206, 41.463391 ], [ -109.437544, 41.466757 ], [ -109.443356, 41.469582 ], [ -109.444222, 41.471849 ], [ -109.43983, 41.477355 ], [ -109.452752, 41.478075 ], [ -109.454288, 41.480666 ], [ -109.450858, 41.486316 ], [ -109.45785, 41.49088 ], [ -109.46118, 41.49259 ], [ -109.46382, 41.49679 ], [ -109.46402, 41.50329 ], [ -109.46373, 41.50845 ], [ -109.47041, 41.50783 ], [ -109.47422, 41.50982 ], [ -109.47058, 41.51602 ], [ -109.466417, 41.519084 ], [ -109.473615, 41.523275 ], [ -109.476119, 41.526004 ], [ -109.477056, 41.530815 ], [ -109.483557, 41.538188 ], [ -109.484663, 41.541755 ], [ -109.489264, 41.547528 ], [ -109.49386, 41.550333 ], [ -109.499645, 41.550769 ], [ -109.504399, 41.549077 ], [ -109.511497, 41.548745 ], [ -109.526256, 41.553065 ], [ -109.529413, 41.560134 ], [ -109.53645, 41.56095 ], [ -109.54751, 41.56421 ], [ -109.55392, 41.56449 ], [ -109.57163, 41.55865 ], [ -109.58933, 41.556 ], [ -109.59578, 41.55363 ], [ -109.60519, 41.5483 ], [ -109.61366, 41.54587 ], [ -109.67451, 41.54274 ], [ -109.6808, 41.54259 ], [ -109.8357, 41.54314 ], [ -109.88469, 41.5418 ], [ -109.89033, 41.54209 ], [ -109.9029, 41.54426 ], [ -109.91102, 41.54433 ], [ -109.92149, 41.54159 ], [ -109.9859, 41.50966 ], [ -110.00669, 41.49913 ], [ -110.01928, 41.48924 ], [ -110.04013, 41.47013 ], [ -110.048895, 41.4649 ] ] ] } },
{ "type": "Feature", "properties": { "PRED_SS_PC": 2.2276842263550711, "PERCAP": 0.078848632038147667, "TRACTCE": "970500", "HLTH_INS": -0.19921847219418659, "Q_FEMALE": 0.170586598409048, "RC5": -0.26444790244232469, "HOU_DEN": -0.6477746018495365, "MED_VAL": 0.1771782679222364, "POP_CHG": 1.988637748660838, "LBR_FORCE": -0.96624126903952723, "SoVI_class": "> 1 SD", "Q_UNEMP": 2.6682244178478332, "Q_EXTRACT": 0.55222574410439929, "MED_RENT": 0.21322840561959949, "Q_MOBILE": 0.91361997782486237, "Q_RENTER": -0.10437330472650409, "AGE_DEP": 0.53978620973313551, "MED_AGE": 0.079056821230266736, "PCT_URBAN": 0.3867897686161012, "NO_VEH": -0.74458673988163715, "Q_SERV": -0.60720726514855961, "COUNTYFP": "037", "ALAND": 2644309195.0, "Ii": 0.30951111740538079, "NAME": "9705", "RC4": 0.26049557559946263, "HOSP_PC": -0.39945578899327572, "PRED_NURS_PC": 0.61008957344394399, "AWATER": 15481222.0, "Q_TRANS": 2.006952186469058, "NAMELSAD": "Census Tract 9705", "RC8": -0.89240518251983958, "RC1": -0.48406850463227707, "STATEFP": "56", "NO_HS": 0.2193752051336772, "MTFCC": "G5020", "PRED_BRATE": 0.19491139494182241, "SoVI": 6.1638173139955788, "PRED_PCT_GOP": 1.223328845487194, "Q_MINOR": 0.86777417901335319, "lag_sovi": 0.4989838130181411, "Area_miles": null, "RC3": 2.081863655600952, "Q_GRP_QTR": -0.35621174230522579, "GEOIDFQ": "1400000US56037970500", "PRED_GDP_PC": 2.3845439089094449, "FUNCSTAT": "S", "RC10": -0.40920320956438722, "GISJOIN": "G5600370970500", "NAME_E": "Census Tract 9705, Sweetwater County, Wyoming", "COUNTY": "Sweetwater County", "INTPTLON": "-109.6934393", "RC2": 0.74676686446953644, "RC9": 2.1514219138985649, "AVG_HH_SZ": 0.50158459624240403, "ESL_PCT": 2.4460057888126499, "INTPTLAT": "+41.7330680", "Q_POV": -0.022107418810826798, "FEM_LBR": -0.74308836946777812, "GEOID": "56037970500", "RC7": 0.6726245593642306, "quadrant": "High Vulnerability & Low Wildfire Risk", "RC6": -2.3007695442216609, "PRED_PHYS_PC": -1.6140114275132149, "PRED_FARM_VAL": -0.88941645924313362, "P.Ii": 0.6182273392544505, "cluster": "Not Significant", "TRACTFIPS": "56037970500", "SOVI_SCORE": 39.40058047, "SOVI_RATNG": "Relatively Low", "WFIR_RISKS": 84.1770420844, "WFIR_RISKR": "Relatively Low", "WFIR_EALT": 10845.0037883 }, "geometry": { "type": "Polygon", "coordinates": [ [ [ -110.048, 41.578015 ], [ -110.048782, 41.501952 ], [ -110.048895, 41.4649 ], [ -110.04013, 41.47013 ], [ -110.01928, 41.48924 ], [ -110.00669, 41.49913 ], [ -109.9859, 41.50966 ], [ -109.92149, 41.54159 ], [ -109.91102, 41.54433 ], [ -109.9029, 41.54426 ], [ -109.89033, 41.54209 ], [ -109.88469, 41.5418 ], [ -109.8357, 41.54314 ], [ -109.6808, 41.54259 ], [ -109.67451, 41.54274 ], [ -109.61366, 41.54587 ], [ -109.60519, 41.5483 ], [ -109.59578, 41.55363 ], [ -109.58933, 41.556 ], [ -109.57163, 41.55865 ], [ -109.55392, 41.56449 ], [ -109.54751, 41.56421 ], [ -109.53645, 41.56095 ], [ -109.529413, 41.560134 ], [ -109.526256, 41.553065 ], [ -109.511497, 41.548745 ], [ -109.504399, 41.549077 ], [ -109.499645, 41.550769 ], [ -109.49386, 41.550333 ], [ -109.489264, 41.547528 ], [ -109.484663, 41.541755 ], [ -109.483557, 41.538188 ], [ -109.477056, 41.530815 ], [ -109.476119, 41.526004 ], [ -109.473615, 41.523275 ], [ -109.466417, 41.519084 ], [ -109.460089, 41.524986 ], [ -109.45507, 41.52207 ], [ -109.45001, 41.52162 ], [ -109.445622, 41.523864 ], [ -109.44004, 41.52392 ], [ -109.42923, 41.52783 ], [ -109.42361, 41.52829 ], [ -109.41209, 41.52752 ], [ -109.39942, 41.52919 ], [ -109.39147, 41.53231 ], [ -109.38543, 41.53323 ], [ -109.3793, 41.53241 ], [ -109.37251, 41.53306 ], [ -109.34605, 41.54362 ], [ -109.33052, 41.5488 ], [ -109.310463, 41.557511 ], [ -109.28884, 41.56698 ], [ -109.27631, 41.57166 ], [ -109.27151, 41.57481 ], [ -109.27398, 41.57898 ], [ -109.29298, 41.57995 ], [ -109.29545, 41.58369 ], [ -109.30443, 41.58578 ], [ -109.30972, 41.59119 ], [ -109.31507, 41.59288 ], [ -109.31159, 41.59958 ], [ -109.30566, 41.60609 ], [ -109.30291, 41.61514 ], [ -109.30328, 41.62064 ], [ -109.30803, 41.63242 ], [ -109.30733, 41.63733 ], [ -109.30141, 41.6397 ], [ -109.29558, 41.6469 ], [ -109.2965, 41.65261 ], [ -109.29351, 41.6562 ], [ -109.29414, 41.66534 ], [ -109.29944, 41.67413 ], [ -109.30007, 41.68202 ], [ -109.30306, 41.68988 ], [ -109.30641, 41.6943 ], [ -109.31181, 41.70995 ], [ -109.31371, 41.71812 ], [ -109.31624, 41.7203 ], [ -109.32266, 41.72101 ], [ -109.32524, 41.72373 ], [ -109.33353, 41.72477 ], [ -109.34014, 41.72869 ], [ -109.34422, 41.72971 ], [ -109.35337, 41.72924 ], [ -109.35631, 41.73235 ], [ -109.365, 41.73544 ], [ -109.36213, 41.74908 ], [ -109.35515, 41.74846 ], [ -109.34746, 41.7446 ], [ -109.335608, 41.743269 ], [ -109.340376, 41.746425 ], [ -109.345099, 41.758209 ], [ -109.351708, 41.769405 ], [ -109.34983, 41.773206 ], [ -109.338811, 41.778835 ], [ -109.33428, 41.79467 ], [ -109.34269, 41.85748 ], [ -109.353751, 41.89222 ], [ -109.35829, 41.90064 ], [ -109.37144, 41.91759 ], [ -109.376557, 41.920539 ], [ -109.444421, 41.920409 ], [ -109.463274, 41.92022 ], [ -109.470157, 41.919741 ], [ -109.483712, 41.920063 ], [ -109.494897, 41.918986 ], [ -109.543499, 41.919101 ], [ -109.544978, 41.918316 ], [ -109.555569, 41.918867 ], [ -109.567471, 41.917823 ], [ -109.571178, 41.919189 ], [ -109.603965, 41.919128 ], [ -109.638252, 41.919385 ], [ -109.64893, 41.92271 ], [ -109.65125, 41.92624 ], [ -109.6621, 41.92962 ], [ -109.67889, 41.9384 ], [ -109.69027, 41.94036 ], [ -109.69173, 41.94226 ], [ -109.68696, 41.94863 ], [ -109.70377, 41.95442 ], [ -109.71255, 41.95564 ], [ -109.71863, 41.95446 ], [ -109.72691, 41.95404 ], [ -109.73393, 41.95211 ], [ -109.74861, 41.94524 ], [ -109.76091, 41.93574 ], [ -109.76492, 41.93113 ], [ -109.76837, 41.92498 ], [ -109.77427, 41.92263 ], [ -109.79632, 41.91741 ], [ -109.80858, 41.91306 ], [ -109.81208, 41.9111 ], [ -109.81653, 41.91107 ], [ -109.82374, 41.91386 ], [ -109.82731, 41.91632 ], [ -109.8399, 41.92799 ], [ -109.85259, 41.93659 ], [ -109.88339, 41.94523 ], [ -109.89122, 41.94773 ], [ -109.91096, 41.95497 ], [ -109.94311, 41.96229 ], [ -109.96012, 41.96647 ], [ -109.98069, 41.97499 ], [ -109.99164, 41.97815 ], [ -110.00036, 41.98192 ], [ -110.00688, 41.9867 ], [ -110.01265, 41.98784 ], [ -110.043063, 41.979712 ], [ -110.046432, 41.980754 ], [ -110.046558, 41.875033 ], [ -110.046507, 41.749988 ], [ -110.047106, 41.683853 ], [ -110.047755, 41.624955 ], [ -110.048, 41.578015 ] ] ] } },
{ "type": "Feature", "properties": { "PRED_SS_PC": -0.43575027252524329, "PERCAP": 0.078804007606798593, "TRACTCE": "001502", "HLTH_INS": -0.42865649492353619, "Q_FEMALE": 0.35636459247565139, "RC5": -0.44069858188191141, "HOU_DEN": 1.199004768910219, "MED_VAL": 0.17856287239956459, "POP_CHG": -0.1395365812463932, "LBR_FORCE": 0.82957293944325938, "SoVI_class": "0.5 to 1 SD", "Q_UNEMP": -0.68642739550373033, "Q_EXTRACT": -1.044362501257017, "MED_RENT": 0.21322759414043099, "Q_MOBILE": 1.016346047011073, "Q_RENTER": 0.69225686562419841, "AGE_DEP": -0.48353570243407729, "MED_AGE": 0.079056993890616642, "PCT_URBAN": 0.91994212628074279, "NO_VEH": 1.6536638330390241, "Q_SERV": 0.90666805389424443, "COUNTYFP": "021", "ALAND": 4772881.0, "Ii": -0.18137667410200373, "NAME": "15.02", "RC4": -0.82818082818421745, "HOSP_PC": -0.39945578899327572, "PRED_NURS_PC": -1.0469495550947829, "AWATER": 0.0, "Q_TRANS": 1.115111066729684, "NAMELSAD": "Census Tract 15.02", "RC8": 0.12024078473693341, "RC1": 1.2199158526337259, "STATEFP": "56", "NO_HS": 0.52626528567050468, "MTFCC": "G5020", "PRED_BRATE": -0.99165742003137081, "SoVI": 2.2330186624556378, "PRED_PCT_GOP": -0.77997315153950264, "Q_MINOR": 0.067564105678088321, "lag_sovi": -0.80714032234498823, "Area_miles": null, "RC3": -0.16123824064366449, "Q_GRP_QTR": -0.34353490421353938, "GEOIDFQ": "1400000US56021001502", "PRED_GDP_PC": 0.14406369651395959, "FUNCSTAT": "S", "RC10": 1.265782712464135, "GISJOIN": "G5600210001502", "NAME_E": "Census Tract 15.02, Laramie County, Wyoming", "COUNTY": "Laramie County", "INTPTLON": "-104.7522665", "RC2": 0.8011768123719738, "RC9": -0.75250547517770472, "AVG_HH_SZ": -0.50367889518287212, "ESL_PCT": -0.2130492093922553, "INTPTLAT": "+41.1507927", "Q_POV": -0.52695827846825183, "FEM_LBR": 0.73218183195949427, "GEOID": "56021001502", "RC7": -0.20700541805489611, "quadrant": "High Vulnerability & Low Wildfire Risk", "RC6": -1.2155310441912639, "PRED_PHYS_PC": -0.70600540932491651, "PRED_FARM_VAL": 0.70471122445945855, "P.Ii": 0.49802050410941773, "cluster": "Not Significant", "TRACTFIPS": "56021001502", "SOVI_SCORE": 72.61268732000001, "SOVI_RATNG": "Relatively High", "WFIR_RISKS": 80.531078686699999, "WFIR_RISKR": "Relatively Low", "WFIR_EALT": 4817.3683308400005 }, "geometry": { "type": "Polygon", "coordinates": [ [ [ -104.768297, 41.160109 ], [ -104.770696, 41.160124 ], [ -104.770785, 41.145617 ], [ -104.768468, 41.145604 ], [ -104.768503, 41.138547 ], [ -104.758783, 41.142059 ], [ -104.756123, 41.145527 ], [ -104.749388, 41.145438 ], [ -104.732507, 41.145366 ], [ -104.732336, 41.159821 ], [ -104.746933, 41.159863 ], [ -104.746999, 41.152786 ], [ -104.755012, 41.153157 ], [ -104.7579, 41.156497 ], [ -104.767025, 41.158088 ], [ -104.768297, 41.160109 ] ] ] } },
{ "type": "Feature", "properties": { "PRED_SS_PC": 0.019152697568072901, "PERCAP": 0.07889661468563143, "TRACTCE": "001501", "HLTH_INS": 0.50544535027009474, "Q_FEMALE": 0.64559487545534633, "RC5": -0.36556119313293511, "HOU_DEN": -0.091988151882724384, "MED_VAL": 0.17909627151893229, "POP_CHG": 0.09306477711055898, "LBR_FORCE": 0.1906801461646003, "SoVI_class": "-0.5 to 0.5 SD", "Q_UNEMP": 0.2373173067235117, "Q_EXTRACT": -0.60472225978068495, "MED_RENT": 0.21322930482624561, "Q_MOBILE": -0.65097707593434861, "Q_RENTER": -0.60595526383620568, "AGE_DEP": -0.33764871465988933, "MED_AGE": 0.079056969224852378, "PCT_URBAN": 0.61026741155965625, "NO_VEH": 0.51241569609376225, "Q_SERV": 0.64152604886414899, "COUNTYFP": "021", "ALAND": 16737027.0, "Ii": 0.034677885008608272, "NAME": "15.01", "RC4": -0.37425650156576012, "HOSP_PC": -0.39945578899327572, "PRED_NURS_PC": -0.49708013064348239, "AWATER": 0.0, "Q_TRANS": 0.54532368467397185, "NAMELSAD": "Census Tract 15.01", "RC8": -0.57447578414016132, "RC1": 1.0043756421354639, "STATEFP": "56", "NO_HS": -0.35218686184888481, "MTFCC": "G5020", "PRED_BRATE": -0.31291145499521822, "SoVI": -0.50425187808384986, "PRED_PCT_GOP": -0.22184637361365309, "Q_MINOR": 0.64199600433920612, "lag_sovi": -0.68338436800788493, "Area_miles": null, "RC3": -0.20467617955894299, "Q_GRP_QTR": -0.35160561459580258, "GEOIDFQ": "1400000US56021001501", "PRED_GDP_PC": 0.34674485866789118, "FUNCSTAT": "S", "RC10": -0.055595924818621772, "GISJOIN": "G5600210001501", "NAME_E": "Census Tract 15.01, Laramie County, Wyoming", "COUNTY": "Laramie County", "INTPTLON": "-104.7486980", "RC2": -0.24409446267084489, "RC9": -0.21033442084939061, "AVG_HH_SZ": -0.1127430929619322, "ESL_PCT": -0.48650332753724002, "INTPTLAT": "+41.1811784", "Q_POV": -0.79983119740077879, "FEM_LBR": 0.1043327490678561, "GEOID": "56021001501", "RC7": -0.014518150081567691, "quadrant": "Low Vulnerability & High Wildfire Risk", "RC6": -0.53488509659891026, "PRED_PHYS_PC": -0.44538188466016099, "PRED_FARM_VAL": 0.70471122445945855, "P.Ii": 0.62284130336914467, "cluster": "Not Significant", "TRACTFIPS": "56021001501", "SOVI_SCORE": 18.07794823, "SOVI_RATNG": "Very Low", "WFIR_RISKS": 91.040871416200005, "WFIR_RISKR": "Relatively Moderate", "WFIR_EALT": 48110.7715235 }, "geometry": { "type": "Polygon", "coordinates": [ [ [ -104.768297, 41.160109 ], [ -104.767025, 41.158088 ], [ -104.7579, 41.156497 ], [ -104.755012, 41.153157 ], [ -104.746999, 41.152786 ], [ -104.746933, 41.159863 ], [ -104.732336, 41.159821 ], [ -104.732115, 41.18193 ], [ -104.72404, 41.188792 ], [ -104.723902, 41.199446 ], [ -104.726151, 41.201999 ], [ -104.731698, 41.203153 ], [ -104.767846, 41.20335 ], [ -104.76818, 41.174533 ], [ -104.768297, 41.160109 ] ] ] } },
{ "type": "Feature", "properties": { "PRED_SS_PC": 0.76497065057406899, "PERCAP": 0.078815220633553396, "TRACTCE": "001000", "HLTH_INS": 0.035398764669355223, "Q_FEMALE": -0.38153783482066139, "RC5": -0.42033240611653999, "HOU_DEN": 2.1451207766216909, "MED_VAL": 0.17848556817936639, "POP_CHG": -0.051648905676541693, "LBR_FORCE": 1.2317717048000221, "SoVI_class": "-0.5 to 0.5 SD", "Q_UNEMP": 0.86935315561583537, "Q_EXTRACT": -0.87082030067425442, "MED_RENT": 0.21322744061734511, "Q_MOBILE": -0.64307507061233227, "Q_RENTER": 1.17613593205944, "AGE_DEP": -1.3061048089828391, "MED_AGE": 0.079056842101298042, "PCT_URBAN": 0.92287987496125579, "NO_VEH": 1.1619902130685471, "Q_SERV": 0.78692650323549207, "COUNTYFP": "021", "ALAND": 2034802.0, "Ii": 0.099811434796931456, "NAME": "10", "RC4": -0.5823113478255777, "HOSP_PC": -0.39945578899327572, "PRED_NURS_PC": -1.0469495550947829, "AWATER": 0.0, "Q_TRANS": -1.1144917326187529, "NAMELSAD": "Census Tract 10", "RC8": 1.1625520590410121, "RC1": 0.88757516115200374, "STATEFP": "56", "NO_HS": -1.008644551953062, "MTFCC": "G5020", "PRED_BRATE": -1.13092589304714, "SoVI": 0.31900197363046079, "PRED_PCT_GOP": -0.90817160349814485, "Q_MINOR": 0.81555884387413924, "lag_sovi": 3.1091873444378151, "Area_miles": null, "RC3": -0.27352670108759658, "Q_GRP_QTR": -0.35148167201058611, "GEOIDFQ": "1400000US56021001000", "PRED_GDP_PC": -0.18003479861120561, "FUNCSTAT": "S", "RC10": 0.71140639775421233, "GISJOIN": "G5600210001000", "NAME_E": "Census Tract 10, Laramie County, Wyoming", "COUNTY": "Laramie County", "INTPTLON": "-104.8304889", "RC2": -0.64213371513516571, "RC9": 0.74133601468022792, "AVG_HH_SZ": -1.0900825985142839, "ESL_PCT": -0.58469172142277737, "INTPTLAT": "+41.1412398", "Q_POV": -0.4126874021977196, "FEM_LBR": 0.91991182091034596, "GEOID": "56021001000", "RC7": -0.29115682127560988, "quadrant": "High Vulnerability & Low Wildfire Risk", "RC6": 0.97440666755650485, "PRED_PHYS_PC": 1.696238397582648, "PRED_FARM_VAL": 0.70471122445945855, "P.Ii": 0.046940405734151425, "cluster": "High-High", "TRACTFIPS": "56021001000", "SOVI_SCORE": 18.14784102, "SOVI_RATNG": "Very Low", "WFIR_RISKS": 0.0, "WFIR_RISKR": "No Rating", "WFIR_EALT": 0.0 }, "geometry": { "type": "Polygon", "coordinates": [ [ [ -104.840509, 41.146842 ], [ -104.840538, 41.139807 ], [ -104.843501, 41.137696 ], [ -104.834829, 41.133959 ], [ -104.815406, 41.141476 ], [ -104.818311, 41.145965 ], [ -104.818345, 41.145965 ], [ -104.836932, 41.146107 ], [ -104.840509, 41.146842 ] ] ] } },
{ "type": "Feature", "properties": { "PRED_SS_PC": -1.1862413864254271, "PERCAP": 0.079449468131669213, "TRACTCE": "951100", "HLTH_INS": 0.25748085927157349, "Q_FEMALE": -1.020679416878389, "RC5": 0.045045379523917919, "HOU_DEN": -0.6487502503106225, "MED_VAL": 0.17794529757375879, "POP_CHG": -0.39115749753833701, "LBR_FORCE": -1.4872899433078171, "SoVI_class": "< -1 SD", "Q_UNEMP": -0.73504553772621684, "Q_EXTRACT": 1.489353627251317, "MED_RENT": -4.6605295529758362, "Q_MOBILE": 0.53432372236808423, "Q_RENTER": -1.048527580697707, "AGE_DEP": 0.17445638071383951, "MED_AGE": 0.07905712480890395, "PCT_URBAN": -1.3265962575458641, "NO_VEH": -0.33327974511110259, "Q_SERV": -1.2486798579633069, "COUNTYFP": "045", "ALAND": 6100000350.0, "Ii": 0.48069382436278552, "NAME": "9511", "RC4": 1.025108871090701, "HOSP_PC": -0.39945578899327572, "PRED_NURS_PC": 1.220949313392655, "AWATER": 5041727.0, "Q_TRANS": 1.9574054575946489, "NAMELSAD": "Census Tract 9511", "RC8": 0.48275166590348212, "RC1": -0.6644544007640083, "STATEFP": "56", "NO_HS": 1.070762135703057, "MTFCC": "G5020", "PRED_BRATE": 0.28079222987305003, "SoVI": -3.3089834066681738, "PRED_PCT_GOP": -2.584752904032622, "Q_MINOR": 0.28509926009093289, "lag_sovi": -1.4435569298936439, "Area_miles": null, "RC3": -2.0716910464323992, "Q_GRP_QTR": 0.74129324526184237, "GEOIDFQ": "1400000US56045951100", "PRED_GDP_PC": -1.2213574108651311, "FUNCSTAT": "S", "RC10": -0.1153414620904854, "GISJOIN": "G5600450951100", "NAME_E": "Census Tract 9511, Weston County, Wyoming", "COUNTY": "Weston County", "INTPTLON": "-104.5700202", "RC2": 1.704762991226815, "RC9": -1.2623799720693649, "AVG_HH_SZ": -0.33613497994532587, "ESL_PCT": -0.59663392633269352, "INTPTLAT": "+43.8462133", "Q_POV": -0.10327189957638321, "FEM_LBR": -1.884488200384193, "GEOID": "56045951100", "RC7": -3.7523218192065739, "quadrant": "Low Vulnerability & High Wildfire Risk", "RC6": -1.299536386149742, "PRED_PHYS_PC": -1.578252219842939, "PRED_FARM_VAL": -0.63882466960886131, "P.Ii": 0.24729490263962239, "cluster": "Not Significant", "TRACTFIPS": "56045951100", "SOVI_SCORE": 26.42184446, "SOVI_RATNG": "Relatively Low", "WFIR_RISKS": 97.954645452099996, "WFIR_RISKR": "Relatively High", "WFIR_EALT": 517026.86492999998 }, "geometry": { "type": "Polygon", "coordinates": [ [ [ -105.079281, 44.176182 ], [ -105.079397, 44.149437 ], [ -105.080141, 44.104522 ], [ -105.080649, 44.086477 ], [ -105.080326, 44.077918 ], [ -105.080417, 44.023919 ], [ -105.080178, 44.016253 ], [ -105.080568, 43.99567 ], [ -105.081267, 43.90752 ], [ -105.081252, 43.856928 ], [ -105.081407, 43.826928 ], [ -105.078784, 43.827021 ], [ -105.080715, 43.749973 ], [ -105.08091, 43.701322 ], [ -105.081376, 43.624971 ], [ -105.081769, 43.592115 ], [ -105.08144, 43.549608 ], [ -105.080837, 43.534727 ], [ -105.080558, 43.5024 ], [ -105.079797, 43.498445 ], [ -105.000527, 43.499049 ], [ -105.000139, 43.499287 ], [ -104.95883, 43.499352 ], [ -104.940096, 43.49914 ], [ -104.899941, 43.49964 ], [ -104.875522, 43.499798 ], [ -104.799817, 43.500713 ], [ -104.750519, 43.501134 ], [ -104.733763, 43.501735 ], [ -104.596379, 43.501991 ], [ -104.517832, 43.501691 ], [ -104.501571, 43.50199 ], [ -104.365139, 43.502221 ], [ -104.35879, 43.502072 ], [ -104.262712, 43.502468 ], [ -104.250247, 43.502623 ], [ -104.179504, 43.502793 ], [ -104.059552, 43.503062 ], [ -104.054786, 43.503328 ], [ -104.055032, 43.566319 ], [ -104.054879, 43.582999 ], [ -104.05497, 43.644744 ], [ -104.055122, 43.740516 ], [ -104.055487, 43.853476 ], [ -104.055046, 43.935163 ], [ -104.054688, 43.999979 ], [ -104.054645, 44.058822 ], [ -104.054588, 44.141081 ], [ -104.054487, 44.180381 ], [ -104.16072, 44.180599 ], [ -104.291864, 44.180782 ], [ -104.368156, 44.180913 ], [ -104.375484, 44.181622 ], [ -104.442641, 44.180834 ], [ -104.461132, 44.180747 ], [ -104.614889, 44.179919 ], [ -104.62536, 44.180155 ], [ -104.722878, 44.179283 ], [ -104.907417, 44.178 ], [ -105.000414, 44.177329 ], [ -105.000513, 44.176897 ], [ -105.038338, 44.176977 ], [ -105.079281, 44.176182 ] ], [ [ -104.346198, 43.873457 ], [ -104.343209, 43.876434 ], [ -104.343107, 43.887406 ], [ -104.330379, 43.887396 ], [ -104.326206, 43.888014 ], [ -104.321979, 43.892592 ], [ -104.311957, 43.886557 ], [ -104.308492, 43.892489 ], [ -104.310963, 43.899296 ], [ -104.310647, 43.905304 ], [ -104.3065, 43.909715 ], [ -104.308646, 43.9124 ], [ -104.302835, 43.915432 ], [ -104.297897, 43.921731 ], [ -104.280234, 43.913977 ], [ -104.251786, 43.902411 ], [ -104.247264, 43.899931 ], [ -104.179722, 43.867511 ], [ -104.15023, 43.846763 ], [ -104.148553, 43.842158 ], [ -104.150707, 43.837519 ], [ -104.155616, 43.830982 ], [ -104.159823, 43.830187 ], [ -104.166492, 43.832494 ], [ -104.165805, 43.81794 ], [ -104.167577, 43.811332 ], [ -104.180118, 43.805229 ], [ -104.178926, 43.812275 ], [ -104.187375, 43.814347 ], [ -104.193646, 43.808615 ], [ -104.200146, 43.80776 ], [ -104.209942, 43.81097 ], [ -104.214505, 43.810686 ], [ -104.2145, 43.817772 ], [ -104.216347, 43.82485 ], [ -104.213172, 43.829876 ], [ -104.213723, 43.832279 ], [ -104.218175, 43.836636 ], [ -104.23058, 43.836128 ], [ -104.229482, 43.830271 ], [ -104.232438, 43.828107 ], [ -104.238248, 43.831815 ], [ -104.244356, 43.838549 ], [ -104.249783, 43.839804 ], [ -104.257297, 43.834061 ], [ -104.261591, 43.828173 ], [ -104.27671, 43.815664 ], [ -104.279454, 43.815178 ], [ -104.297621, 43.815111 ], [ -104.300906, 43.818876 ], [ -104.303891, 43.82484 ], [ -104.309295, 43.825468 ], [ -104.313432, 43.828673 ], [ -104.323346, 43.82629 ], [ -104.326778, 43.834967 ], [ -104.332128, 43.839699 ], [ -104.336131, 43.851101 ], [ -104.336092, 43.855542 ], [ -104.338235, 43.862233 ], [ -104.346198, 43.873457 ] ] ] } },
{ "type": "Feature", "properties": { "PRED_SS_PC": -0.86054709727091983, "PERCAP": 0.078941637549403282, "TRACTCE": "951300", "HLTH_INS": -0.51162890638625558, "Q_FEMALE": -0.3878047847046755, "RC5": -0.31216118906671358, "HOU_DEN": -0.59195951591747686, "MED_VAL": 0.17774087085812351, "POP_CHG": 0.2382893540986841, "LBR_FORCE": 0.28215909885731583, "SoVI_class": "-0.5 to 0.5 SD", "Q_UNEMP": -1.0753725332836219, "Q_EXTRACT": 1.986841268921903, "MED_RENT": 0.21322474299740679, "Q_MOBILE": 0.42369564785985708, "Q_RENTER": -0.75347936945670613, "AGE_DEP": 0.12531659783141291, "MED_AGE": 0.079056910406491418, "PCT_URBAN": -1.3265962575458641, "NO_VEH": 0.036188157823839537, "Q_SERV": -1.368421408622061, "COUNTYFP": "045", "ALAND": 110803771.0, "Ii": 0.10131508192292904, "NAME": "9513", "RC4": 0.57005439226801946, "HOSP_PC": 1.398695578163532, "PRED_NURS_PC": 0.62591478801574818, "AWATER": 183772.0, "Q_TRANS": -0.64379780831186117, "NAMELSAD": "Census Tract 9513", "RC8": 1.2301946204621379, "RC1": -1.3934109127039189, "STATEFP": "56", "NO_HS": 0.57609570198638105, "MTFCC": "G5020", "PRED_BRATE": -0.26742631244983428, "SoVI": -0.30425622547567749, "PRED_PCT_GOP": 0.94442914742659356, "Q_MINOR": -0.36747644194217438, "lag_sovi": -3.3089834066681738, "Area_miles": null, "RC3": -0.38799699752039579, "Q_GRP_QTR": 0.070048685611256684, "GEOIDFQ": "1400000US56045951300", "PRED_GDP_PC": -0.87145746876066132, "FUNCSTAT": "S", "RC10": 0.38798696519899251, "GISJOIN": "G5600450951300", "NAME_E": "Census Tract 9513, Weston County, Wyoming", "COUNTY": "Weston County", "INTPTLON": "-104.2445128", "RC2": 0.22320636693803, "RC9": -0.45893970922233862, "AVG_HH_SZ": 0.026876836402690289, "ESL_PCT": -0.63584162719066895, "INTPTLAT": "+43.8596486", "Q_POV": -0.38848064837560381, "FEM_LBR": 0.25185121160112972, "GEOID": "56045951300", "RC7": 0.63260298016528937, "quadrant": "Low Vulnerability & High Wildfire Risk", "RC6": 0.79579274199477923, "PRED_PHYS_PC": 0.54029734621116776, "PRED_FARM_VAL": 0.70471122445945855, "P.Ii": 0.29508470487848265, "cluster": "Not Significant", "TRACTFIPS": "56045951300", "SOVI_SCORE": 68.6939525, "SOVI_RATNG": "Relatively High", "WFIR_RISKS": 96.855861962399999, "WFIR_RISKR": "Relatively High", "WFIR_EALT": 193455.055937 }, "geometry": { "type": "Polygon", "coordinates": [ [ [ -104.346198, 43.873457 ], [ -104.338235, 43.862233 ], [ -104.336092, 43.855542 ], [ -104.336131, 43.851101 ], [ -104.332128, 43.839699 ], [ -104.326778, 43.834967 ], [ -104.323346, 43.82629 ], [ -104.313432, 43.828673 ], [ -104.309295, 43.825468 ], [ -104.303891, 43.82484 ], [ -104.300906, 43.818876 ], [ -104.297621, 43.815111 ], [ -104.279454, 43.815178 ], [ -104.27671, 43.815664 ], [ -104.261591, 43.828173 ], [ -104.257297, 43.834061 ], [ -104.249783, 43.839804 ], [ -104.244356, 43.838549 ], [ -104.238248, 43.831815 ], [ -104.232438, 43.828107 ], [ -104.229482, 43.830271 ], [ -104.23058, 43.836128 ], [ -104.218175, 43.836636 ], [ -104.213723, 43.832279 ], [ -104.213172, 43.829876 ], [ -104.216347, 43.82485 ], [ -104.2145, 43.817772 ], [ -104.214505, 43.810686 ], [ -104.209942, 43.81097 ], [ -104.200146, 43.80776 ], [ -104.193646, 43.808615 ], [ -104.187375, 43.814347 ], [ -104.178926, 43.812275 ], [ -104.180118, 43.805229 ], [ -104.167577, 43.811332 ], [ -104.165805, 43.81794 ], [ -104.166492, 43.832494 ], [ -104.159823, 43.830187 ], [ -104.155616, 43.830982 ], [ -104.150707, 43.837519 ], [ -104.148553, 43.842158 ], [ -104.15023, 43.846763 ], [ -104.179722, 43.867511 ], [ -104.247264, 43.899931 ], [ -104.251786, 43.902411 ], [ -104.280234, 43.913977 ], [ -104.297897, 43.921731 ], [ -104.302835, 43.915432 ], [ -104.308646, 43.9124 ], [ -104.3065, 43.909715 ], [ -104.310647, 43.905304 ], [ -104.310963, 43.899296 ], [ -104.308492, 43.892489 ], [ -104.311957, 43.886557 ], [ -104.321979, 43.892592 ], [ -104.326206, 43.888014 ], [ -104.330379, 43.887396 ], [ -104.343107, 43.887406 ], [ -104.343209, 43.876434 ], [ -104.346198, 43.873457 ] ] ] } },
{ "type": "Feature", "properties": { "PRED_SS_PC": -1.1371399073479529, "PERCAP": 0.079013469223335089, "TRACTCE": "001802", "HLTH_INS": 0.26427245372128638, "Q_FEMALE": -0.81605641984283761, "RC5": 0.59955525269793597, "HOU_DEN": -0.64911295336696762, "MED_VAL": 0.17992600348239329, "POP_CHG": 2.1844680844855882, "LBR_FORCE": 0.50027900848947893, "SoVI_class": "-0.5 to 0.5 SD", "Q_UNEMP": -1.026754391061135, "Q_EXTRACT": 0.45966990379359252, "MED_RENT": 0.2132290781969283, "Q_MOBILE": 1.0716600842651871, "Q_RENTER": -0.93050829620130682, "AGE_DEP": -0.64351174173912051, "MED_AGE": 0.079057050811611129, "PCT_URBAN": -1.3086984156205561, "NO_VEH": -1.1209764186047111, "Q_SERV": -0.085476222992565201, "COUNTYFP": "025", "ALAND": 8809200693.0, "Ii": 0.034601345787783136, "NAME": "18.02", "RC4": -0.75212028497614714, "HOSP_PC": -0.39945578899327572, "PRED_NURS_PC": -0.78288026396198318, "AWATER": 62500727.0, "Q_TRANS": 1.0160176089808639, "NAMELSAD": "Census Tract 18.02", "RC8": 0.39505973693027291, "RC1": -1.3762362409142139, "STATEFP": "56", "NO_HS": -0.041499718195807132, "MTFCC": "G5020", "PRED_BRATE": 1.590402422403502, "SoVI": -0.56151127106437371, "PRED_PCT_GOP": -0.05160652076382799, "Q_MINOR": -0.94629160334321405, "lag_sovi": -0.61234260168753529, "Area_miles": null, "RC3": 0.62908377499518253, "Q_GRP_QTR": 0.50938024788903635, "GEOIDFQ": "1400000US56025001802", "PRED_GDP_PC": 0.14613396018944119, "FUNCSTAT": "S", "RC10": -0.8626371405717439, "GISJOIN": "G5600250001802", "NAME_E": "Census Tract 18.02, Natrona County, Wyoming", "COUNTY": "Natrona County", "INTPTLON": "-107.0539031", "RC2": -0.903449294077038, "RC9": -0.36132605394882089, "AVG_HH_SZ": 1.2834562006842849, "ESL_PCT": -0.68110147820735645, "INTPTLAT": "+42.9602084", "Q_POV": -0.91082740107560245, "FEM_LBR": 0.1489628041553912, "GEOID": "56025001802", "RC7": -0.078981824558057329, "quadrant": "Low Vulnerability & High Wildfire Risk", "RC6": -2.1495408033582559, "PRED_PHYS_PC": -1.6140114275132149, "PRED_FARM_VAL": -2.027169210721786, "P.Ii": 0.50436687369112243, "cluster": "Not Significant", "TRACTFIPS": "56025001802", "SOVI_SCORE": 53.08298288, "SOVI_RATNG": "Relatively Moderate", "WFIR_RISKS": 98.040264944800001, "WFIR_RISKR": "Relatively High", "WFIR_EALT": 459205.50934599998 }, "geometry": { "type": "Polygon", "coordinates": [ [ [ -107.534897, 43.501362 ], [ -107.535032, 43.472759 ], [ -107.517031, 43.472659 ], [ -107.51623, 43.37496 ], [ -107.516529, 43.357763 ], [ -107.51583, 43.29996 ], [ -107.516029, 43.28526 ], [ -107.515729, 43.21306 ], [ -107.516929, 43.21316 ], [ -107.516728, 43.171958 ], [ -107.516728, 43.12796 ], [ -107.502327, 43.12806 ], [ -107.502627, 43.06676 ], [ -107.502126, 43.03486 ], [ -107.501875, 43.00001 ], [ -107.501926, 42.95196 ], [ -107.501525, 42.911059 ], [ -107.502075, 42.874959 ], [ -107.501525, 42.853959 ], [ -107.501425, 42.781458 ], [ -107.543526, 42.781558 ], [ -107.543526, 42.749958 ], [ -107.542826, 42.689958 ], [ -107.542924, 42.624955 ], [ -107.542528, 42.608752 ], [ -107.542324, 42.499956 ], [ -107.542091, 42.449898 ], [ -107.542025, 42.434356 ], [ -107.522923, 42.434356 ], [ -107.443075, 42.434472 ], [ -107.356206, 42.43463 ], [ -107.307117, 42.434556 ], [ -107.287516, 42.434756 ], [ -107.250403, 42.434507 ], [ -107.12561, 42.434058 ], [ -107.000606, 42.433409 ], [ -106.955837, 42.433441 ], [ -106.912864, 42.433195 ], [ -106.913401, 42.435937 ], [ -106.910928, 42.4396 ], [ -106.904659, 42.445686 ], [ -106.89452, 42.447506 ], [ -106.889103, 42.449209 ], [ -106.884778, 42.457629 ], [ -106.874915, 42.459628 ], [ -106.867714, 42.46372 ], [ -106.85725, 42.467537 ], [ -106.850826, 42.467753 ], [ -106.849112, 42.465254 ], [ -106.840177, 42.465069 ], [ -106.837435, 42.463977 ], [ -106.831475, 42.465014 ], [ -106.82153, 42.463699 ], [ -106.818226, 42.464983 ], [ -106.811277, 42.464669 ], [ -106.808096, 42.468053 ], [ -106.79889, 42.467322 ], [ -106.796052, 42.470831 ], [ -106.791847, 42.471003 ], [ -106.795244, 42.476195 ], [ -106.790083, 42.480105 ], [ -106.783122, 42.48934 ], [ -106.786311, 42.492396 ], [ -106.786088, 42.495795 ], [ -106.780172, 42.494764 ], [ -106.780541, 42.498903 ], [ -106.785825, 42.502052 ], [ -106.784661, 42.507406 ], [ -106.779603, 42.511408 ], [ -106.773005, 42.514835 ], [ -106.750597, 42.528488 ], [ -106.725522, 42.544128 ], [ -106.721159, 42.548482 ], [ -106.713172, 42.551933 ], [ -106.71093, 42.556046 ], [ -106.716413, 42.559851 ], [ -106.718165, 42.563491 ], [ -106.713725, 42.564404 ], [ -106.706453, 42.562225 ], [ -106.702553, 42.562898 ], [ -106.699709, 42.568928 ], [ -106.693901, 42.571347 ], [ -106.691949, 42.577283 ], [ -106.689748, 42.578846 ], [ -106.683967, 42.578631 ], [ -106.679095, 42.580888 ], [ -106.675985, 42.580044 ], [ -106.671091, 42.576064 ], [ -106.659788, 42.577406 ], [ -106.655406, 42.579155 ], [ -106.651912, 42.588094 ], [ -106.655327, 42.592516 ], [ -106.654031, 42.594791 ], [ -106.648445, 42.593756 ], [ -106.643159, 42.590239 ], [ -106.639642, 42.591697 ], [ -106.637997, 42.596957 ], [ -106.631665, 42.597829 ], [ -106.63483, 42.604222 ], [ -106.631081, 42.606048 ], [ -106.625592, 42.604207 ], [ -106.6217, 42.601141 ], [ -106.619639, 42.596927 ], [ -106.61451, 42.592666 ], [ -106.612252, 42.59323 ], [ -106.610375, 42.598357 ], [ -106.612538, 42.607162 ], [ -106.614381, 42.609255 ], [ -106.622138, 42.612821 ], [ -106.622672, 42.615299 ], [ -106.618999, 42.618433 ], [ -106.615579, 42.623512 ], [ -106.608244, 42.628037 ], [ -106.608431, 42.631897 ], [ -106.614695, 42.632575 ], [ -106.616147, 42.637215 ], [ -106.618812, 42.638411 ], [ -106.61423, 42.64375 ], [ -106.565389, 42.703732 ], [ -106.559426, 42.70803 ], [ -106.544227, 42.713061 ], [ -106.538957, 42.716605 ], [ -106.534154, 42.722285 ], [ -106.531312, 42.734498 ], [ -106.522434, 42.742999 ], [ -106.51386, 42.74727 ], [ -106.50016, 42.75146 ], [ -106.49219, 42.75543 ], [ -106.485585, 42.763517 ], [ -106.479303, 42.764033 ], [ -106.471894, 42.766108 ], [ -106.465795, 42.769435 ], [ -106.461643, 42.773172 ], [ -106.4524, 42.78403 ], [ -106.435434, 42.801589 ], [ -106.44104, 42.801762 ], [ -106.441586, 42.797672 ], [ -106.444938, 42.795091 ], [ -106.450413, 42.796244 ], [ -106.455455, 42.804564 ], [ -106.459376, 42.805683 ], [ -106.457825, 42.80941 ], [ -106.453657, 42.814452 ], [ -106.454, 42.83257 ], [ -106.45065, 42.83973 ], [ -106.45055, 42.84514 ], [ -106.45404, 42.84523 ], [ -106.4547, 42.88498 ], [ -106.455733, 42.887316 ], [ -106.434969, 42.879535 ], [ -106.42103, 42.872703 ], [ -106.40611, 42.86396 ], [ -106.400488, 42.860708 ], [ -106.39511, 42.86262 ], [ -106.382131, 42.862708 ], [ -106.385967, 42.864194 ], [ -106.389523, 42.867819 ], [ -106.392551, 42.866379 ], [ -106.396603, 42.868331 ], [ -106.400394, 42.873051 ], [ -106.398844, 42.874563 ], [ -106.402399, 42.879864 ], [ -106.405485, 42.880765 ], [ -106.406679, 42.884333 ], [ -106.411988, 42.88264 ], [ -106.415008, 42.886047 ], [ -106.420446, 42.887232 ], [ -106.4209, 42.889954 ], [ -106.426023, 42.893572 ], [ -106.423751, 42.895597 ], [ -106.427482, 42.899775 ], [ -106.421773, 42.90262 ], [ -106.42906, 42.907879 ], [ -106.42937, 42.912185 ], [ -106.433013, 42.920013 ], [ -106.430264, 42.922316 ], [ -106.431469, 42.930077 ], [ -106.436013, 42.93244 ], [ -106.430927, 42.934072 ], [ -106.437801, 42.940593 ], [ -106.433677, 42.941535 ], [ -106.433467, 42.945022 ], [ -106.436887, 42.952487 ], [ -106.443989, 42.953625 ], [ -106.444223, 42.955767 ], [ -106.438838, 42.958318 ], [ -106.443117, 42.962765 ], [ -106.451196, 42.967952 ], [ -106.449503, 42.970499 ], [ -106.456085, 42.977799 ], [ -106.460257, 42.977772 ], [ -106.463805, 42.980061 ], [ -106.466142, 42.987857 ], [ -106.472492, 42.988027 ], [ -106.471635, 42.993237 ], [ -106.476592, 42.995176 ], [ -106.474727, 43.000436 ], [ -106.479274, 43.003748 ], [ -106.484676, 43.005614 ], [ -106.488218, 43.01283 ], [ -106.492489, 43.013339 ], [ -106.491068, 43.017204 ], [ -106.497351, 43.019748 ], [ -106.497099, 43.023475 ], [ -106.506282, 43.024274 ], [ -106.510629, 43.025934 ], [ -106.51415, 43.03193 ], [ -106.5138, 43.03513 ], [ -106.51794, 43.0443 ], [ -106.52664, 43.05916 ], [ -106.53323, 43.06376 ], [ -106.55199, 43.08007 ], [ -106.55309, 43.08058 ], [ -106.5784, 43.08075 ], [ -106.57827, 43.08922 ], [ -106.58105, 43.09931 ], [ -106.58039, 43.11231 ], [ -106.58077, 43.13411 ], [ -106.57803, 43.14401 ], [ -106.57894, 43.14735 ], [ -106.58364, 43.15113 ], [ -106.58958, 43.15431 ], [ -106.5948, 43.15979 ], [ -106.59657, 43.16805 ], [ -106.60058, 43.17358 ], [ -106.60044, 43.17958 ], [ -106.59685, 43.18643 ], [ -106.59295, 43.19625 ], [ -106.5933, 43.19948 ], [ -106.59845, 43.20714 ], [ -106.59991, 43.21471 ], [ -106.60444, 43.22341 ], [ -106.6097, 43.22967 ], [ -106.6169, 43.23335 ], [ -106.61969, 43.23595 ], [ -106.62545, 43.24409 ], [ -106.63679, 43.24893 ], [ -106.64382, 43.2544 ], [ -106.64912, 43.26445 ], [ -106.65986, 43.26835 ], [ -106.66343, 43.27997 ], [ -106.66834, 43.29165 ], [ -106.67158, 43.29643 ], [ -106.67334, 43.30165 ], [ -106.67397, 43.30991 ], [ -106.67796, 43.32091 ], [ -106.67871, 43.3262 ], [ -106.68354, 43.32783 ], [ -106.68696, 43.33122 ], [ -106.69767, 43.33903 ], [ -106.70089, 43.34361 ], [ -106.71, 43.35109 ], [ -106.71397, 43.35582 ], [ -106.71473, 43.36009 ], [ -106.70098, 43.3795 ], [ -106.70037, 43.38223 ], [ -106.69312, 43.39237 ], [ -106.68954, 43.39927 ], [ -106.68302, 43.40639 ], [ -106.68456, 43.41024 ], [ -106.68331, 43.41471 ], [ -106.68499, 43.41841 ], [ -106.68368, 43.43156 ], [ -106.6859, 43.43671 ], [ -106.68498, 43.44692 ], [ -106.6855, 43.45645 ], [ -106.68848, 43.46309 ], [ -106.6973, 43.46988 ], [ -106.69862, 43.48139 ], [ -106.694359, 43.491956 ], [ -106.750606, 43.491918 ], [ -106.833209, 43.491966 ], [ -106.875611, 43.492266 ], [ -106.958915, 43.492164 ], [ -107.000617, 43.492513 ], [ -107.11092, 43.492362 ], [ -107.110734, 43.500286 ], [ -107.173873, 43.500328 ], [ -107.19761, 43.500542 ], [ -107.230481, 43.500344 ], [ -107.23063, 43.501485 ], [ -107.250624, 43.501624 ], [ -107.425641, 43.501642 ], [ -107.449653, 43.501897 ], [ -107.500632, 43.501298 ], [ -107.534897, 43.501362 ] ] ] } },
{ "type": "Feature", "properties": { "PRED_SS_PC": 1.2028220361089099, "PERCAP": 0.078755057337716691, "TRACTCE": "940302", "HLTH_INS": -0.14721236676591021, "Q_FEMALE": 0.20262713254355719, "RC5": 0.83460963672936062, "HOU_DEN": -0.5223860158278204, "MED_VAL": 0.17768160428930491, "POP_CHG": -0.061861606354005137, "LBR_FORCE": -1.0141672971237301, "SoVI_class": "0.5 to 1 SD", "Q_UNEMP": 0.62626244450340329, "Q_EXTRACT": -0.87082030067425442, "MED_RENT": 0.21322737482173679, "Q_MOBILE": 1.553682408908176, "Q_RENTER": 0.66275204450009828, "AGE_DEP": -0.1854363823712008, "MED_AGE": 0.079056895227559557, "PCT_URBAN": 0.24641188688942761, "NO_VEH": 0.2620796893656947, "Q_SERV": 0.78692650323549207, "COUNTYFP": "013", "ALAND": 33775446.0, "Ii": 0.071625587562953855, "NAME": "9403.02", "RC4": 0.348312515490383, "HOSP_PC": -0.39945578899327572, "PRED_NURS_PC": 0.76832991399939166, "AWATER": 907171.0, "Q_TRANS": 0.52055032023676717, "NAMELSAD": "Census Tract 9403.02", "RC8": -0.71549336968378685, "RC1": 0.79622502766439118, "STATEFP": "56", "NO_HS": 0.27297326686366441, "MTFCC": "G5020", "PRED_BRATE": -0.1436322096462738, "SoVI": 2.4845204631809752, "PRED_PCT_GOP": 0.39070480277392089, "Q_MINOR": 0.72884029934632677, "lag_sovi": 0.28647424412908007, "Area_miles": null, "RC3": -0.44790378129573138, "Q_GRP_QTR": 1.1145550894817251, "GEOIDFQ": "1400000US56013940302", "PRED_GDP_PC": -0.20471473918842409, "FUNCSTAT": "S", "RC10": -0.52605094284220355, "GISJOIN": "G5600130940302", "NAME_E": "Census Tract 9403.02, Fremont County, Wyoming", "COUNTY": "Fremont County", "INTPTLON": "-108.3559699", "RC2": 0.73530999757175808, "RC9": 0.75630388456849063, "AVG_HH_SZ": 0.86459641259042019, "ESL_PCT": -0.59110702181739117, "INTPTLAT": "+43.0644812", "Q_POV": 0.89797655198238369, "FEM_LBR": -0.0084484247354642775, "GEOID": "56013940302", "RC7": 0.02315619013913919, "quadrant": "High Vulnerability & Low Wildfire Risk", "RC6": -0.6800513048391742, "PRED_PHYS_PC": -1.0614103726417701, "PRED_FARM_VAL": 0.70471122445945855, "P.Ii": 0.82829480825726298, "cluster": "Not Significant", "TRACTFIPS": "56013940302", "SOVI_SCORE": 72.96215128, "SOVI_RATNG": "Relatively High", "WFIR_RISKS": 87.050051728400007, "WFIR_RISKR": "Relatively Low", "WFIR_EALT": 13394.0117242 }, "geometry": { "type": "Polygon", "coordinates": [ [ [ -108.355689, 43.099544 ], [ -108.381063, 43.099074 ], [ -108.380595, 43.034503 ], [ -108.381117, 43.033991 ], [ -108.380593, 43.026776 ], [ -108.360723, 43.026885 ], [ -108.360703, 43.019554 ], [ -108.350159, 43.019505 ], [ -108.345888, 43.016157 ], [ -108.341682, 43.017792 ], [ -108.344024, 43.02273 ], [ -108.338224, 43.023282 ], [ -108.336203, 43.026021 ], [ -108.341052, 43.029634 ], [ -108.338534, 43.033765 ], [ -108.337252, 43.038846 ], [ -108.333386, 43.039785 ], [ -108.33522, 43.044579 ], [ -108.338909, 43.049109 ], [ -108.34305, 43.050254 ], [ -108.342694, 43.053137 ], [ -108.337324, 43.053345 ], [ -108.333948, 43.057014 ], [ -108.333459, 43.060218 ], [ -108.336088, 43.064412 ], [ -108.328273, 43.066671 ], [ -108.32852, 43.070412 ], [ -108.322774, 43.072887 ], [ -108.322502, 43.075853 ], [ -108.318916, 43.077638 ], [ -108.315739, 43.076201 ], [ -108.311412, 43.077925 ], [ -108.3089, 43.082517 ], [ -108.315179, 43.085437 ], [ -108.314271, 43.088932 ], [ -108.307766, 43.090211 ], [ -108.308733, 43.094077 ], [ -108.317055, 43.092618 ], [ -108.321272, 43.09325 ], [ -108.326885, 43.092002 ], [ -108.341371, 43.092202 ], [ -108.341588, 43.099988 ], [ -108.355689, 43.099544 ] ] ] } },
{ "type": "Feature", "properties": { "PRED_SS_PC": 0.46031655365454688, "PERCAP": 0.079065550032881529, "TRACTCE": "000301", "HLTH_INS": 0.21426113969109961, "Q_FEMALE": 0.86501106583525256, "RC5": -0.075634704568758551, "HOU_DEN": -0.6487331990436076, "MED_VAL": 0.17932388950062711, "POP_CHG": 0.91787937167016165, "LBR_FORCE": -0.83505519202120315, "SoVI_class": "< -1 SD", "Q_UNEMP": 1.0638257245057809, "Q_EXTRACT": -0.82454238051885098, "MED_RENT": 0.213224333602511, "Q_MOBILE": -0.84852720898475398, "Q_RENTER": -0.97771600999986685, "AGE_DEP": 1.623493222189669, "MED_AGE": 0.079057196908830285, "PCT_URBAN": -0.6482770317615838, "NO_VEH": 0.33206330906226711, "Q_SERV": 0.70994979209772313, "COUNTYFP": "013", "ALAND": 5530657762.0, "Ii": -0.033663624208306771, "NAME": "3.01", "RC4": 0.41014409274383318, "HOSP_PC": -0.39945578899327572, "PRED_NURS_PC": 0.30995498687958473, "AWATER": 17975994.0, "Q_TRANS": 0.02508303149266999, "NAMELSAD": "Census Tract 3.01", "RC8": -2.2065754438360119, "RC1": 0.18317434506395619, "STATEFP": "56", "NO_HS": -0.57159054252222652, "MTFCC": "G5020", "PRED_BRATE": 1.0865601272631169, "SoVI": -3.3695435171033998, "PRED_PCT_GOP": -0.16940016610629091, "Q_MINOR": 0.16344124540005961, "lag_sovi": 0.099277255609524218, "Area_miles": null, "RC3": -0.49436548604962899, "Q_GRP_QTR": -0.066432028416237632, "GEOIDFQ": "1400000US56013000301", "PRED_GDP_PC": -1.024594440803539, "FUNCSTAT": "S", "RC10": -1.13095919376896, "GISJOIN": "G5600130000301", "NAME_E": "Census Tract 3.01, Fremont County, Wyoming", "COUNTY": "Fremont County", "INTPTLON": "-108.4845549", "RC2": -0.83869941611237619, "RC9": 0.90468979129582983, "AVG_HH_SZ": 0.97629235608211762, "ESL_PCT": -0.71676894288916393, "INTPTLAT": "+42.5021045", "Q_POV": -0.6722264746463148, "FEM_LBR": 0.096138407706058873, "GEOID": "56013000301", "RC7": -0.58018799828560352, "quadrant": "Low Vulnerability & High Wildfire Risk", "RC6": -0.45887049641432009, "PRED_PHYS_PC": -0.68567417933303221, "PRED_FARM_VAL": -1.080012259027114, "P.Ii": 0.93927103269875445, "cluster": "Not Significant", "TRACTFIPS": "56013000301", "SOVI_SCORE": 60.30740982, "SOVI_RATNG": "Relatively High", "WFIR_RISKS": 97.669247143000007, "WFIR_RISKR": "Relatively High", "WFIR_EALT": 332781.14182999998 }, "geometry": { "type": "Polygon", "coordinates": [ [ [ -109.325773, 42.86878 ], [ -109.323552, 42.863868 ], [ -109.31536, 42.856131 ], [ -109.301355, 42.851685 ], [ -109.300063, 42.849692 ], [ -109.29166, 42.845797 ], [ -109.285159, 42.846475 ], [ -109.283596, 42.848276 ], [ -109.278669, 42.844824 ], [ -109.281083, 42.843564 ], [ -109.277019, 42.836148 ], [ -109.273526, 42.834834 ], [ -109.268497, 42.824345 ], [ -109.264004, 42.824157 ], [ -109.260641, 42.81941 ], [ -109.259766, 42.815241 ], [ -109.256298, 42.813774 ], [ -109.253671, 42.810407 ], [ -109.24797, 42.806156 ], [ -109.243755, 42.805263 ], [ -109.240128, 42.808801 ], [ -109.236875, 42.809523 ], [ -109.234317, 42.805477 ], [ -109.214144, 42.799833 ], [ -109.210344, 42.793143 ], [ -109.220113, 42.79026 ], [ -109.225946, 42.790938 ], [ -109.226716, 42.788002 ], [ -109.232951, 42.782595 ], [ -109.232898, 42.780464 ], [ -109.237357, 42.77674 ], [ -109.2344, 42.767964 ], [ -109.223924, 42.76209 ], [ -109.214602, 42.761795 ], [ -109.213567, 42.766846 ], [ -109.209797, 42.770424 ], [ -109.205737, 42.770708 ], [ -109.202884, 42.768549 ], [ -109.195257, 42.768537 ], [ -109.192888, 42.765555 ], [ -109.184613, 42.760327 ], [ -109.182575, 42.75607 ], [ -109.179786, 42.755581 ], [ -109.179467, 42.751045 ], [ -109.167114, 42.748079 ], [ -109.160677, 42.74807 ], [ -109.160213, 42.743783 ], [ -109.156885, 42.74264 ], [ -109.149117, 42.743235 ], [ -109.144038, 42.742257 ], [ -109.140121, 42.738714 ], [ -109.134035, 42.735697 ], [ -109.138332, 42.733241 ], [ -109.143282, 42.733226 ], [ -109.147908, 42.727562 ], [ -109.137924, 42.721421 ], [ -109.134349, 42.717815 ], [ -109.132253, 42.710227 ], [ -109.128412, 42.708387 ], [ -109.137701, 42.705117 ], [ -109.133799, 42.698436 ], [ -109.134466, 42.694289 ], [ -109.115159, 42.693802 ], [ -109.072851, 42.693514 ], [ -109.072177, 42.682364 ], [ -109.072214, 42.637748 ], [ -109.071637, 42.61739 ], [ -109.07143, 42.581895 ], [ -109.070908, 42.569034 ], [ -109.071368, 42.516363 ], [ -109.070803, 42.503376 ], [ -109.070058, 42.499952 ], [ -109.069477, 42.433477 ], [ -109.043801, 42.433644 ], [ -109.043196, 42.349836 ], [ -109.043425, 42.326177 ], [ -109.043093, 42.298186 ], [ -109.043456, 42.268083 ], [ -109.043864, 42.263684 ], [ -109.000673, 42.263851 ], [ -108.97665, 42.263581 ], [ -108.908028, 42.263486 ], [ -108.875671, 42.263786 ], [ -108.859256, 42.263478 ], [ -108.756031, 42.262875 ], [ -108.698578, 42.263141 ], [ -108.525806, 42.263066 ], [ -108.375655, 42.263672 ], [ -108.241634, 42.263295 ], [ -108.194059, 42.262797 ], [ -108.119464, 42.262489 ], [ -107.994247, 42.262053 ], [ -107.875636, 42.261855 ], [ -107.750632, 42.262055 ], [ -107.694191, 42.261627 ], [ -107.639128, 42.261356 ], [ -107.56173, 42.261856 ], [ -107.522722, 42.261756 ], [ -107.522824, 42.319556 ], [ -107.522724, 42.347956 ], [ -107.522973, 42.374956 ], [ -107.522923, 42.434356 ], [ -107.542025, 42.434356 ], [ -107.542091, 42.449898 ], [ -107.545233, 42.451547 ], [ -107.592576, 42.465852 ], [ -107.601591, 42.471349 ], [ -107.61314, 42.477117 ], [ -107.626282, 42.480525 ], [ -107.648921, 42.48325 ], [ -107.667833, 42.484052 ], [ -107.707516, 42.486328 ], [ -107.803615, 42.490358 ], [ -107.807302, 42.490932 ], [ -107.902112, 42.509121 ], [ -107.937343, 42.513079 ], [ -108.008713, 42.517317 ], [ -108.052742, 42.525249 ], [ -108.121056, 42.543236 ], [ -108.125946, 42.544184 ], [ -108.135136, 42.544126 ], [ -108.173653, 42.540913 ], [ -108.191904, 42.543535 ], [ -108.214032, 42.541693 ], [ -108.223014, 42.54452 ], [ -108.244011, 42.559706 ], [ -108.267514, 42.580463 ], [ -108.274457, 42.584275 ], [ -108.282377, 42.585682 ], [ -108.288495, 42.585223 ], [ -108.297768, 42.583146 ], [ -108.306496, 42.583899 ], [ -108.311225, 42.588338 ], [ -108.313193, 42.59588 ], [ -108.322915, 42.607926 ], [ -108.323412, 42.613423 ], [ -108.319705, 42.621017 ], [ -108.32286, 42.625342 ], [ -108.343, 42.637711 ], [ -108.347852, 42.641922 ], [ -108.364485, 42.661161 ], [ -108.368359, 42.664536 ], [ -108.377104, 42.668016 ], [ -108.402789, 42.673 ], [ -108.429051, 42.678547 ], [ -108.435375, 42.680841 ], [ -108.469402, 42.701119 ], [ -108.479818, 42.703797 ], [ -108.494917, 42.702629 ], [ -108.508458, 42.700473 ], [ -108.529734, 42.697947 ], [ -108.536292, 42.695879 ], [ -108.542073, 42.695723 ], [ -108.547176, 42.693799 ], [ -108.55648, 42.695354 ], [ -108.565013, 42.693159 ], [ -108.571456, 42.693139 ], [ -108.576094, 42.696423 ], [ -108.588984, 42.700728 ], [ -108.599018, 42.70706 ], [ -108.620838, 42.725918 ], [ -108.629967, 42.729665 ], [ -108.64658, 42.728816 ], [ -108.647047, 42.734197 ], [ -108.651653, 42.753997 ], [ -108.653518, 42.763792 ], [ -108.656753, 42.771077 ], [ -108.660373, 42.77565 ], [ -108.680661, 42.796601 ], [ -108.685351, 42.79987 ], [ -108.698749, 42.806628 ], [ -108.711013, 42.816867 ], [ -108.716699, 42.821791 ], [ -108.719033, 42.826629 ], [ -108.723915, 42.831094 ], [ -108.726928, 42.832239 ], [ -108.727063, 42.828166 ], [ -108.73454, 42.824411 ], [ -108.764547, 42.824147 ], [ -108.767875, 42.821088 ], [ -108.779551, 42.819371 ], [ -108.784657, 42.816884 ], [ -108.797405, 42.816924 ], [ -108.803838, 42.816061 ], [ -108.811353, 42.816633 ], [ -108.81763, 42.81586 ], [ -108.830965, 42.824539 ], [ -108.837089, 42.829935 ], [ -108.836544, 42.831427 ], [ -108.824606, 42.83463 ], [ -108.81772, 42.837679 ], [ -108.811945, 42.838868 ], [ -108.804983, 42.841653 ], [ -108.798074, 42.846004 ], [ -108.792953, 42.845595 ], [ -108.789596, 42.84717 ], [ -108.783906, 42.8474 ], [ -108.779431, 42.845871 ], [ -108.775983, 42.847754 ], [ -108.776189, 42.851051 ], [ -108.767458, 42.854169 ], [ -108.75544, 42.85296 ], [ -108.769801, 42.859032 ], [ -108.773579, 42.861566 ], [ -108.778406, 42.867095 ], [ -108.788524, 42.882975 ], [ -108.793372, 42.885685 ], [ -108.797897, 42.886139 ], [ -108.802189, 42.888358 ], [ -108.819053, 42.889208 ], [ -108.830372, 42.892356 ], [ -108.838252, 42.889894 ], [ -108.846574, 42.888871 ], [ -108.852369, 42.886745 ], [ -108.859094, 42.886889 ], [ -108.864052, 42.880088 ], [ -108.864048, 42.875503 ], [ -108.866633, 42.873783 ], [ -108.877454, 42.872734 ], [ -108.884519, 42.871271 ], [ -108.886162, 42.868697 ], [ -109.00067, 42.868244 ], [ -109.003768, 42.868479 ], [ -109.041187, 42.868566 ], [ -109.095352, 42.868326 ], [ -109.108208, 42.866533 ], [ -109.115166, 42.868274 ], [ -109.169013, 42.868391 ], [ -109.183684, 42.868048 ], [ -109.189599, 42.867259 ], [ -109.197853, 42.868127 ], [ -109.242635, 42.868363 ], [ -109.267996, 42.868739 ], [ -109.285197, 42.868532 ], [ -109.30419, 42.868832 ], [ -109.325773, 42.86878 ] ] ] } },
{ "type": "Feature", "properties": { "PRED_SS_PC": -0.1904642530791468, "PERCAP": 0.078803779931128443, "TRACTCE": "000302", "HLTH_INS": -0.61775454267706165, "Q_FEMALE": -0.99592501416844681, "RC5": 0.2158223981068576, "HOU_DEN": -0.64922501570434354, "MED_VAL": 0.177763203188403, "POP_CHG": 1.125275967546755, "LBR_FORCE": -0.67293681085594159, "SoVI_class": "-0.5 to 0.5 SD", "Q_UNEMP": -0.73504553772621684, "Q_EXTRACT": 0.054738102433813003, "MED_RENT": 0.21322592000773219, "Q_MOBILE": 1.2455042013495441, "Q_RENTER": -0.49973790778944532, "AGE_DEP": 0.12892397912074219, "MED_AGE": 0.079056900919659001, "PCT_URBAN": -1.3265962575458641, "NO_VEH": -0.55659705477812471, "Q_SERV": -0.7355017837115092, "COUNTYFP": "013", "ALAND": 6778551928.0, "Ii": -0.14057453468073311, "NAME": "3.02", "RC4": 0.099568865001384482, "HOSP_PC": -0.39945578899327572, "PRED_NURS_PC": 0.35720004139742562, "AWATER": 19533065.0, "Q_TRANS": 0.71873723573440618, "NAMELSAD": "Census Tract 3.02", "RC8": 0.68039950578106667, "RC1": -0.90320588203084962, "STATEFP": "56", "NO_HS": 1.200527811045109, "MTFCC": "G5020", "PRED_BRATE": 1.590402422403502, "SoVI": 1.200265917014157, "PRED_PCT_GOP": 1.1065260944731989, "Q_MINOR": -0.35068665110979652, "lag_sovi": -1.1638289159946431, "Area_miles": null, "RC3": -0.01688127340781936, "Q_GRP_QTR": -0.35621174230522579, "GEOIDFQ": "1400000US56013000302", "PRED_GDP_PC": -0.32377501799465408, "FUNCSTAT": "S", "RC10": -1.108107978234212, "GISJOIN": "G5600130000302", "NAME_E": "Census Tract 3.02, Fremont County, Wyoming", "COUNTY": "Fremont County", "INTPTLON": "-107.8968005", "RC2": 0.61888813552164823, "RC9": -0.1198509261259488, "AVG_HH_SZ": 1.0600643137008909, "ESL_PCT": -0.29286395589704739, "INTPTLAT": "+42.9405490", "Q_POV": 0.15911573978393209, "FEM_LBR": -1.0771353794359959, "GEOID": "56013000302", "RC7": 0.60754376941004695, "quadrant": "High Vulnerability & High Wildfire Risk", "RC6": -1.126089302991983, "PRED_PHYS_PC": -1.368584492487237, "PRED_FARM_VAL": -1.2421948473575919, "P.Ii": 0.32371209914777593, "cluster": "Not Significant", "TRACTFIPS": "56013000302", "SOVI_SCORE": 82.92602026, "SOVI_RATNG": "Very High", "WFIR_RISKS": 95.776105026600007, "WFIR_RISKR": "Relatively Moderate", "WFIR_EALT": 107121.54663500001 }, "geometry": { "type": "Polygon", "coordinates": [ [ [ -108.694966, 42.85421 ], [ -108.694799, 42.848578 ], [ -108.689766, 42.843897 ], [ -108.68814, 42.838135 ], [ -108.690355, 42.833422 ], [ -108.690814, 42.828023 ], [ -108.693729, 42.826566 ], [ -108.698398, 42.821387 ], [ -108.705197, 42.819733 ], [ -108.711013, 42.816867 ], [ -108.698749, 42.806628 ], [ -108.685351, 42.79987 ], [ -108.680661, 42.796601 ], [ -108.660373, 42.77565 ], [ -108.656753, 42.771077 ], [ -108.653518, 42.763792 ], [ -108.651653, 42.753997 ], [ -108.647047, 42.734197 ], [ -108.64658, 42.728816 ], [ -108.629967, 42.729665 ], [ -108.620838, 42.725918 ], [ -108.599018, 42.70706 ], [ -108.588984, 42.700728 ], [ -108.576094, 42.696423 ], [ -108.571456, 42.693139 ], [ -108.565013, 42.693159 ], [ -108.55648, 42.695354 ], [ -108.547176, 42.693799 ], [ -108.542073, 42.695723 ], [ -108.536292, 42.695879 ], [ -108.529734, 42.697947 ], [ -108.508458, 42.700473 ], [ -108.494917, 42.702629 ], [ -108.479818, 42.703797 ], [ -108.469402, 42.701119 ], [ -108.435375, 42.680841 ], [ -108.429051, 42.678547 ], [ -108.402789, 42.673 ], [ -108.377104, 42.668016 ], [ -108.368359, 42.664536 ], [ -108.364485, 42.661161 ], [ -108.347852, 42.641922 ], [ -108.343, 42.637711 ], [ -108.32286, 42.625342 ], [ -108.319705, 42.621017 ], [ -108.323412, 42.613423 ], [ -108.322915, 42.607926 ], [ -108.313193, 42.59588 ], [ -108.311225, 42.588338 ], [ -108.306496, 42.583899 ], [ -108.297768, 42.583146 ], [ -108.288495, 42.585223 ], [ -108.282377, 42.585682 ], [ -108.274457, 42.584275 ], [ -108.267514, 42.580463 ], [ -108.244011, 42.559706 ], [ -108.223014, 42.54452 ], [ -108.214032, 42.541693 ], [ -108.191904, 42.543535 ], [ -108.173653, 42.540913 ], [ -108.135136, 42.544126 ], [ -108.125946, 42.544184 ], [ -108.121056, 42.543236 ], [ -108.052742, 42.525249 ], [ -108.008713, 42.517317 ], [ -107.937343, 42.513079 ], [ -107.902112, 42.509121 ], [ -107.807302, 42.490932 ], [ -107.803615, 42.490358 ], [ -107.707516, 42.486328 ], [ -107.667833, 42.484052 ], [ -107.648921, 42.48325 ], [ -107.626282, 42.480525 ], [ -107.61314, 42.477117 ], [ -107.601591, 42.471349 ], [ -107.592576, 42.465852 ], [ -107.545233, 42.451547 ], [ -107.542091, 42.449898 ], [ -107.542324, 42.499956 ], [ -107.542528, 42.608752 ], [ -107.542924, 42.624955 ], [ -107.542826, 42.689958 ], [ -107.543526, 42.749958 ], [ -107.543526, 42.781558 ], [ -107.501425, 42.781458 ], [ -107.501525, 42.853959 ], [ -107.502075, 42.874959 ], [ -107.501525, 42.911059 ], [ -107.501926, 42.95196 ], [ -107.501875, 43.00001 ], [ -107.502126, 43.03486 ], [ -107.502627, 43.06676 ], [ -107.502327, 43.12806 ], [ -107.516728, 43.12796 ], [ -107.516728, 43.171958 ], [ -107.516929, 43.21316 ], [ -107.515729, 43.21306 ], [ -107.516029, 43.28526 ], [ -107.51583, 43.29996 ], [ -107.516529, 43.357763 ], [ -107.51623, 43.37496 ], [ -107.517031, 43.472659 ], [ -107.535032, 43.472759 ], [ -107.534897, 43.501362 ], [ -107.595105, 43.501397 ], [ -107.595137, 43.472279 ], [ -107.625638, 43.472008 ], [ -107.750594, 43.471807 ], [ -107.875643, 43.471057 ], [ -107.934145, 43.470757 ], [ -108.010167, 43.47084 ], [ -108.12565, 43.47077 ], [ -108.156285, 43.470628 ], [ -108.156379, 43.459612 ], [ -108.156427, 43.389606 ], [ -108.156763, 43.375468 ], [ -108.155971, 43.329266 ], [ -108.155165, 43.254582 ], [ -108.155442, 43.250098 ], [ -108.155284, 43.225685 ], [ -108.15453, 43.124958 ], [ -108.154827, 43.107277 ], [ -108.154761, 43.067361 ], [ -108.15447, 43.008465 ], [ -108.153521, 42.990134 ], [ -108.15427, 42.90509 ], [ -108.240718, 42.905104 ], [ -108.261284, 42.904931 ], [ -108.290986, 42.903918 ], [ -108.334745, 42.90495 ], [ -108.375659, 42.904939 ], [ -108.391232, 42.905693 ], [ -108.500664, 42.904774 ], [ -108.516798, 42.905574 ], [ -108.541524, 42.906054 ], [ -108.552497, 42.905598 ], [ -108.588926, 42.905746 ], [ -108.597601, 42.904569 ], [ -108.608827, 42.898014 ], [ -108.611144, 42.891857 ], [ -108.614064, 42.89232 ], [ -108.615531, 42.886274 ], [ -108.618121, 42.880708 ], [ -108.621032, 42.88221 ], [ -108.628366, 42.879753 ], [ -108.634927, 42.874015 ], [ -108.643405, 42.870169 ], [ -108.647651, 42.872391 ], [ -108.658611, 42.872894 ], [ -108.66319, 42.874427 ], [ -108.668638, 42.872459 ], [ -108.667268, 42.869648 ], [ -108.680165, 42.871095 ], [ -108.684235, 42.870322 ], [ -108.685371, 42.865058 ], [ -108.69228, 42.859088 ], [ -108.694966, 42.85421 ] ] ] } },
{ "type": "Feature", "properties": { "PRED_SS_PC": 0.9784249751007128, "PERCAP": 0.078823929227936573, "TRACTCE": "940301", "HLTH_INS": -2.2411942358926362, "Q_FEMALE": -0.67113015519265673, "RC5": 2.8945961446441428, "HOU_DEN": -0.1714907400788114, "MED_VAL": -5.5503194594067322, "POP_CHG": -0.85562019119038513, "LBR_FORCE": 0.43968605442626552, "SoVI_class": "0.5 to 1 SD", "Q_UNEMP": 0.62626244450340329, "Q_EXTRACT": -0.69727810009149171, "MED_RENT": 0.21322643906197511, "Q_MOBILE": 2.8891213083289169, "Q_RENTER": 1.606906320471301, "AGE_DEP": 0.01750547541206348, "MED_AGE": 0.079056811743434319, "PCT_URBAN": 0.92287987496125579, "NO_VEH": 1.738727896248647, "Q_SERV": 1.017856636648802, "COUNTYFP": "013", "ALAND": 5634817.0, "Ii": 0.16608613326024982, "NAME": "9403.01", "RC4": -1.3943055912154121, "HOSP_PC": -0.39945578899327572, "PRED_NURS_PC": -0.81564991575072643, "AWATER": 192145.0, "Q_TRANS": -1.213585190367573, "NAMELSAD": "Census Tract 9403.01", "RC8": -0.4209660212468917, "RC1": 1.0249289261634511, "STATEFP": "56", "NO_HS": 1.7126686322819189, "MTFCC": "G5020", "PRED_BRATE": -0.68669321702767638, "SoVI": 1.8296033380782719, "PRED_PCT_GOP": 1.223328845487194, "Q_MINOR": 1.366802602084346, "lag_sovi": 0.90206200956951277, "Area_miles": null, "RC3": -1.3096405142594421, "Q_GRP_QTR": -0.27597552603039971, "GEOIDFQ": "1400000US56013940301", "PRED_GDP_PC": -1.2213574108651311, "FUNCSTAT": "S", "RC10": -0.31066184260265378, "GISJOIN": "G5600130940301", "NAME_E": "Census Tract 9403.01, Fremont County, Wyoming", "COUNTY": "Fremont County", "INTPTLON": "-108.3735050", "RC2": 3.1471759309611338, "RC9": -0.48484886355748519, "AVG_HH_SZ": 0.082724808148539039, "ESL_PCT": -0.3898756545595054, "INTPTLAT": "+43.0169232", "Q_POV": 0.58196458066505063, "FEM_LBR": 0.18951998302892301, "GEOID": "56013940301", "RC7": 0.23927992248059479, "quadrant": "High Vulnerability & Low Wildfire Risk", "RC6": 1.5559547532891651, "PRED_PHYS_PC": 1.0198226976507661, "PRED_FARM_VAL": 0.70471122445945855, "P.Ii": 0.55917866966228735, "cluster": "Not Significant", "TRACTFIPS": "56013940301", "SOVI_SCORE": 51.1905467, "SOVI_RATNG": "Relatively Moderate", "WFIR_RISKS": 85.016588776700004, "WFIR_RISKR": "Relatively Low", "WFIR_EALT": 11371.7232547 }, "geometry": { "type": "Polygon", "coordinates": [ [ [ -108.395667, 43.019394 ], [ -108.402068, 43.013028 ], [ -108.397439, 43.01043 ], [ -108.38706, 43.014151 ], [ -108.381134, 43.008553 ], [ -108.375729, 43.010002 ], [ -108.371979, 43.006538 ], [ -108.365555, 43.006744 ], [ -108.357666, 43.010132 ], [ -108.352556, 43.007836 ], [ -108.347331, 43.010344 ], [ -108.350221, 43.015743 ], [ -108.345888, 43.016157 ], [ -108.350159, 43.019505 ], [ -108.360703, 43.019554 ], [ -108.360723, 43.026885 ], [ -108.380593, 43.026776 ], [ -108.38056, 43.019443 ], [ -108.395667, 43.019394 ] ] ] } },
{ "type": "Feature", "properties": { "PRED_SS_PC": -0.8772954940900739, "PERCAP": 0.079137552463565949, "TRACTCE": "000400", "HLTH_INS": -0.25635858546461893, "Q_FEMALE": -0.43633453970300973, "RC5": 0.2189185409766837, "HOU_DEN": -0.64825555148878078, "MED_VAL": 0.17914523085839121, "POP_CHG": -0.86694607185277273, "LBR_FORCE": -0.49735392348243151, "SoVI_class": "-1 to -0.5 SD", "Q_UNEMP": -0.63780925328124383, "Q_EXTRACT": 0.59850366425980273, "MED_RENT": 0.21322567875716861, "Q_MOBILE": -0.24007279918950519, "Q_RENTER": -0.1279771616257841, "AGE_DEP": 0.1935447928375976, "MED_AGE": 0.079057318340285176, "PCT_URBAN": -1.3265962575458641, "NO_VEH": -0.058905843351178752, "Q_SERV": -0.35917119592685792, "COUNTYFP": "013", "ALAND": 3517434982.0, "Ii": 0.39735596170328308, "NAME": "4", "RC4": 0.20467295266744781, "HOSP_PC": -0.39945578899327572, "PRED_NURS_PC": 0.1599829619304409, "AWATER": 25399737.0, "Q_TRANS": 0.1241764892414895, "NAMELSAD": "Census Tract 4", "RC8": -0.9231271707622416, "RC1": -0.93951161574447439, "STATEFP": "56", "NO_HS": 0.026269574203593229, "MTFCC": "G5020", "PRED_BRATE": -1.127435565164622, "SoVI": -2.009245524066908, "PRED_PCT_GOP": 0.51100279754431244, "Q_MINOR": -0.62981569877706556, "lag_sovi": -1.9651996875059663, "Area_miles": null, "RC3": -0.70557207613109685, "Q_GRP_QTR": -0.054583558806290761, "GEOIDFQ": "1400000US56013000400", "PRED_GDP_PC": -0.70218373560783653, "FUNCSTAT": "S", "RC10": 1.5170335401297279, "GISJOIN": "G5600130000400", "NAME_E": "Census Tract 4, Fremont County, Wyoming", "COUNTY": "Fremont County", "INTPTLON": "-109.6728876", "RC2": 0.58558883149435137, "RC9": -1.4394133091759651, "AVG_HH_SZ": -1.676486301845695, "ESL_PCT": -0.71676894288916393, "INTPTLAT": "+43.6176438", "Q_POV": -0.5740172593459264, "FEM_LBR": -0.32962865218306281, "GEOID": "56013000400", "RC7": -0.051488389092166562, "quadrant": "Low Vulnerability & High Wildfire Risk", "RC6": 0.4763468284291742, "PRED_PHYS_PC": 0.95755792218774105, "PRED_FARM_VAL": -1.2588036427197291, "P.Ii": 0.15601932417566652, "cluster": "Not Significant", "TRACTFIPS": "56013000400", "SOVI_SCORE": 51.06319967, "SOVI_RATNG": "Relatively Moderate", "WFIR_RISKS": 98.612250722400006, "WFIR_RISKR": "Relatively High", "WFIR_EALT": 711395.59071899997 }, "geometry": { "type": "Polygon", "coordinates": [ [ [ -110.053179, 44.008022 ], [ -110.053321, 43.987135 ], [ -110.053588, 43.875074 ], [ -110.053637, 43.814549 ], [ -110.051437, 43.814449 ], [ -110.051286, 43.74995 ], [ -110.051633, 43.624947 ], [ -110.051832, 43.595647 ], [ -110.051031, 43.581047 ], [ -110.051531, 43.566647 ], [ -110.05123, 43.523304 ], [ -110.05157, 43.464783 ], [ -109.925597, 43.464365 ], [ -109.87572, 43.464425 ], [ -109.832398, 43.463881 ], [ -109.754717, 43.4632 ], [ -109.754462, 43.365905 ], [ -109.745458, 43.366421 ], [ -109.742415, 43.364878 ], [ -109.732899, 43.36604 ], [ -109.726004, 43.369927 ], [ -109.719078, 43.371113 ], [ -109.712701, 43.374126 ], [ -109.708037, 43.374223 ], [ -109.704705, 43.368686 ], [ -109.694942, 43.366152 ], [ -109.693844, 43.364218 ], [ -109.696214, 43.359326 ], [ -109.694612, 43.357227 ], [ -109.695341, 43.348181 ], [ -109.700635, 43.342826 ], [ -109.701262, 43.338792 ], [ -109.698674, 43.3306 ], [ -109.694182, 43.324807 ], [ -109.685295, 43.318312 ], [ -109.679715, 43.318152 ], [ -109.677642, 43.313486 ], [ -109.672372, 43.310015 ], [ -109.674015, 43.304344 ], [ -109.671916, 43.300879 ], [ -109.673593, 43.296676 ], [ -109.680816, 43.293838 ], [ -109.680658, 43.287232 ], [ -109.685665, 43.285735 ], [ -109.685508, 43.281921 ], [ -109.678869, 43.274934 ], [ -109.683775, 43.268698 ], [ -109.692716, 43.26503 ], [ -109.690045, 43.262432 ], [ -109.682556, 43.258905 ], [ -109.681987, 43.254661 ], [ -109.676798, 43.248569 ], [ -109.677653, 43.235866 ], [ -109.672788, 43.233169 ], [ -109.670094, 43.228701 ], [ -109.675778, 43.22406 ], [ -109.675005, 43.221377 ], [ -109.6761, 43.21526 ], [ -109.670738, 43.212729 ], [ -109.670457, 43.209565 ], [ -109.665544, 43.204406 ], [ -109.660013, 43.202939 ], [ -109.660769, 43.199628 ], [ -109.657804, 43.195149 ], [ -109.654665, 43.18424 ], [ -109.655661, 43.176064 ], [ -109.653859, 43.171181 ], [ -109.650439, 43.166369 ], [ -109.643681, 43.162128 ], [ -109.63599, 43.165383 ], [ -109.629892, 43.161911 ], [ -109.630953, 43.149226 ], [ -109.626722, 43.139092 ], [ -109.623665, 43.13553 ], [ -109.624876, 43.13378 ], [ -109.620634, 43.125602 ], [ -109.612008, 43.124951 ], [ -109.60395, 43.118978 ], [ -109.595682, 43.11827 ], [ -109.59155, 43.115381 ], [ -109.581881, 43.104195 ], [ -109.581194, 43.101488 ], [ -109.57729, 43.099598 ], [ -109.571727, 43.100116 ], [ -109.568341, 43.09436 ], [ -109.570077, 43.091984 ], [ -109.565287, 43.085128 ], [ -109.560451, 43.083538 ], [ -109.561597, 43.077784 ], [ -109.558577, 43.074407 ], [ -109.553003, 43.072302 ], [ -109.551757, 43.067322 ], [ -109.55461, 43.062128 ], [ -109.552211, 43.059829 ], [ -109.556542, 43.055542 ], [ -109.565307, 43.050345 ], [ -109.564407, 43.04659 ], [ -109.559444, 43.047388 ], [ -109.558942, 43.044051 ], [ -109.560643, 43.039634 ], [ -109.552052, 43.039959 ], [ -109.549138, 43.037436 ], [ -109.554307, 43.031952 ], [ -109.555753, 43.027012 ], [ -109.553709, 43.024841 ], [ -109.555406, 43.021674 ], [ -109.552579, 43.012538 ], [ -109.543154, 43.010373 ], [ -109.539686, 43.013093 ], [ -109.529025, 43.013857 ], [ -109.522983, 43.009399 ], [ -109.517763, 43.011043 ], [ -109.51389, 43.007174 ], [ -109.506174, 43.01063 ], [ -109.502407, 43.010511 ], [ -109.498439, 43.00701 ], [ -109.497587, 43.003519 ], [ -109.493819, 43.000703 ], [ -109.492059, 42.995354 ], [ -109.487026, 42.993953 ], [ -109.479136, 42.994818 ], [ -109.474915, 42.993868 ], [ -109.472564, 42.990475 ], [ -109.466658, 42.991951 ], [ -109.460178, 42.988059 ], [ -109.459757, 42.982973 ], [ -109.463196, 42.981297 ], [ -109.458171, 42.976801 ], [ -109.459119, 43.05186 ], [ -109.459109, 43.064584 ], [ -109.459634, 43.124408 ], [ -109.460045, 43.12542 ], [ -109.459861, 43.143287 ], [ -109.460063, 43.24881 ], [ -109.460729, 43.37338 ], [ -109.460247, 43.403457 ], [ -109.460436, 43.431566 ], [ -109.459909, 43.441988 ], [ -109.461756, 43.447669 ], [ -109.467639, 43.451425 ], [ -109.464526, 43.460849 ], [ -109.467306, 43.463541 ], [ -109.465919, 43.46618 ], [ -109.467927, 43.469305 ], [ -109.466959, 43.473984 ], [ -109.469527, 43.476725 ], [ -109.46812, 43.480064 ], [ -109.473556, 43.483662 ], [ -109.472646, 43.487932 ], [ -109.474146, 43.491745 ], [ -109.472895, 43.497431 ], [ -109.469175, 43.500752 ], [ -109.469968, 43.505821 ], [ -109.466266, 43.508179 ], [ -109.464148, 43.511654 ], [ -109.467531, 43.515898 ], [ -109.4667, 43.52193 ], [ -109.46386, 43.524013 ], [ -109.464405, 43.532544 ], [ -109.462192, 43.534862 ], [ -109.464127, 43.540418 ], [ -109.459733, 43.543614 ], [ -109.45831, 43.549338 ], [ -109.456159, 43.55195 ], [ -109.458413, 43.555851 ], [ -109.456255, 43.563591 ], [ -109.457143, 43.567949 ], [ -109.454613, 43.573336 ], [ -109.455143, 43.576292 ], [ -109.449419, 43.582893 ], [ -109.450343, 43.586217 ], [ -109.446347, 43.587616 ], [ -109.44274, 43.59106 ], [ -109.435923, 43.592253 ], [ -109.4253, 43.59894 ], [ -109.4206, 43.599252 ], [ -109.413242, 43.602336 ], [ -109.407485, 43.602996 ], [ -109.402348, 43.605272 ], [ -109.393019, 43.614241 ], [ -109.388887, 43.615271 ], [ -109.387233, 43.61854 ], [ -109.383309, 43.620674 ], [ -109.382128, 43.623764 ], [ -109.385512, 43.628993 ], [ -109.385166, 43.633316 ], [ -109.379313, 43.636537 ], [ -109.377041, 43.640133 ], [ -109.364177, 43.649185 ], [ -109.363262, 43.65317 ], [ -109.368021, 43.662449 ], [ -109.368104, 43.664882 ], [ -109.373428, 43.666614 ], [ -109.371916, 43.672076 ], [ -109.368607, 43.673776 ], [ -109.369163, 43.678279 ], [ -109.358952, 43.686453 ], [ -109.312063, 43.715469 ], [ -109.304031, 43.720719 ], [ -109.250695, 43.758745 ], [ -109.244679, 43.758775 ], [ -109.235824, 43.762261 ], [ -109.233656, 43.762132 ], [ -109.234904, 43.76389 ], [ -109.245166, 43.766937 ], [ -109.247986, 43.770728 ], [ -109.256382, 43.773332 ], [ -109.262135, 43.774146 ], [ -109.26854, 43.781136 ], [ -109.274197, 43.794019 ], [ -109.274597, 43.796873 ], [ -109.278247, 43.79811 ], [ -109.28494, 43.803043 ], [ -109.288443, 43.801342 ], [ -109.296096, 43.801411 ], [ -109.300392, 43.804282 ], [ -109.310059, 43.806028 ], [ -109.312949, 43.813293 ], [ -109.316641, 43.818473 ], [ -109.317937, 43.825296 ], [ -109.322097, 43.829094 ], [ -109.321608, 43.834034 ], [ -109.325802, 43.837751 ], [ -109.329633, 43.838429 ], [ -109.334956, 43.841836 ], [ -109.340966, 43.840171 ], [ -109.349319, 43.839907 ], [ -109.354739, 43.841533 ], [ -109.366219, 43.842805 ], [ -109.368297, 43.848942 ], [ -109.372201, 43.852991 ], [ -109.371466, 43.856646 ], [ -109.376328, 43.870923 ], [ -109.373599, 43.873756 ], [ -109.374021, 43.877447 ], [ -109.38017, 43.882799 ], [ -109.391721, 43.882681 ], [ -109.398464, 43.884341 ], [ -109.402502, 43.888398 ], [ -109.401758, 43.892008 ], [ -109.406266, 43.899043 ], [ -109.404952, 43.901982 ], [ -109.410936, 43.903988 ], [ -109.413418, 43.909252 ], [ -109.426862, 43.910039 ], [ -109.4339, 43.91404 ], [ -109.438166, 43.919802 ], [ -109.439533, 43.925383 ], [ -109.442361, 43.930434 ], [ -109.451544, 43.929544 ], [ -109.454726, 43.927657 ], [ -109.46843, 43.930638 ], [ -109.472393, 43.932177 ], [ -109.470542, 43.938806 ], [ -109.472731, 43.945128 ], [ -109.478395, 43.948093 ], [ -109.48738, 43.948814 ], [ -109.491979, 43.945388 ], [ -109.498514, 43.942426 ], [ -109.503182, 43.93882 ], [ -109.512105, 43.939018 ], [ -109.520288, 43.942753 ], [ -109.523224, 43.945485 ], [ -109.53196, 43.949455 ], [ -109.534465, 43.953883 ], [ -109.53966, 43.956943 ], [ -109.542332, 43.961352 ], [ -109.552653, 43.960572 ], [ -109.559914, 43.954636 ], [ -109.566943, 43.95482 ], [ -109.568774, 43.95093 ], [ -109.574781, 43.945822 ], [ -109.578166, 43.940672 ], [ -109.584312, 43.937883 ], [ -109.587778, 43.93835 ], [ -109.594999, 43.945589 ], [ -109.600828, 43.948929 ], [ -109.605466, 43.947962 ], [ -109.60733, 43.94561 ], [ -109.605287, 43.939639 ], [ -109.606387, 43.936587 ], [ -109.613082, 43.929615 ], [ -109.613713, 43.927479 ], [ -109.620192, 43.925732 ], [ -109.62572, 43.92728 ], [ -109.633666, 43.925384 ], [ -109.636486, 43.922755 ], [ -109.641808, 43.922785 ], [ -109.64653, 43.91781 ], [ -109.648107, 43.912997 ], [ -109.654365, 43.907116 ], [ -109.654418, 43.900565 ], [ -109.656065, 43.895969 ], [ -109.653017, 43.886766 ], [ -109.656211, 43.881304 ], [ -109.661418, 43.878578 ], [ -109.666828, 43.88058 ], [ -109.667966, 43.874445 ], [ -109.672482, 43.868096 ], [ -109.669623, 43.85996 ], [ -109.665752, 43.857133 ], [ -109.665893, 43.845726 ], [ -109.672083, 43.845108 ], [ -109.676531, 43.842695 ], [ -109.685697, 43.844239 ], [ -109.689048, 43.839704 ], [ -109.694958, 43.839309 ], [ -109.702643, 43.841031 ], [ -109.706325, 43.836658 ], [ -109.713968, 43.836478 ], [ -109.720123, 43.837452 ], [ -109.722493, 43.832969 ], [ -109.731757, 43.833181 ], [ -109.735727, 43.827229 ], [ -109.741505, 43.82783 ], [ -109.750722, 43.821002 ], [ -109.752709, 43.817425 ], [ -109.757158, 43.817315 ], [ -109.764296, 43.820147 ], [ -109.765846, 43.816429 ], [ -109.771276, 43.813187 ], [ -109.779359, 43.812087 ], [ -109.780599, 43.807125 ], [ -109.7899, 43.803252 ], [ -109.798962, 43.806266 ], [ -109.802401, 43.80886 ], [ -109.809248, 43.809508 ], [ -109.813761, 43.81389 ], [ -109.825909, 43.816173 ], [ -109.826774, 43.823872 ], [ -109.835105, 43.822291 ], [ -109.841026, 43.819323 ], [ -109.852172, 43.824495 ], [ -109.85656, 43.82906 ], [ -109.855317, 43.834773 ], [ -109.853307, 43.836636 ], [ -109.856494, 43.841696 ], [ -109.855166, 43.848255 ], [ -109.851253, 43.849281 ], [ -109.847701, 43.853195 ], [ -109.841208, 43.852714 ], [ -109.837854, 43.854629 ], [ -109.825737, 43.855333 ], [ -109.819291, 43.859602 ], [ -109.814165, 43.86125 ], [ -109.821388, 43.867322 ], [ -109.828665, 43.866669 ], [ -109.831834, 43.871368 ], [ -109.828757, 43.87521 ], [ -109.816575, 43.880534 ], [ -109.817584, 43.883277 ], [ -109.82359, 43.887179 ], [ -109.830787, 43.88979 ], [ -109.832579, 43.895071 ], [ -109.837112, 43.894677 ], [ -109.847789, 43.900231 ], [ -109.859182, 43.901437 ], [ -109.847881, 43.908123 ], [ -109.850131, 43.912598 ], [ -109.848579, 43.916965 ], [ -109.849549, 43.921055 ], [ -109.854189, 43.924063 ], [ -109.861043, 43.926137 ], [ -109.872492, 43.927946 ], [ -109.873953, 43.9336 ], [ -109.868496, 43.936546 ], [ -109.864606, 43.940187 ], [ -109.858121, 43.942679 ], [ -109.857928, 43.94901 ], [ -109.854929, 43.950261 ], [ -109.858754, 43.957988 ], [ -109.870821, 43.953306 ], [ -109.876946, 43.951999 ], [ -109.8819, 43.949076 ], [ -109.8935, 43.947052 ], [ -109.91131, 43.946074 ], [ -109.922058, 43.946085 ], [ -109.92761, 43.94999 ], [ -109.933601, 43.951739 ], [ -109.935435, 43.955149 ], [ -109.939349, 43.958172 ], [ -109.945203, 43.958221 ], [ -109.958858, 43.964571 ], [ -109.966805, 43.961393 ], [ -109.971968, 43.955627 ], [ -109.982137, 43.954235 ], [ -109.988146, 43.949848 ], [ -109.993871, 43.949557 ], [ -109.999723, 43.952319 ], [ -110.002037, 43.955449 ], [ -110.000365, 43.961016 ], [ -110.001537, 43.966449 ], [ -110.017238, 43.966849 ], [ -110.018638, 43.968249 ], [ -110.018838, 43.979349 ], [ -110.023839, 43.983249 ], [ -110.023739, 43.985949 ], [ -110.032539, 43.996149 ], [ -110.031168, 43.999949 ], [ -110.033492, 44.00249 ], [ -110.043994, 44.004502 ], [ -110.048973, 44.008784 ], [ -110.053179, 44.008022 ] ] ] } },
{ "type": "Feature", "properties": { "PRED_SS_PC": 1.4185397887157241, "PERCAP": 0.07877549122911251, "TRACTCE": "940500", "HLTH_INS": 0.012602765191790219, "Q_FEMALE": 0.31352957301909462, "RC5": -0.26222001744649948, "HOU_DEN": 1.3046916230650301, "MED_VAL": 0.17756221221588761, "POP_CHG": 0.86235158294776426, "LBR_FORCE": -0.060998996615540382, "SoVI_class": "> 1 SD", "Q_UNEMP": 1.258298293395727, "Q_EXTRACT": -0.75512550028574599, "MED_RENT": 0.2132250208010861, "Q_MOBILE": -0.58776103335821883, "Q_RENTER": 1.665915962719501, "AGE_DEP": 0.036383268841684017, "MED_AGE": 0.079056862972329348, "PCT_URBAN": 0.92287987496125579, "NO_VEH": 1.2725429779592869, "Q_SERV": 0.66718495257673871, "COUNTYFP": "013", "ALAND": 2265374.0, "Ii": 0.43179498910811026, "NAME": "9405", "RC4": 0.14583737054731311, "HOSP_PC": -0.39945578899327572, "PRED_NURS_PC": -0.28324962634374018, "AWATER": 0.0, "Q_TRANS": 1.338071346664528, "NAMELSAD": "Census Tract 9405", "RC8": 0.14884768418582081, "RC1": 1.2736817458484611, "STATEFP": "56", "NO_HS": 0.61648899644696853, "MTFCC": "G5020", "PRED_BRATE": -0.81751224334707251, "SoVI": 3.6466697075241741, "PRED_PCT_GOP": -0.19317747141934671, "Q_MINOR": 1.312427747634406, "lag_sovi": 1.1766332894656446, "Area_miles": null, "RC3": -0.67357933435102224, "Q_GRP_QTR": -0.29478384806391239, "GEOIDFQ": "1400000US56013940500", "PRED_GDP_PC": -0.86802114178770606, "FUNCSTAT": "S", "RC10": 0.15141482744440449, "GISJOIN": "G5600130940500", "NAME_E": "Census Tract 9405, Fremont County, Wyoming", "COUNTY": "Fremont County", "INTPTLON": "-108.3895546", "RC2": 0.022473323593127269, "RC9": 1.352786139320902, "AVG_HH_SZ": 0.026876836402690289, "ESL_PCT": -0.71676894288916393, "INTPTLAT": "+43.0273515", "Q_POV": 0.33455094566656218, "FEM_LBR": -0.5951915378189957, "GEOID": "56013940500", "RC7": -0.041666462680717511, "quadrant": "High Vulnerability & Low Wildfire Risk", "RC6": -1.529094431062384, "PRED_PHYS_PC": -1.2545165293902449, "PRED_FARM_VAL": 0.70471122445945855, "P.Ii": 0.50659137201179216, "cluster": "Not Significant", "TRACTFIPS": "56013940500", "SOVI_SCORE": 52.26203874, "SOVI_RATNG": "Relatively Moderate", "WFIR_RISKS": 0.0, "WFIR_RISKR": "No Rating", "WFIR_EALT": 0.0 }, "geometry": { "type": "Polygon", "coordinates": [ [ [ -108.381117, 43.033991 ], [ -108.400447, 43.033849 ], [ -108.400345, 43.024609 ], [ -108.390548, 43.024533 ], [ -108.395667, 43.019394 ], [ -108.38056, 43.019443 ], [ -108.380593, 43.026776 ], [ -108.381117, 43.033991 ] ] ] } },
{ "type": "Feature", "properties": { "PRED_SS_PC": 1.288006024202635, "PERCAP": 0.078798201877209803, "TRACTCE": "000100", "HLTH_INS": -0.39750821022492799, "Q_FEMALE": 0.02468689832370893, "RC5": 0.43713779124149788, "HOU_DEN": -0.4746930795438597, "MED_VAL": 0.17859121728030389, "POP_CHG": -0.29808017669711301, "LBR_FORCE": -0.51560159312089138, "SoVI_class": "-0.5 to 0.5 SD", "Q_UNEMP": 1.161062008950754, "Q_EXTRACT": -0.81297290048000015, "MED_RENT": 0.2132260589095718, "Q_MOBILE": 1.142778132163333, "Q_RENTER": 0.59784143802707801, "AGE_DEP": 0.10872339364659619, "MED_AGE": 0.079056891432826584, "PCT_URBAN": 0.35711626014558162, "NO_VEH": 0.64749369474223284, "Q_SERV": 0.81258540694808179, "COUNTYFP": "013", "ALAND": 34192019.0, "Ii": 0.027858765469985551, "NAME": "1", "RC4": 0.35218700779540157, "HOSP_PC": -0.39945578899327572, "PRED_NURS_PC": 0.19200404100980581, "AWATER": 0.0, "Q_TRANS": -0.99062491043272916, "NAMELSAD": "Census Tract 1", "RC8": -0.57787762062955839, "RC1": 0.81975082060136628, "STATEFP": "56", "NO_HS": -0.38752477445633859, "MTFCC": "G5020", "PRED_BRATE": -0.1053935346079768, "SoVI": -0.20423006425053181, "PRED_PCT_GOP": -0.1438853445943529, "Q_MINOR": 0.93620085810561415, "lag_sovi": -1.3555082210400089, "Area_miles": null, "RC3": -0.7262779689437604, "Q_GRP_QTR": 0.47707163171368661, "GEOIDFQ": "1400000US56013000100", "PRED_GDP_PC": -0.56142972600378882, "FUNCSTAT": "S", "RC10": -0.59773694125735688, "GISJOIN": "G5600130000100", "NAME_E": "Census Tract 1, Fremont County, Wyoming", "COUNTY": "Fremont County", "INTPTLON": "-108.7369220", "RC2": 0.62217803878287803, "RC9": 0.81578021321332495, "AVG_HH_SZ": -0.1127430929619322, "ESL_PCT": -0.64927472887579685, "INTPTLAT": "+42.8561848", "Q_POV": 0.27065533291215788, "FEM_LBR": -0.66638309073840707, "GEOID": "56013000100", "RC7": -0.30226939122907331, "quadrant": "High Vulnerability & High Wildfire Risk", "RC6": 1.047102013825252, "PRED_PHYS_PC": 0.94559886893093359, "PRED_FARM_VAL": 0.70471122445945855, "P.Ii": 0.33111210678221031, "cluster": "Not Significant", "TRACTFIPS": "56013000100", "SOVI_SCORE": 44.70947107, "SOVI_RATNG": "Relatively Moderate", "WFIR_RISKS": 95.482382600199998, "WFIR_RISKR": "Relatively Moderate", "WFIR_EALT": 132705.17538299999 }, "geometry": { "type": "Polygon", "coordinates": [ [ [ -108.788524, 42.882975 ], [ -108.778406, 42.867095 ], [ -108.773579, 42.861566 ], [ -108.769801, 42.859032 ], [ -108.75544, 42.85296 ], [ -108.767458, 42.854169 ], [ -108.776189, 42.851051 ], [ -108.775983, 42.847754 ], [ -108.779431, 42.845871 ], [ -108.777123, 42.845114 ], [ -108.773509, 42.840363 ], [ -108.770295, 42.838696 ], [ -108.744814, 42.838977 ], [ -108.744812, 42.838276 ], [ -108.726511, 42.834403 ], [ -108.726928, 42.832239 ], [ -108.723915, 42.831094 ], [ -108.719033, 42.826629 ], [ -108.716699, 42.821791 ], [ -108.711013, 42.816867 ], [ -108.705197, 42.819733 ], [ -108.698398, 42.821387 ], [ -108.693729, 42.826566 ], [ -108.690814, 42.828023 ], [ -108.690355, 42.833422 ], [ -108.68814, 42.838135 ], [ -108.689766, 42.843897 ], [ -108.694799, 42.848578 ], [ -108.694966, 42.85421 ], [ -108.700194, 42.854907 ], [ -108.703767, 42.856851 ], [ -108.712048, 42.858338 ], [ -108.718014, 42.860984 ], [ -108.720114, 42.864437 ], [ -108.719864, 42.871857 ], [ -108.727438, 42.879575 ], [ -108.733107, 42.888807 ], [ -108.736568, 42.889431 ], [ -108.745018, 42.88787 ], [ -108.747326, 42.889031 ], [ -108.768237, 42.890631 ], [ -108.771632, 42.886674 ], [ -108.770484, 42.883961 ], [ -108.775703, 42.882422 ], [ -108.776597, 42.879529 ], [ -108.782243, 42.879345 ], [ -108.788524, 42.882975 ] ] ] } },
{ "type": "Feature", "properties": { "PRED_SS_PC": 1.0205463528037311, "PERCAP": 0.078904583334086634, "TRACTCE": "000200", "HLTH_INS": -0.4078074264586829, "Q_FEMALE": 1.1079811204443879, "RC5": -0.52306635751397745, "HOU_DEN": -0.35496972448500869, "MED_VAL": 0.178935650528076, "POP_CHG": -0.48389461175418969, "LBR_FORCE": -0.016774091763969719, "SoVI_class": "< -1 SD", "Q_UNEMP": 1.501389004508159, "Q_EXTRACT": 0.20514134293887401, "MED_RENT": 0.21322564220405291, "Q_MOBILE": -0.67468309190039732, "Q_RENTER": -0.19878873232362451, "AGE_DEP": 0.69661654805622431, "MED_AGE": 0.079056899022292515, "PCT_URBAN": 0.66251233365725493, "NO_VEH": -0.6233121151377895, "Q_SERV": 0.2994073326962835, "COUNTYFP": "013", "ALAND": 18557136.0, "Ii": 0.60149212945244002, "NAME": "2", "RC4": -0.59821269107621, "HOSP_PC": -0.39945578899327572, "PRED_NURS_PC": -0.42794416418368642, "AWATER": 0.0, "Q_TRANS": -1.1144917326187529, "NAMELSAD": "Census Tract 2", "RC8": -1.1050830688428961, "RC1": 0.16049397071599669, "STATEFP": "56", "NO_HS": -1.3861872585268771, "MTFCC": "G5020", "PRED_BRATE": -0.076327104399924101, "SoVI": -3.3449749765903989, "PRED_PCT_GOP": -0.14968798626293689, "Q_MINOR": -0.39304652036813209, "lag_sovi": -1.7868867906769661, "Area_miles": null, "RC3": -0.56508349440505068, "Q_GRP_QTR": -0.33660312485456839, "GEOIDFQ": "1400000US56013000200", "PRED_GDP_PC": -0.55931435933008511, "FUNCSTAT": "S", "RC10": -0.2248675252854887, "GISJOIN": "G5600130000200", "NAME_E": "Census Tract 2, Fremont County, Wyoming", "COUNTY": "Fremont County", "INTPTLON": "-108.7851671", "RC2": -0.49254009792810072, "RC9": 1.0641452977263479, "AVG_HH_SZ": 0.1106487940214628, "ESL_PCT": -0.51894661562617617, "INTPTLAT": "+42.8304569", "Q_POV": -0.64791749107669372, "FEM_LBR": 0.77985842427244534, "GEOID": "56013000200", "RC7": 0.1061633022313906, "quadrant": "Low Vulnerability & High Wildfire Risk", "RC6": 1.1669243122124111, "PRED_PHYS_PC": 0.9118401849727924, "PRED_FARM_VAL": 0.70471122445945855, "P.Ii": 0.41559837642896486, "cluster": "Not Significant", "TRACTFIPS": "56013000200", "SOVI_SCORE": 55.48362258, "SOVI_RATNG": "Relatively Moderate", "WFIR_RISKS": 93.148062264399996, "WFIR_RISKR": "Relatively Moderate", "WFIR_EALT": 58586.928424099999 }, "geometry": { "type": "Polygon", "coordinates": [ [ [ -108.779431, 42.845871 ], [ -108.783906, 42.8474 ], [ -108.789596, 42.84717 ], [ -108.792953, 42.845595 ], [ -108.798074, 42.846004 ], [ -108.804983, 42.841653 ], [ -108.811945, 42.838868 ], [ -108.81772, 42.837679 ], [ -108.824606, 42.83463 ], [ -108.836544, 42.831427 ], [ -108.837089, 42.829935 ], [ -108.830965, 42.824539 ], [ -108.81763, 42.81586 ], [ -108.811353, 42.816633 ], [ -108.803838, 42.816061 ], [ -108.797405, 42.816924 ], [ -108.784657, 42.816884 ], [ -108.779551, 42.819371 ], [ -108.767875, 42.821088 ], [ -108.764547, 42.824147 ], [ -108.73454, 42.824411 ], [ -108.727063, 42.828166 ], [ -108.726928, 42.832239 ], [ -108.726511, 42.834403 ], [ -108.744812, 42.838276 ], [ -108.744814, 42.838977 ], [ -108.770295, 42.838696 ], [ -108.773509, 42.840363 ], [ -108.777123, 42.845114 ], [ -108.779431, 42.845871 ] ] ] } },
{ "type": "Feature", "properties": { "PRED_SS_PC": -0.072328243034421522, "PERCAP": 0.078818578849688084, "TRACTCE": "940400", "HLTH_INS": 0.18041667829423599, "Q_FEMALE": 1.0231321033316441, "RC5": -0.045337509616992837, "HOU_DEN": -0.40595802771914219, "MED_VAL": 0.17814027599581431, "POP_CHG": -0.18538507848153499, "LBR_FORCE": -0.22501510215360729, "SoVI_class": "-0.5 to 0.5 SD", "Q_UNEMP": -0.29748225772383891, "Q_EXTRACT": -0.65100017993608839, "MED_RENT": 0.2132260077352098, "Q_MOBILE": -0.56405501739217012, "Q_RENTER": 0.2791893698867971, "AGE_DEP": 0.74119051180534334, "MED_AGE": 0.079056895227559557, "PCT_URBAN": 0.43159708828366761, "NO_VEH": -0.081833682709908054, "Q_SERV": 1.026409604552998, "COUNTYFP": "013", "ALAND": 33554019.0, "Ii": -0.074201221906919315, "NAME": "9404", "RC4": 0.59527295451412232, "HOSP_PC": 0.74706321980196122, "PRED_NURS_PC": 0.61000625008181764, "AWATER": 106115.0, "Q_TRANS": -0.24742397731658339, "NAMELSAD": "Census Tract 9404", "RC8": -0.91397943393612158, "RC1": 1.0093330528428259, "STATEFP": "56", "NO_HS": -0.36749315873512478, "MTFCC": "G5020", "PRED_BRATE": -0.2998586255303119, "SoVI": -0.78422393286231373, "PRED_PCT_GOP": -0.36735636659304532, "Q_MINOR": 0.49975284739992382, "lag_sovi": 0.94022312333773783, "Area_miles": null, "RC3": -0.35793994637870091, "Q_GRP_QTR": 0.043198219778198578, "GEOIDFQ": "1400000US56013940400", "PRED_GDP_PC": -0.53021661504433548, "FUNCSTAT": "S", "RC10": -0.3444120569611287, "GISJOIN": "G5600130940400", "NAME_E": "Census Tract 9404, Fremont County, Wyoming", "COUNTY": "Fremont County", "INTPTLON": "-108.4183717", "RC2": -0.47386142505834888, "RC9": 0.090552010001129474, "AVG_HH_SZ": 0.3898886527507065, "ESL_PCT": -0.59005001439329985, "INTPTLAT": "+43.0434263", "Q_POV": -0.30481608654234538, "FEM_LBR": 0.25820026893962739, "GEOID": "56013940400", "RC7": -0.11598287875304911, "quadrant": "Low Vulnerability & Low Wildfire Risk", "RC6": 0.22786869951604941, "PRED_PHYS_PC": -0.055809074581862232, "PRED_FARM_VAL": 0.70471122445945855, "P.Ii": 0.50282671486784425, "cluster": "Not Significant", "TRACTFIPS": "56013940400", "SOVI_SCORE": 33.42593141, "SOVI_RATNG": "Relatively Low", "WFIR_RISKS": 89.309455008100002, "WFIR_RISKR": "Relatively Moderate", "WFIR_EALT": 28603.755404799998 }, "geometry": { "type": "Polygon", "coordinates": [ [ [ -108.437858, 43.033664 ], [ -108.440303, 43.032493 ], [ -108.447007, 43.036075 ], [ -108.452511, 43.040275 ], [ -108.461987, 43.040555 ], [ -108.471106, 43.037363 ], [ -108.475291, 43.040415 ], [ -108.480604, 43.041293 ], [ -108.486332, 43.03922 ], [ -108.48802, 43.032344 ], [ -108.482205, 43.028541 ], [ -108.483959, 43.024459 ], [ -108.474075, 43.01849 ], [ -108.463882, 43.020058 ], [ -108.459518, 43.018505 ], [ -108.449982, 43.017342 ], [ -108.445107, 43.014725 ], [ -108.439796, 43.015575 ], [ -108.433098, 43.014389 ], [ -108.425522, 43.011429 ], [ -108.421753, 43.012924 ], [ -108.409958, 43.012379 ], [ -108.402068, 43.013028 ], [ -108.395667, 43.019394 ], [ -108.390548, 43.024533 ], [ -108.400345, 43.024609 ], [ -108.400447, 43.033849 ], [ -108.381117, 43.033991 ], [ -108.380595, 43.034503 ], [ -108.381063, 43.099074 ], [ -108.387043, 43.093398 ], [ -108.394193, 43.093032 ], [ -108.397379, 43.097291 ], [ -108.406566, 43.096691 ], [ -108.406318, 43.093999 ], [ -108.400083, 43.092975 ], [ -108.397553, 43.090048 ], [ -108.400986, 43.086893 ], [ -108.394072, 43.083343 ], [ -108.395636, 43.078695 ], [ -108.399986, 43.07308 ], [ -108.405724, 43.074326 ], [ -108.408758, 43.071788 ], [ -108.406104, 43.068314 ], [ -108.40817, 43.065616 ], [ -108.416897, 43.064202 ], [ -108.41828, 43.061058 ], [ -108.418711, 43.051068 ], [ -108.421331, 43.046929 ], [ -108.429309, 43.042812 ], [ -108.437858, 43.033664 ] ] ] } },
{ "type": "Feature", "properties": { "PRED_SS_PC": 2.2276842263550711, "PERCAP": 0.078725004149257108, "TRACTCE": "940100", "HLTH_INS": -2.49242000456699, "Q_FEMALE": -0.13037112055162831, "RC5": 0.195048820803259, "HOU_DEN": -0.64872639010564459, "MED_VAL": 0.17683383467446431, "POP_CHG": -0.76477396369744144, "LBR_FORCE": -0.98921576063068162, "SoVI_class": "-0.5 to 0.5 SD", "Q_UNEMP": 4.9046589600822088, "Q_EXTRACT": -0.16508201830435301, "MED_RENT": 0.2132235001914731, "Q_MOBILE": 0.73977586074050583, "Q_RENTER": -0.10437330472650409, "AGE_DEP": 0.30990997596251579, "MED_AGE": 0.079056868664428806, "PCT_URBAN": -1.3265962575458641, "NO_VEH": 0.5815813001638086, "Q_SERV": 0.55599636982218259, "COUNTYFP": "013", "ALAND": 4896073835.0, "Ii": -0.083979329103764946, "NAME": "9401", "RC4": 1.1855986300184429, "HOSP_PC": -0.39945578899327572, "PRED_NURS_PC": 0.66856708168580292, "AWATER": 43615380.0, "Q_TRANS": -0.94107818155831957, "NAMELSAD": "Census Tract 9401", "RC8": -1.1469015864415091, "RC1": 0.37146558031905852, "STATEFP": "56", "NO_HS": 2.1512684294622328, "MTFCC": "G5020", "PRED_BRATE": 0.79588425668423257, "SoVI": 0.47542967104438222, "PRED_PCT_GOP": 0.36544659589150108, "Q_MINOR": 6.9689369670589212, "lag_sovi": -1.7552786943257781, "Area_miles": null, "RC3": -0.4056611075752945, "Q_GRP_QTR": -0.17251290551631629, "GEOIDFQ": "1400000US56013940100", "PRED_GDP_PC": -1.165005270469271, "FUNCSTAT": "S", "RC10": -3.1233786529622329, "GISJOIN": "G5600130940100", "NAME_E": "Census Tract 9401, Fremont County, Wyoming", "COUNTY": "Fremont County", "INTPTLON": "-109.0894098", "RC2": 2.9093092139392369, "RC9": 4.3239807127848797, "AVG_HH_SZ": 2.3166436779824862, "ESL_PCT": -0.62346263720337869, "INTPTLAT": "+43.2692080", "Q_POV": 1.715144749732417, "FEM_LBR": -1.057444716747076, "GEOID": "56013940100", "RC7": -2.2178689513375631, "quadrant": "High Vulnerability & High Wildfire Risk", "RC6": 1.6161629885038959, "PRED_PHYS_PC": -0.6863097220767157, "PRED_FARM_VAL": -0.97458663259787015, "P.Ii": 0.10881418712349852, "cluster": "Not Significant", "TRACTFIPS": "56013940100", "SOVI_SCORE": 95.32725227, "SOVI_RATNG": "Very High", "WFIR_RISKS": 97.980806963700005, "WFIR_RISKR": "Relatively High", "WFIR_EALT": 279978.66845599998 }, "geometry": { "type": "Polygon", "coordinates": [ [ [ -109.233656, 43.762132 ], [ -109.235824, 43.762261 ], [ -109.244679, 43.758775 ], [ -109.250695, 43.758745 ], [ -109.304031, 43.720719 ], [ -109.312063, 43.715469 ], [ -109.358952, 43.686453 ], [ -109.369163, 43.678279 ], [ -109.368607, 43.673776 ], [ -109.371916, 43.672076 ], [ -109.373428, 43.666614 ], [ -109.368104, 43.664882 ], [ -109.368021, 43.662449 ], [ -109.363262, 43.65317 ], [ -109.364177, 43.649185 ], [ -109.377041, 43.640133 ], [ -109.379313, 43.636537 ], [ -109.385166, 43.633316 ], [ -109.385512, 43.628993 ], [ -109.382128, 43.623764 ], [ -109.383309, 43.620674 ], [ -109.387233, 43.61854 ], [ -109.388887, 43.615271 ], [ -109.393019, 43.614241 ], [ -109.402348, 43.605272 ], [ -109.407485, 43.602996 ], [ -109.413242, 43.602336 ], [ -109.4206, 43.599252 ], [ -109.4253, 43.59894 ], [ -109.435923, 43.592253 ], [ -109.44274, 43.59106 ], [ -109.446347, 43.587616 ], [ -109.450343, 43.586217 ], [ -109.449419, 43.582893 ], [ -109.455143, 43.576292 ], [ -109.454613, 43.573336 ], [ -109.457143, 43.567949 ], [ -109.456255, 43.563591 ], [ -109.458413, 43.555851 ], [ -109.456159, 43.55195 ], [ -109.45831, 43.549338 ], [ -109.459733, 43.543614 ], [ -109.464127, 43.540418 ], [ -109.462192, 43.534862 ], [ -109.464405, 43.532544 ], [ -109.46386, 43.524013 ], [ -109.4667, 43.52193 ], [ -109.467531, 43.515898 ], [ -109.464148, 43.511654 ], [ -109.466266, 43.508179 ], [ -109.469968, 43.505821 ], [ -109.469175, 43.500752 ], [ -109.472895, 43.497431 ], [ -109.474146, 43.491745 ], [ -109.472646, 43.487932 ], [ -109.473556, 43.483662 ], [ -109.46812, 43.480064 ], [ -109.469527, 43.476725 ], [ -109.466959, 43.473984 ], [ -109.467927, 43.469305 ], [ -109.465919, 43.46618 ], [ -109.467306, 43.463541 ], [ -109.464526, 43.460849 ], [ -109.467639, 43.451425 ], [ -109.461756, 43.447669 ], [ -109.459909, 43.441988 ], [ -109.460436, 43.431566 ], [ -109.460247, 43.403457 ], [ -109.460729, 43.37338 ], [ -109.460063, 43.24881 ], [ -109.459861, 43.143287 ], [ -109.460045, 43.12542 ], [ -109.459634, 43.124408 ], [ -109.459109, 43.064584 ], [ -109.459119, 43.05186 ], [ -109.458171, 42.976801 ], [ -109.455597, 42.975083 ], [ -109.453742, 42.970143 ], [ -109.450675, 42.971159 ], [ -109.443486, 42.970352 ], [ -109.441008, 42.967861 ], [ -109.432364, 42.968151 ], [ -109.428757, 42.960662 ], [ -109.420891, 42.957283 ], [ -109.411206, 42.955459 ], [ -109.404788, 42.950605 ], [ -109.402247, 42.947171 ], [ -109.399466, 42.940061 ], [ -109.39112, 42.940339 ], [ -109.38616, 42.938861 ], [ -109.374768, 42.943287 ], [ -109.370658, 42.945728 ], [ -109.361613, 42.936141 ], [ -109.35731, 42.929433 ], [ -109.356412, 42.924745 ], [ -109.345358, 42.918896 ], [ -109.345453, 42.91592 ], [ -109.343128, 42.908004 ], [ -109.338008, 42.897237 ], [ -109.331911, 42.89542 ], [ -109.329193, 42.877035 ], [ -109.325773, 42.86878 ], [ -109.30419, 42.868832 ], [ -109.285197, 42.868532 ], [ -109.267996, 42.868739 ], [ -109.242635, 42.868363 ], [ -109.197853, 42.868127 ], [ -109.189599, 42.867259 ], [ -109.183684, 42.868048 ], [ -109.169013, 42.868391 ], [ -109.115166, 42.868274 ], [ -109.108208, 42.866533 ], [ -109.095352, 42.868326 ], [ -109.041187, 42.868566 ], [ -109.003768, 42.868479 ], [ -109.00067, 42.868244 ], [ -108.886162, 42.868697 ], [ -108.884519, 42.871271 ], [ -108.877454, 42.872734 ], [ -108.866633, 42.873783 ], [ -108.864048, 42.875503 ], [ -108.864052, 42.880088 ], [ -108.859094, 42.886889 ], [ -108.852369, 42.886745 ], [ -108.846574, 42.888871 ], [ -108.838252, 42.889894 ], [ -108.830372, 42.892356 ], [ -108.819053, 42.889208 ], [ -108.802189, 42.888358 ], [ -108.797897, 42.886139 ], [ -108.793372, 42.885685 ], [ -108.788524, 42.882975 ], [ -108.79476, 42.893653 ], [ -108.79476, 42.928028 ], [ -108.777035, 42.928014 ], [ -108.77219, 42.929385 ], [ -108.767817, 42.934534 ], [ -108.760083, 42.940453 ], [ -108.754987, 42.942849 ], [ -108.755429, 42.978537 ], [ -108.753451, 42.981706 ], [ -108.756447, 42.990973 ], [ -108.7556, 42.993837 ], [ -108.755222, 43.007502 ], [ -108.755197, 43.037133 ], [ -108.756031, 43.071604 ], [ -108.743384, 43.101975 ], [ -108.748423, 43.192252 ], [ -108.750252, 43.192844 ], [ -108.75498, 43.200206 ], [ -108.755751, 43.205536 ], [ -108.760863, 43.208878 ], [ -108.766718, 43.21063 ], [ -108.775429, 43.218643 ], [ -108.780789, 43.219976 ], [ -108.7795, 43.223633 ], [ -108.784124, 43.23573 ], [ -108.782093, 43.239969 ], [ -108.777405, 43.236242 ], [ -108.774332, 43.235631 ], [ -108.768652, 43.238013 ], [ -108.761724, 43.237764 ], [ -108.755617, 43.234847 ], [ -108.748952, 43.234546 ], [ -108.740504, 43.238207 ], [ -108.734019, 43.235107 ], [ -108.729476, 43.234936 ], [ -108.728219, 43.23775 ], [ -108.729533, 43.241064 ], [ -108.720118, 43.244244 ], [ -108.708633, 43.251589 ], [ -108.706635, 43.251459 ], [ -108.699348, 43.256222 ], [ -108.699408, 43.259218 ], [ -108.704026, 43.260999 ], [ -108.71088, 43.269807 ], [ -108.727529, 43.284622 ], [ -108.736292, 43.30159 ], [ -108.737396, 43.304785 ], [ -108.739664, 43.324019 ], [ -108.739454, 43.326564 ], [ -108.735139, 43.339102 ], [ -108.729978, 43.347513 ], [ -108.728461, 43.361985 ], [ -108.721688, 43.374035 ], [ -108.718644, 43.400268 ], [ -108.709615, 43.412792 ], [ -108.702886, 43.416849 ], [ -108.692944, 43.420398 ], [ -108.684637, 43.42803 ], [ -108.686139, 43.429251 ], [ -108.684388, 43.437209 ], [ -108.679998, 43.44446 ], [ -108.673392, 43.449195 ], [ -108.667021, 43.457799 ], [ -108.663802, 43.458866 ], [ -108.67021, 43.466902 ], [ -108.674853, 43.471545 ], [ -108.683996, 43.483186 ], [ -108.684813, 43.487579 ], [ -108.690456, 43.494368 ], [ -108.692759, 43.49967 ], [ -108.692579, 43.502633 ], [ -108.70285, 43.51171 ], [ -108.696648, 43.52074 ], [ -108.687421, 43.52359 ], [ -108.686592, 43.528843 ], [ -108.683924, 43.53228 ], [ -108.695072, 43.532255 ], [ -108.694672, 43.575755 ], [ -108.774475, 43.575355 ], [ -108.814276, 43.575555 ], [ -108.814276, 43.605255 ], [ -108.848202, 43.605287 ], [ -108.875679, 43.604446 ], [ -108.894061, 43.604757 ], [ -108.933831, 43.604719 ], [ -108.934141, 43.619163 ], [ -108.951956, 43.619373 ], [ -109.000683, 43.619331 ], [ -109.008897, 43.619573 ], [ -109.125688, 43.619521 ], [ -109.171638, 43.619764 ], [ -109.171463, 43.624955 ], [ -109.171448, 43.699198 ], [ -109.182224, 43.703338 ], [ -109.182693, 43.70539 ], [ -109.190128, 43.709424 ], [ -109.196528, 43.711668 ], [ -109.200963, 43.719498 ], [ -109.206774, 43.723597 ], [ -109.208169, 43.730642 ], [ -109.216195, 43.741358 ], [ -109.222768, 43.747464 ], [ -109.228107, 43.756397 ], [ -109.233656, 43.762132 ] ] ] } },
{ "type": "Feature", "properties": { "PRED_SS_PC": -0.22891092754832379, "PERCAP": 0.078743445878539126, "TRACTCE": "962700", "HLTH_INS": 0.25247699619265501, "Q_FEMALE": 0.33150357822259191, "RC5": -0.15332487256490521, "HOU_DEN": -0.6472685358339626, "MED_VAL": 0.17769277045444459, "POP_CHG": 0.55125433454902895, "LBR_FORCE": -1.1221709467148659, "SoVI_class": "-0.5 to 0.5 SD", "Q_UNEMP": -0.73504553772621684, "Q_EXTRACT": 0.77204586484256532, "MED_RENT": 0.21322553985532891, "Q_MOBILE": -0.074130687427164596, "Q_RENTER": -0.38761958751786513, "AGE_DEP": 0.92617617781673556, "MED_AGE": 0.079056921790690307, "PCT_URBAN": -1.3265962575458641, "NO_VEH": -0.49817968692267828, "Q_SERV": -0.69273694419052601, "COUNTYFP": "003", "ALAND": 2316389451.0, "Ii": 0.0037178398533729202, "NAME": "9627", "RC4": 0.29210941205350138, "HOSP_PC": -0.39945578899327572, "PRED_NURS_PC": 0.7197492767338437, "AWATER": 2212841.0, "Q_TRANS": 0.39668349805074282, "NAMELSAD": "Census Tract 9627", "RC8": -0.28331147947764701, "RC1": -0.62969028923653048, "STATEFP": "56", "NO_HS": 1.3127561062983331, "MTFCC": "G5020", "PRED_BRATE": 0.79622584532665097, "SoVI": -0.02339646176645729, "PRED_PCT_GOP": 1.223328845487194, "Q_MINOR": -0.36583070154627428, "lag_sovi": -1.5790666334973458, "Area_miles": null, "RC3": -0.077601972794172219, "Q_GRP_QTR": -0.34507655888182459, "GEOIDFQ": "1400000US56003962700", "PRED_GDP_PC": -0.0055889665046490161, "FUNCSTAT": "S", "RC10": -0.78410029695176076, "GISJOIN": "G5600030962700", "NAME_E": "Census Tract 9627, Big Horn County, Wyoming", "COUNTY": "Big Horn County", "INTPTLON": "-108.0885308", "RC2": 0.27550246916513671, "RC9": -0.27633457506733489, "AVG_HH_SZ": 1.087988299573815, "ESL_PCT": 0.23823539562181151, "INTPTLAT": "+44.5870958", "Q_POV": -0.1368297059048848, "FEM_LBR": -1.123187209360208, "GEOID": "56003962700", "RC7": 1.0925107554705951, "quadrant": "High Vulnerability & Low Wildfire Risk", "RC6": -0.52084438763665997, "PRED_PHYS_PC": -1.0951690565999099, "PRED_FARM_VAL": -0.7299284862234714, "P.Ii": 0.25798081541016049, "cluster": "Not Significant", "TRACTFIPS": "56003962700", "SOVI_SCORE": 51.89776698, "SOVI_RATNG": "Relatively Moderate", "WFIR_RISKS": 87.198696681100003, "WFIR_RISKR": "Relatively Low", "WFIR_EALT": 16444.174763 }, "geometry": { "type": "Polygon", "coordinates": [ [ [ -108.592332, 44.647731 ], [ -108.592621, 44.614988 ], [ -108.592494, 44.52093 ], [ -108.57342, 44.520811 ], [ -108.573435, 44.461641 ], [ -108.5735, 44.394882 ], [ -108.568692, 44.397448 ], [ -108.56056, 44.398139 ], [ -108.551193, 44.405647 ], [ -108.544654, 44.40577 ], [ -108.535642, 44.411057 ], [ -108.534352, 44.415363 ], [ -108.527576, 44.416521 ], [ -108.523237, 44.412991 ], [ -108.521532, 44.416489 ], [ -108.504374, 44.416073 ], [ -108.502117, 44.41921 ], [ -108.496964, 44.42056 ], [ -108.487374, 44.418997 ], [ -108.483401, 44.417152 ], [ -108.482357, 44.41442 ], [ -108.474527, 44.40918 ], [ -108.470111, 44.408874 ], [ -108.462612, 44.404748 ], [ -108.454352, 44.405349 ], [ -108.450811, 44.403207 ], [ -108.434811, 44.398836 ], [ -108.42954, 44.398898 ], [ -108.424264, 44.394778 ], [ -108.421232, 44.390767 ], [ -108.407564, 44.392859 ], [ -108.407018, 44.394101 ], [ -108.398695, 44.395072 ], [ -108.39379, 44.394003 ], [ -108.383201, 44.394078 ], [ -108.378458, 44.392103 ], [ -108.370215, 44.391062 ], [ -108.366099, 44.392259 ], [ -108.366836, 44.394998 ], [ -108.36141, 44.39559 ], [ -108.353207, 44.391272 ], [ -108.347654, 44.392873 ], [ -108.346969, 44.389171 ], [ -108.33656, 44.389618 ], [ -108.334242, 44.392051 ], [ -108.325021, 44.387703 ], [ -108.320514, 44.386814 ], [ -108.317064, 44.389495 ], [ -108.314053, 44.389111 ], [ -108.311268, 44.39217 ], [ -108.300111, 44.387486 ], [ -108.290484, 44.390722 ], [ -108.282545, 44.387115 ], [ -108.278573, 44.384172 ], [ -108.270664, 44.383278 ], [ -108.264017, 44.383689 ], [ -108.259029, 44.380617 ], [ -108.253024, 44.381747 ], [ -108.248746, 44.379825 ], [ -108.234727, 44.385133 ], [ -108.235142, 44.387356 ], [ -108.227565, 44.389533 ], [ -108.220136, 44.390428 ], [ -108.216408, 44.391918 ], [ -108.215788, 44.396509 ], [ -108.212877, 44.396348 ], [ -108.212384, 44.404967 ], [ -108.203067, 44.405289 ], [ -108.192918, 44.408093 ], [ -108.186903, 44.406731 ], [ -108.184059, 44.409641 ], [ -108.17272, 44.410668 ], [ -108.169616, 44.413915 ], [ -108.16311, 44.413915 ], [ -108.158283, 44.415693 ], [ -108.152418, 44.416204 ], [ -108.148755, 44.422194 ], [ -108.139518, 44.423917 ], [ -108.129923, 44.428152 ], [ -108.126907, 44.430783 ], [ -108.121815, 44.431824 ], [ -108.108566, 44.438487 ], [ -108.098119, 44.445984 ], [ -108.095237, 44.446507 ], [ -108.095383, 44.452748 ], [ -108.08987, 44.455645 ], [ -108.086835, 44.455768 ], [ -108.083521, 44.452755 ], [ -108.075525, 44.449709 ], [ -108.074143, 44.447005 ], [ -108.065636, 44.446922 ], [ -108.065536, 44.443373 ], [ -108.045466, 44.443413 ], [ -108.035954, 44.447437 ], [ -108.031206, 44.451883 ], [ -108.025595, 44.452481 ], [ -108.020286, 44.447491 ], [ -108.018311, 44.442089 ], [ -108.008407, 44.431394 ], [ -108.008154, 44.429252 ], [ -107.999423, 44.421108 ], [ -107.993335, 44.418109 ], [ -107.991082, 44.419414 ], [ -107.985384, 44.415314 ], [ -107.981332, 44.413825 ], [ -107.973633, 44.402065 ], [ -107.973438, 44.399691 ], [ -107.969623, 44.393474 ], [ -107.969442, 44.389552 ], [ -107.963726, 44.389991 ], [ -107.95772, 44.392611 ], [ -107.958474, 44.401953 ], [ -107.955685, 44.404531 ], [ -107.949434, 44.403402 ], [ -107.946776, 44.400293 ], [ -107.937179, 44.396565 ], [ -107.931633, 44.400544 ], [ -107.933825, 44.402985 ], [ -107.929013, 44.407532 ], [ -107.937187, 44.416515 ], [ -107.938333, 44.419157 ], [ -107.946398, 44.422968 ], [ -107.951814, 44.427771 ], [ -107.954499, 44.428684 ], [ -107.969738, 44.4405 ], [ -107.968476, 44.446553 ], [ -107.958462, 44.458903 ], [ -107.96, 44.463789 ], [ -107.957839, 44.467077 ], [ -107.957451, 44.472384 ], [ -107.952013, 44.475358 ], [ -107.940757, 44.47315 ], [ -107.93772, 44.469299 ], [ -107.929116, 44.470981 ], [ -107.91989, 44.467862 ], [ -107.918106, 44.462339 ], [ -107.919728, 44.458691 ], [ -107.911114, 44.460536 ], [ -107.910338, 44.463979 ], [ -107.904989, 44.463042 ], [ -107.903975, 44.466151 ], [ -107.905983, 44.470311 ], [ -107.900756, 44.471567 ], [ -107.903303, 44.474539 ], [ -107.903215, 44.478743 ], [ -107.908407, 44.483065 ], [ -107.918548, 44.486562 ], [ -107.921376, 44.485633 ], [ -107.925971, 44.489289 ], [ -107.950502, 44.50469 ], [ -107.950926, 44.50731 ], [ -107.957702, 44.510564 ], [ -107.950483, 44.51835 ], [ -107.944213, 44.52035 ], [ -107.921117, 44.520301 ], [ -107.907943, 44.518927 ], [ -107.893197, 44.520439 ], [ -107.866561, 44.520359 ], [ -107.849157, 44.517493 ], [ -107.840325, 44.518338 ], [ -107.836527, 44.520605 ], [ -107.829177, 44.528402 ], [ -107.82484, 44.529753 ], [ -107.808732, 44.529063 ], [ -107.795082, 44.52738 ], [ -107.785913, 44.529046 ], [ -107.781379, 44.531572 ], [ -107.778424, 44.540321 ], [ -107.770639, 44.545241 ], [ -107.755746, 44.54892 ], [ -107.749201, 44.54981 ], [ -107.740285, 44.553424 ], [ -107.733549, 44.558333 ], [ -107.725067, 44.560939 ], [ -107.719654, 44.563837 ], [ -107.711993, 44.565928 ], [ -107.702789, 44.574 ], [ -107.696533, 44.574685 ], [ -107.692126, 44.578325 ], [ -107.684428, 44.580687 ], [ -107.674524, 44.579499 ], [ -107.670604, 44.582305 ], [ -107.656777, 44.58897 ], [ -107.649729, 44.589235 ], [ -107.648378, 44.586299 ], [ -107.636115, 44.58429 ], [ -107.627709, 44.585109 ], [ -107.619567, 44.587459 ], [ -107.602133, 44.585207 ], [ -107.592177, 44.584581 ], [ -107.582232, 44.578153 ], [ -107.577328, 44.57632 ], [ -107.56781, 44.574715 ], [ -107.561002, 44.571956 ], [ -107.555773, 44.571803 ], [ -107.549945, 44.573094 ], [ -107.542646, 44.570425 ], [ -107.539296, 44.572118 ], [ -107.538989, 44.577345 ], [ -107.541345, 44.580103 ], [ -107.539416, 44.582274 ], [ -107.53357, 44.584412 ], [ -107.535285, 44.588089 ], [ -107.533165, 44.600511 ], [ -107.526594, 44.608514 ], [ -107.522176, 44.611606 ], [ -107.522154, 44.617415 ], [ -107.510502, 44.617307 ], [ -107.507652, 44.618892 ], [ -107.502506, 44.618854 ], [ -107.500879, 44.625054 ], [ -107.502163, 44.637923 ], [ -107.503356, 44.640044 ], [ -107.504625, 44.637675 ], [ -107.510898, 44.633697 ], [ -107.520002, 44.633909 ], [ -107.524028, 44.633004 ], [ -107.528157, 44.634782 ], [ -107.529886, 44.639363 ], [ -107.529591, 44.643916 ], [ -107.534643, 44.646548 ], [ -107.533829, 44.651136 ], [ -107.52908, 44.652393 ], [ -107.523062, 44.656221 ], [ -107.520732, 44.65949 ], [ -107.528279, 44.665584 ], [ -107.531926, 44.66642 ], [ -107.538999, 44.664934 ], [ -107.548919, 44.667015 ], [ -107.54787, 44.670679 ], [ -107.549576, 44.673518 ], [ -107.54881, 44.678437 ], [ -107.556621, 44.678596 ], [ -107.560207, 44.680819 ], [ -107.567647, 44.683275 ], [ -107.573689, 44.68299 ], [ -107.581081, 44.689753 ], [ -107.588481, 44.688307 ], [ -107.595719, 44.69502 ], [ -107.604667, 44.694957 ], [ -107.612184, 44.697941 ], [ -107.615891, 44.701297 ], [ -107.619704, 44.698813 ], [ -107.619669, 44.695629 ], [ -107.622585, 44.693041 ], [ -107.629597, 44.693234 ], [ -107.637887, 44.691376 ], [ -107.643326, 44.693281 ], [ -107.650707, 44.692314 ], [ -107.65511, 44.689266 ], [ -107.656235, 44.68424 ], [ -107.662506, 44.681574 ], [ -107.671158, 44.680248 ], [ -107.674715, 44.685128 ], [ -107.681224, 44.688198 ], [ -107.684412, 44.69314 ], [ -107.681361, 44.696537 ], [ -107.681123, 44.702894 ], [ -107.685549, 44.705513 ], [ -107.695854, 44.70808 ], [ -107.6979, 44.704964 ], [ -107.709144, 44.709173 ], [ -107.717502, 44.710649 ], [ -107.728028, 44.716415 ], [ -107.733975, 44.715321 ], [ -107.736442, 44.713379 ], [ -107.741543, 44.714352 ], [ -107.751034, 44.72299 ], [ -107.744462, 44.728989 ], [ -107.745785, 44.733469 ], [ -107.743554, 44.741476 ], [ -107.748949, 44.746042 ], [ -107.745572, 44.754332 ], [ -107.752105, 44.756559 ], [ -107.753493, 44.761698 ], [ -107.752136, 44.765627 ], [ -107.754388, 44.770591 ], [ -107.764817, 44.773451 ], [ -107.771227, 44.773654 ], [ -107.779039, 44.772328 ], [ -107.789626, 44.777111 ], [ -107.792899, 44.780137 ], [ -107.796922, 44.780484 ], [ -107.799823, 44.783503 ], [ -107.807342, 44.785716 ], [ -107.812827, 44.789316 ], [ -107.824967, 44.791797 ], [ -107.832319, 44.790161 ], [ -107.831622, 44.799787 ], [ -107.828065, 44.802926 ], [ -107.839334, 44.808309 ], [ -107.846168, 44.809757 ], [ -107.867459, 44.80783 ], [ -107.872673, 44.806535 ], [ -107.882412, 44.807995 ], [ -107.88985, 44.806381 ], [ -107.906172, 44.799534 ], [ -107.912519, 44.793999 ], [ -107.919815, 44.791477 ], [ -107.923093, 44.795923 ], [ -107.927077, 44.794596 ], [ -107.931292, 44.790067 ], [ -107.936723, 44.790888 ], [ -107.941595, 44.794111 ], [ -107.944512, 44.801158 ], [ -107.953522, 44.8054 ], [ -107.952213, 44.808974 ], [ -107.953375, 44.812947 ], [ -107.94978, 44.813863 ], [ -107.951071, 44.816994 ], [ -107.955662, 44.818129 ], [ -107.959888, 44.815097 ], [ -107.962691, 44.810468 ], [ -107.96738, 44.811009 ], [ -107.970988, 44.808557 ], [ -107.973653, 44.8107 ], [ -107.980078, 44.806011 ], [ -107.982331, 44.800347 ], [ -107.986848, 44.801419 ], [ -107.987924, 44.797525 ], [ -107.993625, 44.79565 ], [ -108.002385, 44.796048 ], [ -108.00821, 44.794194 ], [ -108.013624, 44.794288 ], [ -108.019516, 44.792251 ], [ -108.029957, 44.793387 ], [ -108.042712, 44.791155 ], [ -108.054651, 44.791096 ], [ -108.070469, 44.790332 ], [ -108.082666, 44.790416 ], [ -108.088299, 44.791719 ], [ -108.140684, 44.822243 ], [ -108.140725, 44.818974 ], [ -108.144379, 44.81589 ], [ -108.154398, 44.800428 ], [ -108.162679, 44.795112 ], [ -108.161653, 44.78449 ], [ -108.16275, 44.775076 ], [ -108.162955, 44.76415 ], [ -108.168928, 44.760917 ], [ -108.175751, 44.755328 ], [ -108.173005, 44.750358 ], [ -108.167405, 44.744708 ], [ -108.16719, 44.714496 ], [ -108.163517, 44.71228 ], [ -108.155334, 44.710628 ], [ -108.146611, 44.707624 ], [ -108.139238, 44.702285 ], [ -108.132647, 44.699957 ], [ -108.125834, 44.6881 ], [ -108.126573, 44.678872 ], [ -108.132482, 44.673998 ], [ -108.131175, 44.663752 ], [ -108.128419, 44.661355 ], [ -108.128704, 44.653289 ], [ -108.124308, 44.642804 ], [ -108.122479, 44.635447 ], [ -108.12654, 44.635487 ], [ -108.128764, 44.62904 ], [ -108.138162, 44.630606 ], [ -108.149549, 44.637308 ], [ -108.15244, 44.640933 ], [ -108.156264, 44.64283 ], [ -108.160701, 44.651443 ], [ -108.168551, 44.655585 ], [ -108.172657, 44.659126 ], [ -108.183072, 44.664991 ], [ -108.182337, 44.668598 ], [ -108.185238, 44.67209 ], [ -108.182434, 44.675528 ], [ -108.18306, 44.678747 ], [ -108.191331, 44.683872 ], [ -108.197336, 44.68854 ], [ -108.202641, 44.696582 ], [ -108.206601, 44.696455 ], [ -108.216956, 44.702805 ], [ -108.221862, 44.702103 ], [ -108.22446, 44.699318 ], [ -108.222038, 44.694385 ], [ -108.243741, 44.691753 ], [ -108.246991, 44.692518 ], [ -108.252024, 44.68707 ], [ -108.255432, 44.687714 ], [ -108.25812, 44.68454 ], [ -108.260822, 44.675668 ], [ -108.273977, 44.683429 ], [ -108.274583, 44.677064 ], [ -108.279243, 44.67649 ], [ -108.287016, 44.677746 ], [ -108.2819, 44.671085 ], [ -108.275918, 44.657003 ], [ -108.264469, 44.644805 ], [ -108.264709, 44.636433 ], [ -108.261031, 44.632682 ], [ -108.262048, 44.626833 ], [ -108.264921, 44.622573 ], [ -108.279568, 44.618267 ], [ -108.284321, 44.613995 ], [ -108.288661, 44.617234 ], [ -108.293829, 44.619236 ], [ -108.317739, 44.626898 ], [ -108.327529, 44.62564 ], [ -108.341523, 44.627488 ], [ -108.34795, 44.62545 ], [ -108.352107, 44.621773 ], [ -108.371633, 44.621095 ], [ -108.380035, 44.616509 ], [ -108.388552, 44.616451 ], [ -108.399776, 44.620481 ], [ -108.407162, 44.625964 ], [ -108.411341, 44.630252 ], [ -108.416272, 44.639336 ], [ -108.416351, 44.641155 ], [ -108.425307, 44.645806 ], [ -108.431288, 44.644372 ], [ -108.439408, 44.645939 ], [ -108.453053, 44.642851 ], [ -108.461992, 44.643814 ], [ -108.470091, 44.643452 ], [ -108.481068, 44.644638 ], [ -108.507115, 44.646311 ], [ -108.518849, 44.649562 ], [ -108.523661, 44.649548 ], [ -108.524463, 44.655603 ], [ -108.52699, 44.660556 ], [ -108.536069, 44.663819 ], [ -108.536104, 44.666353 ], [ -108.542669, 44.667472 ], [ -108.547571, 44.665764 ], [ -108.5685, 44.665832 ], [ -108.566064, 44.661764 ], [ -108.565289, 44.655244 ], [ -108.587869, 44.654964 ], [ -108.589954, 44.649739 ], [ -108.592332, 44.647731 ] ] ] } },
{ "type": "Feature", "properties": { "PRED_SS_PC": -1.511669142152317, "PERCAP": 0.081728900022277132, "TRACTCE": "967701", "HLTH_INS": 0.25216421997718658, "Q_FEMALE": -1.506193017816887, "RC5": -0.18559785078984459, "HOU_DEN": -0.57353337078020616, "MED_VAL": 0.18928840348417811, "POP_CHG": 0.75964608485773433, "LBR_FORCE": 2.0931168059240708, "SoVI_class": "0.5 to 1 SD", "Q_UNEMP": 0.96658944006080838, "Q_EXTRACT": -0.96337614098506097, "MED_RENT": 0.2132302990709925, "Q_MOBILE": -0.63517306529031625, "Q_RENTER": 1.17023496783462, "AGE_DEP": -0.97083513907346874, "MED_AGE": 0.079056944559088099, "PCT_URBAN": 0.86293315408622984, "NO_VEH": -0.56942385850145616, "Q_SERV": 0.2138776536543171, "COUNTYFP": "039", "ALAND": 60998666.0, "Ii": -0.030096345812811516, "NAME": "9677.01", "RC4": 1.2238711940739719, "HOSP_PC": 2.191367547005493, "PRED_NURS_PC": -0.57982070766047844, "AWATER": 93330.0, "Q_TRANS": -1.064945003744344, "NAMELSAD": "Census Tract 9677.01", "RC8": 1.395815831767343, "RC1": 0.17470345644259441, "STATEFP": "56", "NO_HS": 0.28910393667470252, "MTFCC": "G5020", "PRED_BRATE": 0.97801234246807245, "SoVI": 1.700888600709384, "PRED_PCT_GOP": -2.555077847077698, "Q_MINOR": 0.46474173108376532, "lag_sovi": -0.17583197750601198, "Area_miles": null, "RC3": 4.112914027339226, "Q_GRP_QTR": -0.12122605791401141, "GEOIDFQ": "1400000US56039967701", "PRED_GDP_PC": 2.9746639913609512, "FUNCSTAT": "S", "RC10": -0.78991703091034993, "GISJOIN": "G5600390967701", "NAME_E": "Census Tract 9677.01, Teton County, Wyoming", "COUNTY": "Teton County", "INTPTLON": "-110.6886424", "RC2": -0.96383735875426479, "RC9": 0.0080548483874575555, "AVG_HH_SZ": 0.054800822275614038, "ESL_PCT": 2.5445816647770791, "INTPTLAT": "+43.4731181", "Q_POV": -0.84127607298117224, "FEM_LBR": 0.49135589745525832, "GEOID": "56039967701", "RC7": -2.5630978575452739, "quadrant": "High Vulnerability & Low Wildfire Risk", "RC6": 0.71202065930147485, "PRED_PHYS_PC": 0.90345347587856395, "PRED_FARM_VAL": 0.70471122445945855, "P.Ii": 0.91597379253315458, "cluster": "Not Significant", "TRACTFIPS": "56039967701", "SOVI_SCORE": 36.07297281, "SOVI_RATNG": "Relatively Low", "WFIR_RISKS": 90.135920944700004, "WFIR_RISKR": "Relatively Moderate", "WFIR_EALT": 33812.703816399997 }, "geometry": { "type": "Polygon", "coordinates": [ [ [ -110.762254, 43.48898 ], [ -110.766207, 43.482744 ], [ -110.771325, 43.477622 ], [ -110.769989, 43.478543 ], [ -110.758891, 43.478509 ], [ -110.749989, 43.479691 ], [ -110.749932, 43.472291 ], [ -110.751423, 43.469518 ], [ -110.762426, 43.463004 ], [ -110.756313, 43.462467 ], [ -110.75076, 43.460085 ], [ -110.742001, 43.458201 ], [ -110.721093, 43.450696 ], [ -110.708954, 43.443179 ], [ -110.701387, 43.44026 ], [ -110.696563, 43.439765 ], [ -110.684359, 43.436091 ], [ -110.678552, 43.435192 ], [ -110.68081, 43.430583 ], [ -110.686586, 43.430038 ], [ -110.692353, 43.430938 ], [ -110.697161, 43.429939 ], [ -110.702204, 43.426543 ], [ -110.703027, 43.424174 ], [ -110.697748, 43.425231 ], [ -110.691545, 43.428119 ], [ -110.685533, 43.426692 ], [ -110.674782, 43.419097 ], [ -110.664504, 43.41806 ], [ -110.659867, 43.42038 ], [ -110.651553, 43.419357 ], [ -110.649499, 43.414177 ], [ -110.643522, 43.416939 ], [ -110.640342, 43.425568 ], [ -110.651222, 43.434952 ], [ -110.654998, 43.436554 ], [ -110.652122, 43.44156 ], [ -110.642478, 43.44072 ], [ -110.630064, 43.445114 ], [ -110.62908, 43.450834 ], [ -110.634178, 43.451295 ], [ -110.639107, 43.459798 ], [ -110.639762, 43.464887 ], [ -110.647439, 43.468617 ], [ -110.656724, 43.474217 ], [ -110.665247, 43.484127 ], [ -110.66688, 43.492543 ], [ -110.671381, 43.495499 ], [ -110.676875, 43.502972 ], [ -110.688784, 43.508408 ], [ -110.711204, 43.508872 ], [ -110.720178, 43.505188 ], [ -110.727269, 43.498067 ], [ -110.733617, 43.495574 ], [ -110.74103, 43.496857 ], [ -110.756948, 43.494804 ], [ -110.762254, 43.48898 ] ] ] } },
{ "type": "Feature", "properties": { "PRED_SS_PC": -0.98373361107070156, "PERCAP": 0.078958827062499473, "TRACTCE": "978001", "HLTH_INS": -0.064751133528192409, "Q_FEMALE": -1.070589724968086, "RC5": 0.063104811538111372, "HOU_DEN": -0.62049804640558814, "MED_VAL": 0.18003938300535069, "POP_CHG": -0.91005942432921683, "LBR_FORCE": 0.95970823472906597, "SoVI_class": "-1 to -0.5 SD", "Q_UNEMP": -1.1726088177285949, "Q_EXTRACT": -0.73198654020804421, "MED_RENT": 0.21322965573615621, "Q_MOBILE": -0.64307507061233227, "Q_RENTER": 0.16117008539039671, "AGE_DEP": -0.64793326981272281, "MED_AGE": 0.079057026145846851, "PCT_URBAN": -1.3265962575458641, "NO_VEH": -0.99613674365689475, "Q_SERV": 0.32506623640887322, "COUNTYFP": "023", "ALAND": 197750270.0, "Ii": 0.68169369874375096, "NAME": "9780.01", "RC4": -0.58520237251124263, "HOSP_PC": -0.39945578899327572, "PRED_NURS_PC": -1.0469495550947829, "AWATER": 2408651.0, "Q_TRANS": -1.3126786481163919, "NAMELSAD": "Census Tract 9780.01", "RC8": 0.97789028369508435, "RC1": 0.1982638184340291, "STATEFP": "56", "NO_HS": -0.76744499102238639, "MTFCC": "G5020", "PRED_BRATE": 1.590402422403502, "SoVI": -2.5359994295112629, "PRED_PCT_GOP": -0.53963233083802908, "Q_MINOR": -0.63776655708647634, "lag_sovi": -2.671161156837361, "Area_miles": null, "RC3": 1.1566582340096909, "Q_GRP_QTR": -0.34476373732708088, "GEOIDFQ": "1400000US56023978001", "PRED_GDP_PC": 1.815548076080326, "FUNCSTAT": "S", "RC10": -1.361077198448045, "GISJOIN": "G5600230978001", "NAME_E": "Census Tract 9780.01, Lincoln County, Wyoming", "COUNTY": "Lincoln County", "INTPTLON": "-111.0015756", "RC2": -0.24338375586607661, "RC9": -1.5839886352383721, "AVG_HH_SZ": 0.89252039846334519, "ESL_PCT": 1.3014124121242541, "INTPTLAT": "+42.9111961", "Q_POV": -0.45297775693976072, "FEM_LBR": -0.54871989131442089, "GEOID": "56023978001", "RC7": 0.20339364837082829, "quadrant": "Low Vulnerability & High Wildfire Risk", "RC6": 1.361658263495271, "PRED_PHYS_PC": 0.58055064339163243, "PRED_FARM_VAL": 0.69050424296088386, "P.Ii": 0.22701645826929517, "cluster": "Not Significant", "TRACTFIPS": "56023978001", "SOVI_SCORE": 51.33684772, "SOVI_RATNG": "Relatively Moderate", "WFIR_RISKS": 95.7737267073, "WFIR_RISKR": "Relatively Moderate", "WFIR_EALT": 143276.615448 }, "geometry": { "type": "Polygon", "coordinates": [ [ [ -111.044046, 43.174096 ], [ -111.043978, 43.079827 ], [ -111.044084, 43.009885 ], [ -111.043989, 42.927838 ], [ -111.043836, 42.886374 ], [ -111.044132, 42.874922 ], [ -111.043831, 42.857355 ], [ -111.038211, 42.854788 ], [ -111.032334, 42.850054 ], [ -111.023987, 42.84757 ], [ -111.0196, 42.847487 ], [ -111.012895, 42.845436 ], [ -111.009018, 42.8423 ], [ -111.008711, 42.835789 ], [ -111.005758, 42.826538 ], [ -110.998682, 42.825682 ], [ -110.99676, 42.82806 ], [ -110.98999, 42.83232 ], [ -110.98633, 42.83658 ], [ -110.976888, 42.844005 ], [ -110.98784, 42.85384 ], [ -110.98583, 42.85497 ], [ -110.97375, 42.85584 ], [ -110.96509, 42.85403 ], [ -110.96097, 42.85402 ], [ -110.94894, 42.85006 ], [ -110.934235, 42.849958 ], [ -110.918801, 42.853905 ], [ -110.91233, 42.8578 ], [ -110.91113, 42.86202 ], [ -110.90336, 42.86052 ], [ -110.89916, 42.85545 ], [ -110.89838, 42.85149 ], [ -110.89395, 42.8512 ], [ -110.8932, 42.84323 ], [ -110.895445, 42.836556 ], [ -110.883542, 42.836434 ], [ -110.883166, 42.866376 ], [ -110.891118, 42.866416 ], [ -110.89545, 42.86785 ], [ -110.892636, 42.880479 ], [ -110.904178, 42.88014 ], [ -110.903334, 42.899647 ], [ -110.903749, 42.909599 ], [ -110.922267, 42.910015 ], [ -110.95264, 42.90994 ], [ -110.95429, 42.91712 ], [ -110.97282, 42.91702 ], [ -110.97285, 42.95332 ], [ -110.99257, 42.9534 ], [ -110.99287, 42.94615 ], [ -111.00863, 42.94628 ], [ -111.01244, 42.95304 ], [ -111.01214, 43.03334 ], [ -110.9759, 43.0333 ], [ -110.97218, 43.032278 ], [ -110.972093, 43.098187 ], [ -110.99196, 43.0982 ], [ -110.991513, 43.102245 ], [ -110.991466, 43.127636 ], [ -111.020945, 43.127817 ], [ -111.020853, 43.142432 ], [ -111.0164, 43.142305 ], [ -111.016689, 43.167592 ], [ -111.02676, 43.16521 ], [ -111.03269, 43.164964 ], [ -111.037955, 43.168035 ], [ -111.040757, 43.173155 ], [ -111.044046, 43.174096 ] ] ] } },
{ "type": "Feature", "properties": { "PRED_SS_PC": -1.2139770149968361, "PERCAP": 0.079050864952156949, "TRACTCE": "978002", "HLTH_INS": -0.46673093987065012, "Q_FEMALE": -0.24178267094147279, "RC5": -0.019216006124404411, "HOU_DEN": -0.64736108213209953, "MED_VAL": 0.1808459237027521, "POP_CHG": -0.46506320787083588, "LBR_FORCE": -0.59555194135460177, "SoVI_class": "-1 to -0.5 SD", "Q_UNEMP": -1.026754391061135, "Q_EXTRACT": -0.89395926075195598, "MED_RENT": 0.2132294656599546, "Q_MOBILE": -0.21636678322345659, "Q_RENTER": -0.68266779875886596, "AGE_DEP": 0.83264784624403465, "MED_AGE": 0.079057132398369881, "PCT_URBAN": -1.3265962575458641, "NO_VEH": -0.70745884425679706, "Q_SERV": -0.52167758610659321, "COUNTYFP": "023", "ALAND": 3709687097.0, "Ii": 0.28008586352845688, "NAME": "9780.02", "RC4": 0.26458389593484372, "HOSP_PC": -0.39945578899327572, "PRED_NURS_PC": 0.17064322693667491, "AWATER": 4878966.0, "Q_TRANS": -0.89153145268390976, "NAMELSAD": "Census Tract 9780.02", "RC8": -1.073532903744135, "RC1": -0.23914115912598499, "STATEFP": "56", "NO_HS": 0.26641239838276998, "MTFCC": "G5020", "PRED_BRATE": -0.015880173931766241, "SoVI": -2.495378561995111, "PRED_PCT_GOP": 0.68878906773579818, "Q_MINOR": -0.2314428279008876, "lag_sovi": -1.1153590940208062, "Area_miles": null, "RC3": 0.4360980675746105, "Q_GRP_QTR": -0.35303639641439682, "GEOIDFQ": "1400000US56023978002", "PRED_GDP_PC": 0.88156946257380542, "FUNCSTAT": "S", "RC10": -0.28596402530949361, "GISJOIN": "G5600230978002", "NAME_E": "Census Tract 9780.02, Lincoln County, Wyoming", "COUNTY": "Lincoln County", "INTPTLON": "-110.7344333", "RC2": 0.53952114940977147, "RC9": -1.493706477762166, "AVG_HH_SZ": -0.1965150505807047, "ESL_PCT": 0.14534743564506, "INTPTLAT": "+42.7476059", "Q_POV": -0.97273240766908475, "FEM_LBR": -1.09201915728302, "GEOID": "56023978002", "RC7": 0.42231102138794868, "quadrant": "Low Vulnerability & High Wildfire Risk", "RC6": 1.0463321242361019, "PRED_PHYS_PC": 0.9105836318445738, "PRED_FARM_VAL": -1.0974028693570299, "P.Ii": 0.4168804414108942, "cluster": "Not Significant", "TRACTFIPS": "56023978002", "SOVI_SCORE": 68.06077119, "SOVI_RATNG": "Relatively High", "WFIR_RISKS": 94.867587076199996, "WFIR_RISKR": "Relatively Moderate", "WFIR_EALT": 88607.824971299997 }, "geometry": { "type": "Polygon", "coordinates": [ [ [ -111.044763, 42.64855 ], [ -111.046017, 42.582723 ], [ -111.046939, 42.484263 ], [ -111.047234, 42.469096 ], [ -111.047029, 42.447537 ], [ -111.047181, 42.400749 ], [ -111.03253, 42.40414 ], [ -111.02769, 42.40389 ], [ -111.02185, 42.40044 ], [ -111.01241, 42.39988 ], [ -111.00229, 42.40096 ], [ -110.99308, 42.40061 ], [ -110.98966, 42.40335 ], [ -110.9885, 42.41081 ], [ -110.98478, 42.42048 ], [ -110.98352, 42.428 ], [ -110.98525, 42.44186 ], [ -110.983631, 42.448011 ], [ -110.960184, 42.447712 ], [ -110.933678, 42.447918 ], [ -110.883046, 42.44773 ], [ -110.838169, 42.448045 ], [ -110.838799, 42.437695 ], [ -110.838245, 42.365509 ], [ -110.837508, 42.263435 ], [ -110.836963, 42.190912 ], [ -110.812209, 42.189858 ], [ -110.811216, 42.187015 ], [ -110.814591, 42.162682 ], [ -110.814415, 42.157589 ], [ -110.805078, 42.15746 ], [ -110.801826, 42.158754 ], [ -110.794884, 42.158057 ], [ -110.7944, 42.166387 ], [ -110.728325, 42.167032 ], [ -110.72796, 42.16362 ], [ -110.716305, 42.167363 ], [ -110.71652, 42.144326 ], [ -110.688113, 42.144537 ], [ -110.639992, 42.144241 ], [ -110.639601, 42.158524 ], [ -110.620298, 42.158731 ], [ -110.619913, 42.131858 ], [ -110.562679, 42.131714 ], [ -110.562009, 42.17375 ], [ -110.600771, 42.174338 ], [ -110.600749, 42.187921 ], [ -110.551307, 42.187773 ], [ -110.55462, 42.193 ], [ -110.55956, 42.19692 ], [ -110.55526, 42.20021 ], [ -110.5531, 42.20433 ], [ -110.55465, 42.20967 ], [ -110.55352, 42.21249 ], [ -110.55362, 42.21889 ], [ -110.55842, 42.23185 ], [ -110.558, 42.23451 ], [ -110.561899, 42.236451 ], [ -110.564966, 42.243513 ], [ -110.566344, 42.250487 ], [ -110.565199, 42.258957 ], [ -110.560717, 42.265344 ], [ -110.563696, 42.271798 ], [ -110.558664, 42.272259 ], [ -110.558516, 42.275886 ], [ -110.560793, 42.283557 ], [ -110.558454, 42.288054 ], [ -110.55542, 42.28946 ], [ -110.546666, 42.285996 ], [ -110.541736, 42.286522 ], [ -110.542727, 42.374936 ], [ -110.543329, 42.448536 ], [ -110.590131, 42.448435 ], [ -110.589482, 42.499883 ], [ -110.589947, 42.499934 ], [ -110.590168, 42.528775 ], [ -110.590037, 42.58076 ], [ -110.590101, 42.624931 ], [ -110.589938, 42.699026 ], [ -110.590074, 42.710087 ], [ -110.623477, 42.710181 ], [ -110.623792, 42.74993 ], [ -110.623434, 42.779205 ], [ -110.587662, 42.779188 ], [ -110.587955, 42.842911 ], [ -110.588451, 42.92806 ], [ -110.589006, 43.040187 ], [ -110.588085, 43.040286 ], [ -110.5879, 43.09961 ], [ -110.587993, 43.126147 ], [ -110.578584, 43.126307 ], [ -110.578656, 43.235224 ], [ -110.625747, 43.235621 ], [ -110.750683, 43.23499 ], [ -110.813993, 43.235178 ], [ -110.813996, 43.31394 ], [ -110.927884, 43.313501 ], [ -110.927902, 43.31596 ], [ -110.943912, 43.316096 ], [ -110.97215, 43.31583 ], [ -111.000766, 43.315901 ], [ -111.044893, 43.315719 ], [ -111.044457, 43.265901 ], [ -111.044014, 43.233369 ], [ -111.044046, 43.174096 ], [ -111.040757, 43.173155 ], [ -111.037955, 43.168035 ], [ -111.03269, 43.164964 ], [ -111.02676, 43.16521 ], [ -111.016689, 43.167592 ], [ -111.0164, 43.142305 ], [ -111.020853, 43.142432 ], [ -111.020945, 43.127817 ], [ -110.991466, 43.127636 ], [ -110.991513, 43.102245 ], [ -110.99196, 43.0982 ], [ -110.972093, 43.098187 ], [ -110.97218, 43.032278 ], [ -110.9759, 43.0333 ], [ -111.01214, 43.03334 ], [ -111.01244, 42.95304 ], [ -111.00863, 42.94628 ], [ -110.99287, 42.94615 ], [ -110.99257, 42.9534 ], [ -110.97285, 42.95332 ], [ -110.97282, 42.91702 ], [ -110.95429, 42.91712 ], [ -110.95264, 42.90994 ], [ -110.922267, 42.910015 ], [ -110.903749, 42.909599 ], [ -110.903334, 42.899647 ], [ -110.904178, 42.88014 ], [ -110.892636, 42.880479 ], [ -110.89545, 42.86785 ], [ -110.891118, 42.866416 ], [ -110.883166, 42.866376 ], [ -110.883542, 42.836434 ], [ -110.895445, 42.836556 ], [ -110.895487, 42.836024 ], [ -110.923669, 42.836427 ], [ -110.924136, 42.812609 ], [ -110.92385, 42.782185 ], [ -110.922038, 42.779049 ], [ -110.920197, 42.767461 ], [ -110.921229, 42.760281 ], [ -110.922816, 42.757386 ], [ -110.918451, 42.754738 ], [ -110.918374, 42.7474 ], [ -110.920191, 42.742684 ], [ -110.916058, 42.740048 ], [ -110.913483, 42.73622 ], [ -110.913639, 42.683661 ], [ -110.913453, 42.63457 ], [ -110.903106, 42.634747 ], [ -110.903687, 42.620458 ], [ -110.893443, 42.62032 ], [ -110.893355, 42.576991 ], [ -110.875364, 42.577024 ], [ -110.875203, 42.532899 ], [ -110.905434, 42.533032 ], [ -110.905794, 42.584109 ], [ -110.915616, 42.584003 ], [ -110.915421, 42.591277 ], [ -110.953562, 42.591377 ], [ -110.953041, 42.598209 ], [ -110.971378, 42.598275 ], [ -110.970914, 42.605537 ], [ -110.982229, 42.605562 ], [ -110.981794, 42.618521 ], [ -110.992235, 42.61854 ], [ -110.992218, 42.633717 ], [ -111.01292, 42.633776 ], [ -111.011868, 42.648321 ], [ -111.044763, 42.64855 ] ] ] } },
{ "type": "Feature", "properties": { "PRED_SS_PC": 0.60964891870707871, "PERCAP": 0.078869464361966249, "TRACTCE": "959100", "HLTH_INS": -0.78361358224375255, "Q_FEMALE": 0.90586497098146856, "RC5": -0.12679533958165751, "HOU_DEN": -0.64770037888059928, "MED_VAL": 0.17864618917022271, "POP_CHG": 0.80940526083731446, "LBR_FORCE": -1.335006403957631, "SoVI_class": "0.5 to 1 SD", "Q_UNEMP": 0.91797129783832165, "Q_EXTRACT": -0.10723461811009879, "MED_RENT": 0.21322894660571179, "Q_MOBILE": 0.65285380219832756, "Q_RENTER": -0.51153983623908528, "AGE_DEP": 1.312498041717701, "MED_AGE": 0.079057031837946296, "PCT_URBAN": -1.3265962575458641, "NO_VEH": -0.900855668994342, "Q_SERV": 0.53889043401379033, "COUNTYFP": "031", "ALAND": 2286140404.0, "Ii": -0.28807887349301009, "NAME": "9591", "RC4": 0.42305653780192187, "HOSP_PC": -0.39945578899327572, "PRED_NURS_PC": 0.89024602554872045, "AWATER": 65741400.0, "Q_TRANS": 2.4033260174643361, "NAMELSAD": "Census Tract 9591", "RC8": -2.3494468818543659, "RC1": 0.02947881124785762, "STATEFP": "56", "NO_HS": 0.49223847147783362, "MTFCC": "G5020", "PRED_BRATE": -0.43864536113727381, "SoVI": 2.7082235933992109, "PRED_PCT_GOP": 0.68831266869645857, "Q_MINOR": -0.2224592383141194, "lag_sovi": -1.0570288855588763, "Area_miles": null, "RC3": 0.61542571258425749, "Q_GRP_QTR": -0.3394511400854574, "GEOIDFQ": "1400000US56031959100", "PRED_GDP_PC": 0.91064618335335401, "FUNCSTAT": "S", "RC10": 0.216555028230903, "GISJOIN": "G5600310959100", "NAME_E": "Census Tract 9591, Platte County, Wyoming", "COUNTY": "Platte County", "INTPTLON": "-104.9480306", "RC2": 0.8519581428982117, "RC9": 0.43906952333949162, "AVG_HH_SZ": 0.16649676576731151, "ESL_PCT": 0.35853792661629158, "INTPTLAT": "+42.4008017", "Q_POV": -0.69844093207387981, "FEM_LBR": -1.001942703172918, "GEOID": "56031959100", "RC7": 0.24111077733117869, "quadrant": "High Vulnerability & High Wildfire Risk", "RC6": -2.3678112814014129, "PRED_PHYS_PC": -1.6140114275132149, "PRED_FARM_VAL": -0.63109529634988171, "P.Ii": 0.37387981411008225, "cluster": "Not Significant", "TRACTFIPS": "56031959100", "SOVI_SCORE": 92.32363916, "SOVI_RATNG": "Very High", "WFIR_RISKS": 98.144910991399996, "WFIR_RISKR": "Relatively High", "WFIR_EALT": 326484.34386700002 }, "geometry": { "type": "Polygon", "coordinates": [ [ [ -104.892437, 42.608939 ], [ -104.926278, 42.608411 ], [ -104.961696, 42.608404 ], [ -104.969451, 42.608844 ], [ -105.00053, 42.608447 ], [ -105.045844, 42.608528 ], [ -105.074868, 42.608158 ], [ -105.096279, 42.608511 ], [ -105.10957, 42.60834 ], [ -105.155907, 42.606762 ], [ -105.174377, 42.607136 ], [ -105.186651, 42.606703 ], [ -105.250536, 42.605646 ], [ -105.286511, 42.605826 ], [ -105.285023, 42.585425 ], [ -105.283738, 42.528061 ], [ -105.283886, 42.499969 ], [ -105.283489, 42.491467 ], [ -105.282258, 42.431328 ], [ -105.28391, 42.431402 ], [ -105.283757, 42.380567 ], [ -105.281919, 42.360665 ], [ -105.282074, 42.34799 ], [ -105.281442, 42.321518 ], [ -105.281354, 42.295172 ], [ -105.280944, 42.253688 ], [ -105.281329, 42.221756 ], [ -105.278277, 42.222105 ], [ -105.26307, 42.21929 ], [ -105.258785, 42.221513 ], [ -105.25615, 42.22542 ], [ -105.25702, 42.23359 ], [ -105.256072, 42.249897 ], [ -105.251642, 42.252027 ], [ -105.245702, 42.257044 ], [ -105.24232, 42.25784 ], [ -105.240386, 42.261903 ], [ -105.18186, 42.26279 ], [ -105.08013, 42.26365 ], [ -105.042122, 42.263758 ], [ -105.037793, 42.264557 ], [ -105.031661, 42.260264 ], [ -105.02516, 42.25695 ], [ -104.99468, 42.234516 ], [ -104.973033, 42.234593 ], [ -104.976352, 42.229183 ], [ -104.976418, 42.224681 ], [ -104.967439, 42.206458 ], [ -104.967228, 42.192104 ], [ -104.966247, 42.190019 ], [ -104.95543, 42.17682 ], [ -104.954465, 42.170213 ], [ -104.951595, 42.164933 ], [ -104.949833, 42.157952 ], [ -104.946112, 42.147342 ], [ -104.940162, 42.139294 ], [ -104.939124, 42.133798 ], [ -104.936086, 42.129486 ], [ -104.936096, 42.121552 ], [ -104.928774, 42.123446 ], [ -104.92312, 42.127534 ], [ -104.912383, 42.127254 ], [ -104.90134, 42.12919 ], [ -104.890035, 42.12622 ], [ -104.888676, 42.128342 ], [ -104.881036, 42.126072 ], [ -104.876208, 42.128285 ], [ -104.871975, 42.12428 ], [ -104.863173, 42.124768 ], [ -104.861458, 42.122225 ], [ -104.853913, 42.123331 ], [ -104.847618, 42.125294 ], [ -104.843071, 42.119667 ], [ -104.840786, 42.122314 ], [ -104.83452, 42.117193 ], [ -104.823519, 42.114996 ], [ -104.817559, 42.114989 ], [ -104.817319, 42.118543 ], [ -104.80408, 42.119788 ], [ -104.795955, 42.124384 ], [ -104.79339, 42.122976 ], [ -104.786575, 42.124779 ], [ -104.779007, 42.136165 ], [ -104.772722, 42.140383 ], [ -104.746504, 42.143561 ], [ -104.734248, 42.145691 ], [ -104.740877, 42.151457 ], [ -104.718081, 42.157082 ], [ -104.713712, 42.155776 ], [ -104.695938, 42.169146 ], [ -104.69123, 42.167681 ], [ -104.688853, 42.176532 ], [ -104.68391, 42.176233 ], [ -104.68453, 42.179848 ], [ -104.681098, 42.183794 ], [ -104.682694, 42.189277 ], [ -104.680299, 42.191558 ], [ -104.675659, 42.191211 ], [ -104.67306, 42.196456 ], [ -104.665798, 42.196541 ], [ -104.663142, 42.195457 ], [ -104.664288, 42.190446 ], [ -104.654463, 42.189243 ], [ -104.655027, 42.216785 ], [ -104.654283, 42.244909 ], [ -104.655052, 42.300389 ], [ -104.654466, 42.331586 ], [ -104.655258, 42.374759 ], [ -104.654945, 42.418857 ], [ -104.65529, 42.538362 ], [ -104.655639, 42.609468 ], [ -104.764221, 42.61024 ], [ -104.77974, 42.60987 ], [ -104.829, 42.610064 ], [ -104.872942, 42.609889 ], [ -104.892437, 42.608939 ] ] ] } },
{ "type": "Feature", "properties": { "PRED_SS_PC": 0.42273387473117502, "PERCAP": 0.078794160634064678, "TRACTCE": "967900", "HLTH_INS": 0.28367029779045672, "Q_FEMALE": -0.27457331062086471, "RC5": -0.17496573175942229, "HOU_DEN": -0.64897842626524493, "MED_VAL": 0.17838163694998879, "POP_CHG": 0.21168483403050309, "LBR_FORCE": -0.81087173248418953, "SoVI_class": "-0.5 to 0.5 SD", "Q_UNEMP": 0.2373173067235117, "Q_EXTRACT": 0.42496146367704007, "MED_RENT": 0.2132285737639317, "Q_MOBILE": 1.2929162332816411, "Q_RENTER": -0.02766076980384384, "AGE_DEP": 1.368033094869965, "MED_AGE": 0.079057035632679268, "PCT_URBAN": -1.3265962575458641, "NO_VEH": 0.43932841273216611, "Q_SERV": -0.076923255088369044, "COUNTYFP": "017", "ALAND": 5186478154.0, "Ii": -0.096241612757512141, "NAME": "9679", "RC4": 2.7109202735536302, "HOSP_PC": 2.880430163769367, "PRED_NURS_PC": 2.6731441679739412, "AWATER": 4985663.0, "Q_TRANS": -1.040171639307139, "NAMELSAD": "Census Tract 9679", "RC8": -0.03067118464368028, "RC1": -0.94077262711518861, "STATEFP": "56", "NO_HS": -0.37022233607720301, "MTFCC": "G5020", "PRED_BRATE": 0.59016444107238453, "SoVI": 0.65099736371576922, "PRED_PCT_GOP": 0.84399694246366885, "Q_MINOR": -0.38559521484272907, "lag_sovi": -1.4690738384896049, "Area_miles": null, "RC3": 0.00071598010868709205, "Q_GRP_QTR": -0.19394821473164081, "GEOIDFQ": "1400000US56017967900", "PRED_GDP_PC": 0.10489919662185671, "FUNCSTAT": "S", "RC10": -0.14434788250026201, "GISJOIN": "G5600170967900", "NAME_E": "Census Tract 9679, Hot Springs County, Wyoming", "COUNTY": "Hot Springs County", "INTPTLON": "-108.4350765", "RC2": -0.32542327272114341, "RC9": 0.58538867023878227, "AVG_HH_SZ": -0.1685910647077809, "ESL_PCT": -0.56770345295787017, "INTPTLAT": "+43.7202092", "Q_POV": -0.15970048101790099, "FEM_LBR": -0.73370792882006408, "GEOID": "56017967900", "RC7": 0.039583592585500232, "quadrant": "High Vulnerability & High Wildfire Risk", "RC6": 1.0694304540311339, "PRED_PHYS_PC": 1.0269528536167749, "PRED_FARM_VAL": -1.1224018675770471, "P.Ii": 0.21131757857759589, "cluster": "Not Significant", "TRACTFIPS": "56017967900", "SOVI_SCORE": 77.9156548, "SOVI_RATNG": "Relatively High", "WFIR_RISKS": 95.328981009100005, "WFIR_RISKR": "Relatively Moderate", "WFIR_EALT": 94318.839405899998 }, "geometry": { "type": "Polygon", "coordinates": [ [ [ -109.312949, 43.813293 ], [ -109.310059, 43.806028 ], [ -109.300392, 43.804282 ], [ -109.296096, 43.801411 ], [ -109.288443, 43.801342 ], [ -109.28494, 43.803043 ], [ -109.278247, 43.79811 ], [ -109.274597, 43.796873 ], [ -109.274197, 43.794019 ], [ -109.26854, 43.781136 ], [ -109.262135, 43.774146 ], [ -109.256382, 43.773332 ], [ -109.247986, 43.770728 ], [ -109.245166, 43.766937 ], [ -109.234904, 43.76389 ], [ -109.233656, 43.762132 ], [ -109.228107, 43.756397 ], [ -109.222768, 43.747464 ], [ -109.216195, 43.741358 ], [ -109.208169, 43.730642 ], [ -109.206774, 43.723597 ], [ -109.200963, 43.719498 ], [ -109.196528, 43.711668 ], [ -109.190128, 43.709424 ], [ -109.182693, 43.70539 ], [ -109.182224, 43.703338 ], [ -109.171448, 43.699198 ], [ -109.171463, 43.624955 ], [ -109.171638, 43.619764 ], [ -109.125688, 43.619521 ], [ -109.008897, 43.619573 ], [ -109.000683, 43.619331 ], [ -108.951956, 43.619373 ], [ -108.934141, 43.619163 ], [ -108.933831, 43.604719 ], [ -108.894061, 43.604757 ], [ -108.875679, 43.604446 ], [ -108.848202, 43.605287 ], [ -108.814276, 43.605255 ], [ -108.814276, 43.575555 ], [ -108.774475, 43.575355 ], [ -108.694672, 43.575755 ], [ -108.695072, 43.532255 ], [ -108.683924, 43.53228 ], [ -108.576167, 43.532556 ], [ -108.576167, 43.503256 ], [ -108.456962, 43.503156 ], [ -108.456973, 43.474279 ], [ -108.375659, 43.473985 ], [ -108.33777, 43.474061 ], [ -108.337861, 43.459765 ], [ -108.250654, 43.459535 ], [ -108.175347, 43.459693 ], [ -108.156379, 43.459612 ], [ -108.156285, 43.470628 ], [ -108.12565, 43.47077 ], [ -108.010167, 43.47084 ], [ -107.934145, 43.470757 ], [ -107.875643, 43.471057 ], [ -107.750594, 43.471807 ], [ -107.625638, 43.472008 ], [ -107.595137, 43.472279 ], [ -107.595105, 43.501397 ], [ -107.595327, 43.610809 ], [ -107.595157, 43.646427 ], [ -107.628271, 43.646377 ], [ -107.716218, 43.645766 ], [ -107.715876, 43.733343 ], [ -107.73703, 43.733494 ], [ -107.75064, 43.733218 ], [ -107.875643, 43.733482 ], [ -107.956577, 43.733446 ], [ -107.956448, 43.818666 ], [ -108.000649, 43.818768 ], [ -108.002668, 43.81851 ], [ -108.077197, 43.818702 ], [ -108.173617, 43.818953 ], [ -108.176157, 43.822867 ], [ -108.185796, 43.823893 ], [ -108.19619, 43.828361 ], [ -108.197784, 43.82518 ], [ -108.201752, 43.82671 ], [ -108.19908, 43.831702 ], [ -108.193825, 43.834135 ], [ -108.192137, 43.839117 ], [ -108.188978, 43.841858 ], [ -108.185255, 43.848255 ], [ -108.191655, 43.847655 ], [ -108.216845, 43.847848 ], [ -108.229356, 43.847155 ], [ -108.250656, 43.846755 ], [ -108.309694, 43.846619 ], [ -108.309607, 43.872798 ], [ -108.310059, 43.874956 ], [ -108.30936, 43.903255 ], [ -108.429563, 43.903355 ], [ -108.427064, 43.992054 ], [ -108.489431, 43.991866 ], [ -108.489699, 44.000382 ], [ -108.490254, 44.07976 ], [ -108.550758, 44.079403 ], [ -108.655353, 44.079711 ], [ -108.659509, 44.079474 ], [ -108.689296, 44.07985 ], [ -108.728678, 44.079816 ], [ -108.750679, 44.079985 ], [ -108.792277, 44.079616 ], [ -108.79213, 43.999954 ], [ -108.791779, 43.991053 ], [ -108.875683, 43.991154 ], [ -108.915985, 43.990854 ], [ -108.912783, 43.904754 ], [ -109.000636, 43.904704 ], [ -109.006612, 43.905099 ], [ -109.092878, 43.904474 ], [ -109.093005, 43.874955 ], [ -109.092395, 43.838063 ], [ -109.093603, 43.817619 ], [ -109.133171, 43.816 ], [ -109.272548, 43.81612 ], [ -109.272587, 43.813551 ], [ -109.312949, 43.813293 ] ], [ [ -108.235658, 43.636425 ], [ -108.235441, 43.642749 ], [ -108.230873, 43.645435 ], [ -108.228373, 43.64977 ], [ -108.22566, 43.649574 ], [ -108.225553, 43.654969 ], [ -108.23067, 43.65506 ], [ -108.230356, 43.658552 ], [ -108.215599, 43.657849 ], [ -108.215526, 43.65357 ], [ -108.208904, 43.650529 ], [ -108.201816, 43.65047 ], [ -108.202368, 43.644314 ], [ -108.20408, 43.639593 ], [ -108.207682, 43.635921 ], [ -108.215864, 43.637325 ], [ -108.220797, 43.633964 ], [ -108.231275, 43.632442 ], [ -108.235658, 43.636425 ] ] ] } },
{ "type": "Feature", "properties": { "PRED_SS_PC": 0.54010532951601409, "PERCAP": 0.078816985119997046, "TRACTCE": "001301", "HLTH_INS": 0.17484478645661861, "Q_FEMALE": 0.52639089973790121, "RC5": -0.64331677832128775, "HOU_DEN": 2.127814163077935, "MED_VAL": 0.17855771878488469, "POP_CHG": -1.131170204413867, "LBR_FORCE": 0.37124549036519061, "SoVI_class": "-0.5 to 0.5 SD", "Q_UNEMP": 0.2373173067235117, "Q_EXTRACT": -0.91709822082965764, "MED_RENT": 0.21322731633675171, "Q_MOBILE": -0.93544926752693236, "Q_RENTER": 0.68045493717455818, "AGE_DEP": 0.016553421901449011, "MED_AGE": 0.079056965430119405, "PCT_URBAN": 0.92287987496125579, "NO_VEH": 1.3515426991117629, "Q_SERV": 0.94943289341522885, "COUNTYFP": "021", "ALAND": 1747662.0, "Ii": 0.095127742336372806, "NAME": "13.01", "RC4": -0.40774756200102868, "HOSP_PC": -0.39945578899327572, "PRED_NURS_PC": -0.74235282313330875, "AWATER": 0.0, "Q_TRANS": -0.59425107943745148, "NAMELSAD": "Census Tract 13.01", "RC8": 0.065453749978655135, "RC1": 1.1782784356336, "STATEFP": "56", "NO_HS": -1.185857698473201, "MTFCC": "G5020", "PRED_BRATE": -1.027643821354816, "SoVI": -0.42116732567815313, "PRED_PCT_GOP": -0.59145213888007941, "Q_MINOR": -0.42082287347648012, "lag_sovi": -2.2444631594998325, "Area_miles": null, "RC3": -0.51248674651168635, "Q_GRP_QTR": -0.33064598213857022, "GEOIDFQ": "1400000US56021001301", "PRED_GDP_PC": 0.22652308885436101, "FUNCSTAT": "S", "RC10": 0.99316073682280603, "GISJOIN": "G5600210001301", "NAME_E": "Census Tract 13.01, Laramie County, Wyoming", "COUNTY": "Laramie County", "INTPTLON": "-104.8193458", "RC2": -0.44313846489792103, "RC9": -0.053988121408417397, "AVG_HH_SZ": -0.81084273978504084, "ESL_PCT": -0.019665988556004189, "INTPTLAT": "+41.1684320", "Q_POV": 0.20285624667012769, "FEM_LBR": 0.56298433096525979, "GEOID": "56021001301", "RC7": 0.25570949994949749, "quadrant": "Low Vulnerability & Low Wildfire Risk", "RC6": 0.85309207492237082, "PRED_PHYS_PC": 1.04268156625824, "PRED_FARM_VAL": 0.70471122445945855, "P.Ii": 0.2154239028095972, "cluster": "Not Significant", "TRACTFIPS": "56021001301", "SOVI_SCORE": 32.39767814, "SOVI_RATNG": "Relatively Low", "WFIR_RISKS": 35.287122590499997, "WFIR_RISKR": "Very Low", "WFIR_EALT": 72.990792464799995 }, "geometry": { "type": "Polygon", "coordinates": [ [ [ -104.828597, 41.174907 ], [ -104.828671, 41.164087 ], [ -104.814848, 41.163879 ], [ -104.809176, 41.160325 ], [ -104.809058, 41.171195 ], [ -104.81854, 41.171238 ], [ -104.818509, 41.174858 ], [ -104.828597, 41.174907 ] ] ] } },
{ "type": "Feature", "properties": { "PRED_SS_PC": -0.064480090402883522, "PERCAP": 0.078881531172484101, "TRACTCE": "000502", "HLTH_INS": 0.2203696533512175, "Q_FEMALE": -0.76206998009860449, "RC5": -0.1030044134816588, "HOU_DEN": 0.67519220948350622, "MED_VAL": 0.17903099239965381, "POP_CHG": -0.77911354016385115, "LBR_FORCE": -1.053382128421376, "SoVI_class": "-0.5 to 0.5 SD", "Q_UNEMP": -0.63780925328124383, "Q_EXTRACT": -0.62786121985838661, "MED_RENT": 0.21322749179170711, "Q_MOBILE": -0.8327231983407215, "Q_RENTER": -0.4820350151149852, "AGE_DEP": -0.092311085023294465, "MED_AGE": 0.079056868664428806, "PCT_URBAN": 0.88311093015640485, "NO_VEH": 0.40433326705467632, "Q_SERV": 1.009303668744604, "COUNTYFP": "021", "ALAND": 2967272.0, "Ii": -0.03426938642982176, "NAME": "5.02", "RC4": 0.80499834852567287, "HOSP_PC": -0.39945578899327572, "PRED_NURS_PC": 0.79650561411083654, "AWATER": 0.0, "Q_TRANS": -0.64379780831186117, "NAMELSAD": "Census Tract 5.02", "RC8": 0.75441795725303984, "RC1": 1.649712604108712, "STATEFP": "56", "NO_HS": -0.54807051654695671, "MTFCC": "G5020", "PRED_BRATE": 0.71798046776719837, "SoVI": -0.51028045204471117, "PRED_PCT_GOP": 0.044614066398340542, "Q_MINOR": 1.3857254608883649, "lag_sovi": 0.66735567786303462, "Area_miles": null, "RC3": -0.56668339848009652, "Q_GRP_QTR": -0.35621174230522579, "GEOIDFQ": "1400000US56021000502", "PRED_GDP_PC": 0.19789904249997681, "FUNCSTAT": "S", "RC10": -1.72938132104301, "GISJOIN": "G5600210000502", "NAME_E": "Census Tract 5.02, Laramie County, Wyoming", "COUNTY": "Laramie County", "INTPTLON": "-104.7391280", "RC2": 0.045048496146705218, "RC9": -0.71158459239212501, "AVG_HH_SZ": 0.78082445497164776, "ESL_PCT": -0.114377645584577, "INTPTLAT": "+41.1392502", "Q_POV": 0.54868373650728453, "FEM_LBR": -1.5718297231984271, "GEOID": "56021000502", "RC7": 0.31522036428568462, "quadrant": "Low Vulnerability & Low Wildfire Risk", "RC6": 0.9690244969676356, "PRED_PHYS_PC": 0.047768235967770453, "PRED_FARM_VAL": 0.70471122445945855, "P.Ii": 0.71427070004140136, "cluster": "Not Significant", "TRACTFIPS": "56021000502", "SOVI_SCORE": 9.209856068000001, "SOVI_RATNG": "Very Low", "WFIR_RISKS": 62.628280594099998, "WFIR_RISKR": "Very Low", "WFIR_EALT": 884.24954126399996 }, "geometry": { "type": "Polygon", "coordinates": [ [ [ -104.749388, 41.145438 ], [ -104.751152, 41.140859 ], [ -104.75166, 41.128293 ], [ -104.746057, 41.129755 ], [ -104.715803, 41.145152 ], [ -104.732507, 41.145366 ], [ -104.749388, 41.145438 ] ] ] } },
{ "type": "Feature", "properties": { "PRED_SS_PC": 1.227038777272041, "PERCAP": 0.078882157280577014, "TRACTCE": "000601", "HLTH_INS": -0.21836337820814999, "Q_FEMALE": 0.1747761317073252, "RC5": -0.92551583413805683, "HOU_DEN": 3.556510126532368, "MED_VAL": 0.17797450139027809, "POP_CHG": 2.047445881399796, "LBR_FORCE": 0.90467717477264842, "SoVI_class": "> 1 SD", "Q_UNEMP": 1.6472434311756179, "Q_EXTRACT": -0.90552874079080681, "MED_RENT": 0.2132267972825089, "Q_MOBILE": -0.93544926752693236, "Q_RENTER": -0.37581765906822512, "AGE_DEP": -0.88320927713491981, "MED_AGE": 0.079056804153968388, "PCT_URBAN": 0.92287987496125579, "NO_VEH": -0.76187615534087949, "Q_SERV": 0.966538829223621, "COUNTYFP": "021", "ALAND": 1275298.0, "Ii": 0.073494911252266482, "NAME": "6.01", "RC4": -0.95101962015787, "HOSP_PC": -0.39945578899327572, "PRED_NURS_PC": -1.0469495550947829, "AWATER": 0.0, "Q_TRANS": 1.4371648044133469, "NAMELSAD": "Census Tract 6.01", "RC8": 0.6945046212817001, "RC1": 0.87223020698109865, "STATEFP": "56", "NO_HS": -0.47605423863424118, "MTFCC": "G5020", "PRED_BRATE": 0.25753920701676242, "SoVI": 3.311391145661319, "PRED_PCT_GOP": -0.82431927071680033, "Q_MINOR": -0.45229260779262431, "lag_sovi": 0.22054984112656181, "Area_miles": null, "RC3": 0.46870931944775318, "Q_GRP_QTR": -0.31913199088704319, "GEOIDFQ": "1400000US56021000601", "PRED_GDP_PC": 0.0079340181624482677, "FUNCSTAT": "S", "RC10": -0.081430958003880421, "GISJOIN": "G5600210000601", "NAME_E": "Census Tract 6.01, Laramie County, Wyoming", "COUNTY": "Laramie County", "INTPTLON": "-104.7901804", "RC2": -1.418279936754016, "RC9": 1.791311647299898, "AVG_HH_SZ": 0.44573662449655532, "ESL_PCT": -0.13758056350854239, "INTPTLAT": "+41.1385955", "Q_POV": -0.48699871280919171, "FEM_LBR": 0.34487495274477792, "GEOID": "56021000601", "RC7": 0.1824370749882655, "quadrant": "High Vulnerability & Low Wildfire Risk", "RC6": -2.6784446247164269, "PRED_PHYS_PC": -1.6140114275132149, "PRED_FARM_VAL": 0.70471122445945855, "P.Ii": 0.86218209004520519, "cluster": "Not Significant", "TRACTFIPS": "56021000601", "SOVI_SCORE": 31.78878161, "SOVI_RATNG": "Relatively Low", "WFIR_RISKS": 0.0, "WFIR_RISKR": "No Rating", "WFIR_EALT": 0.0 }, "geometry": { "type": "Polygon", "coordinates": [ [ [ -104.800218, 41.14586 ], [ -104.793474, 41.135583 ], [ -104.793787, 41.134224 ], [ -104.789944, 41.132502 ], [ -104.78007, 41.132495 ], [ -104.779963, 41.136567 ], [ -104.785297, 41.136607 ], [ -104.785264, 41.140219 ], [ -104.790029, 41.140234 ], [ -104.790011, 41.145826 ], [ -104.800218, 41.14586 ] ] ] } },
{ "type": "Feature", "properties": { "PRED_SS_PC": 1.307722025607849, "PERCAP": 0.078906746252953033, "TRACTCE": "000701", "HLTH_INS": 0.2170937302160682, "Q_FEMALE": 2.071850203147322, "RC5": -0.55942455168613014, "HOU_DEN": 2.2641746693552882, "MED_VAL": 0.17840912289494809, "POP_CHG": 0.26887164071304198, "LBR_FORCE": 0.88888672550233472, "SoVI_class": "0.5 to 1 SD", "Q_UNEMP": 1.0638257245057809, "Q_EXTRACT": -0.91709822082965764, "MED_RENT": 0.21322687769936341, "Q_MOBILE": -0.86433121962878645, "Q_RENTER": 2.1615969576043841, "AGE_DEP": -0.75950994585862475, "MED_AGE": 0.079056690311979427, "PCT_URBAN": 0.92287987496125579, "NO_VEH": 0.23241305660663689, "Q_SERV": -0.10258215880095869, "COUNTYFP": "021", "ALAND": 2003629.0, "Ii": 0.64685561676090952, "NAME": "7.01", "RC4": -1.344115169590594, "HOSP_PC": -0.39945578899327572, "PRED_NURS_PC": -1.0469495550947829, "AWATER": 1620.0, "Q_TRANS": -0.074010426256149522, "NAMELSAD": "Census Tract 7.01", "RC8": -0.26733140886596413, "RC1": 0.083618367696030149, "STATEFP": "56", "NO_HS": 0.82068282817481919, "MTFCC": "G5020", "PRED_BRATE": -1.5199869682541001, "SoVI": 2.1633074597589368, "PRED_PCT_GOP": -0.1638622871459407, "Q_MINOR": -0.49342744465775717, "lag_sovi": 2.9713175514897303, "Area_miles": null, "RC3": 0.036740023014857591, "Q_GRP_QTR": -0.35174261972374993, "GEOIDFQ": "1400000US56021000701", "PRED_GDP_PC": -0.41762758956032597, "FUNCSTAT": "S", "RC10": 2.1364512151830888, "GISJOIN": "G5600210000701", "NAME_E": "Census Tract 7.01, Laramie County, Wyoming", "COUNTY": "Laramie County", "INTPTLON": "-104.8055462", "RC2": -0.82367418569346662, "RC9": 2.13124140209709, "AVG_HH_SZ": -0.86669071153088961, "ESL_PCT": -0.71676894288916393, "INTPTLAT": "+41.1402148", "Q_POV": 0.86065877125279877, "FEM_LBR": 2.9640111257964739, "GEOID": "56021000701", "RC7": 0.52976866075119045, "quadrant": "High Vulnerability & Low Wildfire Risk", "RC6": -0.24003310685283369, "PRED_PHYS_PC": 0.60802656170867786, "PRED_FARM_VAL": 0.70471122445945855, "P.Ii": 0.01860211560687627, "cluster": "High-High", "TRACTFIPS": "56021000701", "SOVI_SCORE": 89.32476456000001, "SOVI_RATNG": "Very High", "WFIR_RISKS": 36.749788924199997, "WFIR_RISKR": "Very Low", "WFIR_EALT": 52.466131027400003 }, "geometry": { "type": "Polygon", "coordinates": [ [ [ -104.818311, 41.145965 ], [ -104.815406, 41.141476 ], [ -104.810023, 41.133138 ], [ -104.803549, 41.134928 ], [ -104.795011, 41.132439 ], [ -104.793787, 41.134224 ], [ -104.793474, 41.135583 ], [ -104.800218, 41.14586 ], [ -104.809391, 41.145921 ], [ -104.818311, 41.145965 ] ] ] } },
{ "type": "Feature", "properties": { "PRED_SS_PC": -0.38397420641187219, "PERCAP": 0.079062647168087127, "TRACTCE": "955202", "HLTH_INS": 0.52560344162342998, "Q_FEMALE": -0.0023636712409060181, "RC5": 0.052434884626799197, "HOU_DEN": -0.48173998281839231, "MED_VAL": 0.17873465955556059, "POP_CHG": 1.0738888133137421, "LBR_FORCE": -0.94948005044855999, "SoVI_class": "-0.5 to 0.5 SD", "Q_UNEMP": -0.29748225772383891, "Q_EXTRACT": -0.095665138071247824, "MED_RENT": 0.21322466989117539, "Q_MOBILE": 0.12341944562324091, "Q_RENTER": -0.45843115821570518, "AGE_DEP": 0.56815414723699365, "MED_AGE": 0.079056984403784239, "PCT_URBAN": 0.1986309038462345, "NO_VEH": 0.24564462539742599, "Q_SERV": 0.27374842898369378, "COUNTYFP": "019", "ALAND": 42651391.0, "Ii": -0.11330644552581536, "NAME": "9552.02", "RC4": 1.5919783211301439, "HOSP_PC": 1.1893637823766461, "PRED_NURS_PC": 1.7270092464526809, "AWATER": 63934.0, "Q_TRANS": -1.040171639307139, "NAMELSAD": "Census Tract 9552.02", "RC8": -0.59858116677041084, "RC1": 0.25909489734155883, "STATEFP": "56", "NO_HS": -0.25786347075933652, "MTFCC": "G5020", "PRED_BRATE": -1.392896937049998, "SoVI": 0.27946603830682648, "PRED_PCT_GOP": 0.30913452660616059, "Q_MINOR": -0.65223369519264585, "lag_sovi": -4.0288912046771159, "Area_miles": null, "RC3": -0.33734213879818642, "Q_GRP_QTR": 0.026975791103522519, "GEOIDFQ": "1400000US56019955202", "PRED_GDP_PC": -0.79900767926629557, "FUNCSTAT": "S", "RC10": 0.41733836665585899, "GISJOIN": "G5600190955202", "NAME_E": "Census Tract 9552.02, Johnson County, Wyoming", "COUNTY": "Johnson County", "INTPTLON": "-106.7271016", "RC2": -0.58053014620140575, "RC9": -0.30599835118960522, "AVG_HH_SZ": -0.69914679629334342, "ESL_PCT": -0.52547490424652032, "INTPTLAT": "+44.3676636", "Q_POV": -0.24618330553481299, "FEM_LBR": -0.62257843051145789, "GEOID": "56019955202", "RC7": 0.41296684922533572, "quadrant": "High Vulnerability & High Wildfire Risk", "RC6": 0.6318954777132616, "PRED_PHYS_PC": 1.373547412676944, "PRED_FARM_VAL": 0.70471122445945855, "P.Ii": 0.07079471578920038, "cluster": "Not Significant", "TRACTFIPS": "56019955202", "SOVI_SCORE": 57.85227744, "SOVI_RATNG": "Relatively Moderate", "WFIR_RISKS": 95.980640481400002, "WFIR_RISKR": "Relatively Moderate", "WFIR_EALT": 146568.72569699999 }, "geometry": { "type": "Polygon", "coordinates": [ [ [ -106.668912, 44.354126 ], [ -106.666047, 44.355351 ], [ -106.662865, 44.359584 ], [ -106.672213, 44.362558 ], [ -106.68327, 44.36915 ], [ -106.687732, 44.372941 ], [ -106.709088, 44.384611 ], [ -106.711781, 44.386803 ], [ -106.726864, 44.405162 ], [ -106.73919, 44.404989 ], [ -106.750047, 44.408724 ], [ -106.770249, 44.408984 ], [ -106.771692, 44.398646 ], [ -106.769922, 44.393884 ], [ -106.761932, 44.389968 ], [ -106.756961, 44.386091 ], [ -106.754759, 44.37844 ], [ -106.746098, 44.373998 ], [ -106.745117, 44.369362 ], [ -106.737974, 44.367586 ], [ -106.732897, 44.364263 ], [ -106.759988, 44.355845 ], [ -106.764029, 44.355536 ], [ -106.771337, 44.357506 ], [ -106.783176, 44.349033 ], [ -106.783392, 44.344134 ], [ -106.775417, 44.343124 ], [ -106.766502, 44.347003 ], [ -106.762189, 44.342761 ], [ -106.762942, 44.338827 ], [ -106.776024, 44.3365 ], [ -106.775101, 44.332246 ], [ -106.766156, 44.333234 ], [ -106.759684, 44.329708 ], [ -106.755946, 44.328971 ], [ -106.753937, 44.325298 ], [ -106.744498, 44.324705 ], [ -106.732702, 44.322535 ], [ -106.72391, 44.327413 ], [ -106.719838, 44.331605 ], [ -106.714734, 44.334079 ], [ -106.708873, 44.341293 ], [ -106.706276, 44.34282 ], [ -106.705736, 44.348264 ], [ -106.697835, 44.348818 ], [ -106.697472, 44.35421 ], [ -106.668912, 44.354126 ] ] ] } },
{ "type": "Feature", "properties": { "PRED_SS_PC": 0.43631875632688799, "PERCAP": 0.07895603803554016, "TRACTCE": "955201", "HLTH_INS": -0.01769533414657809, "Q_FEMALE": 0.55746078009866706, "RC5": -0.26516244271248618, "HOU_DEN": -0.46855542636049818, "MED_VAL": 0.17805867709671619, "POP_CHG": 0.513675261252588, "LBR_FORCE": 0.72128677954610942, "SoVI_class": "-1 to -0.5 SD", "Q_UNEMP": 0.43178987561345739, "Q_EXTRACT": -0.3964716190813698, "MED_RENT": 0.21322840561959949, "Q_MOBILE": -0.27168082047756997, "Q_RENTER": -0.34631283794412498, "AGE_DEP": 0.39907398154189488, "MED_AGE": 0.079057121014170978, "PCT_URBAN": 0.72009899514178932, "NO_VEH": -0.81280736915019436, "Q_SERV": 0.042818295570384371, "COUNTYFP": "019", "ALAND": 22935273.0, "Ii": 0.62799474244777231, "NAME": "9552.01", "RC4": -0.9525665724779856, "HOSP_PC": -0.39945578899327572, "PRED_NURS_PC": -1.0469495550947829, "AWATER": 134239.0, "Q_TRANS": -0.86675808824670486, "NAMELSAD": "Census Tract 9552.01", "RC8": -1.161829239775821, "RC1": -0.06823093368935243, "STATEFP": "56", "NO_HS": 0.084650975411220963, "MTFCC": "G5020", "PRED_BRATE": -0.26639089386563558, "SoVI": -2.2629203208491822, "PRED_PCT_GOP": 0.006572966924087236, "Q_MINOR": -0.72519303267352453, "lag_sovi": -2.7576980250991112, "Area_miles": null, "RC3": -0.02190424503337976, "Q_GRP_QTR": -0.2340114215086381, "GEOIDFQ": "1400000US56019955201", "PRED_GDP_PC": -0.040028554136617767, "FUNCSTAT": "S", "RC10": 0.42458588128126901, "GISJOIN": "G5600190955201", "NAME_E": "Census Tract 9552.01, Johnson County, Wyoming", "COUNTY": "Johnson County", "INTPTLON": "-106.6960300", "RC2": -0.29307903302456939, "RC9": 0.24992047450989291, "AVG_HH_SZ": -0.28028700819947722, "ESL_PCT": -0.70108949819196542, "INTPTLAT": "+44.3309073", "Q_POV": 0.059839984790377443, "FEM_LBR": 0.71463676247830465, "GEOID": "56019955201", "RC7": 0.36463906496839971, "quadrant": "Low Vulnerability & High Wildfire Risk", "RC6": 0.53929327489514856, "PRED_PHYS_PC": 0.94287391509326557, "PRED_FARM_VAL": 0.70471122445945855, "P.Ii": 0.21287997091727251, "cluster": "Not Significant", "TRACTFIPS": "56019955201", "SOVI_SCORE": 75.53041521, "SOVI_RATNG": "Relatively High", "WFIR_RISKS": 95.3266026899, "WFIR_RISKR": "Relatively Moderate", "WFIR_EALT": 96140.261108399995 }, "geometry": { "type": "Polygon", "coordinates": [ [ [ -106.732702, 44.322535 ], [ -106.738603, 44.32053 ], [ -106.740711, 44.318021 ], [ -106.747333, 44.317046 ], [ -106.750605, 44.313868 ], [ -106.75363, 44.308472 ], [ -106.751314, 44.301409 ], [ -106.746189, 44.301554 ], [ -106.742713, 44.299551 ], [ -106.740119, 44.295111 ], [ -106.729742, 44.298643 ], [ -106.722835, 44.30726 ], [ -106.721128, 44.306631 ], [ -106.722331, 44.299558 ], [ -106.719908, 44.29726 ], [ -106.716686, 44.301723 ], [ -106.705961, 44.309013 ], [ -106.70013, 44.311724 ], [ -106.697604, 44.310546 ], [ -106.68195, 44.310348 ], [ -106.681693, 44.313407 ], [ -106.67308, 44.316291 ], [ -106.673477, 44.318311 ], [ -106.668009, 44.324118 ], [ -106.668588, 44.327849 ], [ -106.667431, 44.33699 ], [ -106.674235, 44.340766 ], [ -106.671276, 44.343361 ], [ -106.675809, 44.348037 ], [ -106.675166, 44.352145 ], [ -106.668912, 44.354126 ], [ -106.697472, 44.35421 ], [ -106.697835, 44.348818 ], [ -106.705736, 44.348264 ], [ -106.706276, 44.34282 ], [ -106.708873, 44.341293 ], [ -106.714734, 44.334079 ], [ -106.719838, 44.331605 ], [ -106.72391, 44.327413 ], [ -106.732702, 44.322535 ] ] ] } },
{ "type": "Feature", "properties": { "PRED_SS_PC": -0.95447289688507597, "PERCAP": 0.078934124252288379, "TRACTCE": "001801", "HLTH_INS": 0.251033593699581, "Q_FEMALE": -0.0081423135291697462, "RC5": -0.31051365221902671, "HOU_DEN": -0.64749218373595885, "MED_VAL": 0.18001705067507121, "POP_CHG": -0.50895562036009123, "LBR_FORCE": -0.13219780580521381, "SoVI_class": "-0.5 to 0.5 SD", "Q_UNEMP": -1.123990675506108, "Q_EXTRACT": -0.70884758013034255, "MED_RENT": 0.21322561296156031, "Q_MOBILE": -0.63517306529031625, "Q_RENTER": -0.30500608837038468, "AGE_DEP": 0.30157484293826431, "MED_AGE": 0.079057035632679268, "PCT_URBAN": -0.52942365904140798, "NO_VEH": 0.31825633128016811, "Q_SERV": 0.32506623640887322, "COUNTYFP": "025", "ALAND": 1973876042.0, "Ii": -0.095075695078119221, "NAME": "18.01", "RC4": 4.0813202384742189, "HOSP_PC": 5.5365707442595893, "PRED_NURS_PC": 3.4610240946293471, "AWATER": 18746098.0, "Q_TRANS": -0.54470435056304167, "NAMELSAD": "Census Tract 18.01", "RC8": 0.75564082997752247, "RC1": -0.2081774083127233, "STATEFP": "56", "NO_HS": -1.1954217693723901, "MTFCC": "G5020", "PRED_BRATE": 0.01738979982303316, "SoVI": 1.201958799060769, "PRED_PCT_GOP": -0.29059140772286829, "Q_MINOR": 0.066438597516803075, "lag_sovi": -0.78603139146923218, "Area_miles": null, "RC3": 0.078245870764640416, "Q_GRP_QTR": -0.31338502304515942, "GEOIDFQ": "1400000US56025001801", "PRED_GDP_PC": -0.7137497719962107, "FUNCSTAT": "S", "RC10": -0.0074667723486566834, "GISJOIN": "G5600250001801", "NAME_E": "Census Tract 18.01, Natrona County, Wyoming", "COUNTY": "Natrona County", "INTPTLON": "-106.3715723", "RC2": -1.3874566293156541, "RC9": -0.1018148005616006, "AVG_HH_SZ": 0.13857277989438779, "ESL_PCT": -0.71676894288916393, "INTPTLAT": "+42.5862206", "Q_POV": -0.55352305738791518, "FEM_LBR": -0.52993767527695801, "GEOID": "56025001801", "RC7": -0.94400016072901638, "quadrant": "High Vulnerability & High Wildfire Risk", "RC6": 0.75381871666893407, "PRED_PHYS_PC": 0.37758937683948279, "PRED_FARM_VAL": -1.4259904193506749, "P.Ii": 0.50643736758439073, "cluster": "Not Significant", "TRACTFIPS": "56025001801", "SOVI_SCORE": 23.81981875, "SOVI_RATNG": "Relatively Low", "WFIR_RISKS": 98.385121234799996, "WFIR_RISKR": "Relatively High", "WFIR_EALT": 752288.6161 }, "geometry": { "type": "Polygon", "coordinates": [ [ [ -106.4524, 42.78403 ], [ -106.461643, 42.773172 ], [ -106.465795, 42.769435 ], [ -106.471894, 42.766108 ], [ -106.479303, 42.764033 ], [ -106.485585, 42.763517 ], [ -106.49219, 42.75543 ], [ -106.50016, 42.75146 ], [ -106.51386, 42.74727 ], [ -106.522434, 42.742999 ], [ -106.531312, 42.734498 ], [ -106.534154, 42.722285 ], [ -106.538957, 42.716605 ], [ -106.544227, 42.713061 ], [ -106.559426, 42.70803 ], [ -106.565389, 42.703732 ], [ -106.61423, 42.64375 ], [ -106.618812, 42.638411 ], [ -106.616147, 42.637215 ], [ -106.614695, 42.632575 ], [ -106.608431, 42.631897 ], [ -106.608244, 42.628037 ], [ -106.615579, 42.623512 ], [ -106.618999, 42.618433 ], [ -106.622672, 42.615299 ], [ -106.622138, 42.612821 ], [ -106.614381, 42.609255 ], [ -106.612538, 42.607162 ], [ -106.610375, 42.598357 ], [ -106.612252, 42.59323 ], [ -106.61451, 42.592666 ], [ -106.619639, 42.596927 ], [ -106.6217, 42.601141 ], [ -106.625592, 42.604207 ], [ -106.631081, 42.606048 ], [ -106.63483, 42.604222 ], [ -106.631665, 42.597829 ], [ -106.637997, 42.596957 ], [ -106.639642, 42.591697 ], [ -106.643159, 42.590239 ], [ -106.648445, 42.593756 ], [ -106.654031, 42.594791 ], [ -106.655327, 42.592516 ], [ -106.651912, 42.588094 ], [ -106.655406, 42.579155 ], [ -106.659788, 42.577406 ], [ -106.671091, 42.576064 ], [ -106.675985, 42.580044 ], [ -106.679095, 42.580888 ], [ -106.683967, 42.578631 ], [ -106.689748, 42.578846 ], [ -106.691949, 42.577283 ], [ -106.693901, 42.571347 ], [ -106.699709, 42.568928 ], [ -106.702553, 42.562898 ], [ -106.706453, 42.562225 ], [ -106.713725, 42.564404 ], [ -106.718165, 42.563491 ], [ -106.716413, 42.559851 ], [ -106.71093, 42.556046 ], [ -106.713172, 42.551933 ], [ -106.721159, 42.548482 ], [ -106.725522, 42.544128 ], [ -106.750597, 42.528488 ], [ -106.773005, 42.514835 ], [ -106.779603, 42.511408 ], [ -106.784661, 42.507406 ], [ -106.785825, 42.502052 ], [ -106.780541, 42.498903 ], [ -106.780172, 42.494764 ], [ -106.786088, 42.495795 ], [ -106.786311, 42.492396 ], [ -106.783122, 42.48934 ], [ -106.790083, 42.480105 ], [ -106.795244, 42.476195 ], [ -106.791847, 42.471003 ], [ -106.796052, 42.470831 ], [ -106.79889, 42.467322 ], [ -106.808096, 42.468053 ], [ -106.811277, 42.464669 ], [ -106.818226, 42.464983 ], [ -106.82153, 42.463699 ], [ -106.831475, 42.465014 ], [ -106.837435, 42.463977 ], [ -106.840177, 42.465069 ], [ -106.849112, 42.465254 ], [ -106.850826, 42.467753 ], [ -106.85725, 42.467537 ], [ -106.867714, 42.46372 ], [ -106.874915, 42.459628 ], [ -106.884778, 42.457629 ], [ -106.889103, 42.449209 ], [ -106.89452, 42.447506 ], [ -106.904659, 42.445686 ], [ -106.910928, 42.4396 ], [ -106.913401, 42.435937 ], [ -106.912864, 42.433195 ], [ -106.857051, 42.43287 ], [ -106.843886, 42.432471 ], [ -106.823415, 42.432467 ], [ -106.654781, 42.431094 ], [ -106.624983, 42.430488 ], [ -106.553455, 42.430641 ], [ -106.500586, 42.430875 ], [ -106.483974, 42.430718 ], [ -106.420608, 42.431761 ], [ -106.38081, 42.432275 ], [ -106.322186, 42.433236 ], [ -106.240133, 42.433445 ], [ -106.181012, 42.43339 ], [ -106.119185, 42.433165 ], [ -106.075852, 42.433218 ], [ -106.074795, 42.447525 ], [ -106.075259, 42.476274 ], [ -106.074807, 42.503131 ], [ -106.076569, 42.535765 ], [ -106.075969, 42.594765 ], [ -106.076139, 42.618016 ], [ -106.075769, 42.695265 ], [ -106.073669, 42.695365 ], [ -106.073669, 42.706165 ], [ -106.075669, 42.706165 ], [ -106.075669, 42.718464 ], [ -106.070569, 42.718565 ], [ -106.070669, 42.722065 ], [ -106.074369, 42.721965 ], [ -106.074369, 42.737665 ], [ -106.076169, 42.737665 ], [ -106.077069, 42.777965 ], [ -106.072669, 42.778165 ], [ -106.072904, 42.869747 ], [ -106.084526, 42.866691 ], [ -106.089189, 42.863743 ], [ -106.094559, 42.864118 ], [ -106.098686, 42.860081 ], [ -106.106735, 42.858065 ], [ -106.109476, 42.860209 ], [ -106.119217, 42.858728 ], [ -106.136843, 42.860232 ], [ -106.139852, 42.865798 ], [ -106.145078, 42.867929 ], [ -106.15409, 42.864069 ], [ -106.159709, 42.864336 ], [ -106.168171, 42.859919 ], [ -106.177536, 42.858967 ], [ -106.185237, 42.85517 ], [ -106.186891, 42.847068 ], [ -106.191091, 42.846518 ], [ -106.194952, 42.851063 ], [ -106.201561, 42.854858 ], [ -106.209326, 42.857341 ], [ -106.214897, 42.860399 ], [ -106.221671, 42.866805 ], [ -106.233632, 42.867152 ], [ -106.236806, 42.868146 ], [ -106.236881, 42.857383 ], [ -106.243426, 42.857702 ], [ -106.243519, 42.855278 ], [ -106.24713, 42.851736 ], [ -106.248846, 42.846402 ], [ -106.244677, 42.844665 ], [ -106.247442, 42.8416 ], [ -106.24541, 42.839342 ], [ -106.249129, 42.831193 ], [ -106.254079, 42.8241 ], [ -106.25826, 42.821256 ], [ -106.26567, 42.818592 ], [ -106.276956, 42.81237 ], [ -106.278816, 42.810468 ], [ -106.286683, 42.801569 ], [ -106.296048, 42.793061 ], [ -106.300237, 42.786729 ], [ -106.302224, 42.781503 ], [ -106.309361, 42.779489 ], [ -106.3093, 42.77318 ], [ -106.32123, 42.77388 ], [ -106.32643, 42.77586 ], [ -106.325232, 42.778726 ], [ -106.328581, 42.779964 ], [ -106.335337, 42.770856 ], [ -106.339225, 42.770159 ], [ -106.354504, 42.769505 ], [ -106.354488, 42.773166 ], [ -106.36111, 42.77299 ], [ -106.36114, 42.76706 ], [ -106.363795, 42.75902 ], [ -106.36306, 42.755638 ], [ -106.36859, 42.742219 ], [ -106.36812, 42.73551 ], [ -106.374157, 42.738128 ], [ -106.378238, 42.747039 ], [ -106.381126, 42.749964 ], [ -106.379236, 42.758168 ], [ -106.37877, 42.7676 ], [ -106.38779, 42.76953 ], [ -106.39417, 42.77663 ], [ -106.39511, 42.78273 ], [ -106.39424, 42.78924 ], [ -106.39546, 42.79101 ], [ -106.40497, 42.79171 ], [ -106.404043, 42.77515 ], [ -106.407385, 42.778464 ], [ -106.416385, 42.781564 ], [ -106.422485, 42.781968 ], [ -106.42936, 42.77953 ], [ -106.43911, 42.78173 ], [ -106.44004, 42.77662 ], [ -106.44899, 42.77767 ], [ -106.45205, 42.78025 ], [ -106.4524, 42.78403 ] ] ] } },
{ "type": "Feature", "properties": { "PRED_SS_PC": 0.4220435569045376, "PERCAP": 0.078915967117594049, "TRACTCE": "000601", "HLTH_INS": -0.089225142032984039, "Q_FEMALE": 0.29547706902905557, "RC5": -0.40667446393119988, "HOU_DEN": 0.36484878207925669, "MED_VAL": 0.17799597478477761, "POP_CHG": -0.48807191927493421, "LBR_FORCE": -0.30398764661927757, "SoVI_class": "-0.5 to 0.5 SD", "Q_UNEMP": 0.28593544894599821, "Q_EXTRACT": -0.61629173981953578, "MED_RENT": 0.213225912697109, "Q_MOBILE": -0.88803723559483516, "Q_RENTER": -0.38761958751786513, "AGE_DEP": 0.67358235052118576, "MED_AGE": 0.079056716875110192, "PCT_URBAN": 0.88077305030669462, "NO_VEH": -1.1209764186047111, "Q_SERV": 0.88956211808585195, "COUNTYFP": "025", "ALAND": 4193066.0, "Ii": 0.13136940738564296, "NAME": "6.01", "RC4": -0.2273566569767129, "HOSP_PC": -0.39945578899327572, "PRED_NURS_PC": -0.11754067045506141, "AWATER": 0.0, "Q_TRANS": -0.44561089281422239, "NAMELSAD": "Census Tract 6.01", "RC8": -0.46172973636548159, "RC1": 1.1400013360848771, "STATEFP": "56", "NO_HS": 0.29948792392268159, "MTFCC": "G5020", "PRED_BRATE": -1.1610428488624489, "SoVI": -0.8730148501757089, "PRED_PCT_GOP": -0.21763646995821051, "Q_MINOR": 0.34376389855222189, "lag_sovi": -1.495314594818751, "Area_miles": null, "RC3": -0.50989552135629368, "Q_GRP_QTR": -0.34087228620523252, "GEOIDFQ": "1400000US56025000601", "PRED_GDP_PC": -0.43685968332231279, "FUNCSTAT": "S", "RC10": -0.50297480071241141, "GISJOIN": "G5600250000601", "NAME_E": "Census Tract 6.01, Natrona County, Wyoming", "COUNTY": "Natrona County", "INTPTLON": "-106.3015176", "RC2": 0.0052689997295195454, "RC9": 0.2742635645676148, "AVG_HH_SZ": 0.36196466687778278, "ESL_PCT": -0.43858129517558742, "INTPTLAT": "+42.8180779", "Q_POV": 0.1578770896258655, "FEM_LBR": -0.22134119697198129, "GEOID": "56025000601", "RC7": 0.29760093157239281, "quadrant": "Low Vulnerability & High Wildfire Risk", "RC6": 0.48151850278801372, "PRED_PHYS_PC": 0.1419141318761831, "PRED_FARM_VAL": 0.70471122445945855, "P.Ii": 0.3377359653063996, "cluster": "Not Significant", "TRACTFIPS": "56025000601", "SOVI_SCORE": 44.54954688, "SOVI_RATNG": "Relatively Moderate", "WFIR_RISKS": 92.035008859200005, "WFIR_RISKR": "Relatively Moderate", "WFIR_EALT": 48335.988060999996 }, "geometry": { "type": "Polygon", "coordinates": [ [ [ -106.29795, 42.82808 ], [ -106.316, 42.82808 ], [ -106.31722, 42.82729 ], [ -106.31241, 42.81788 ], [ -106.31243, 42.80625 ], [ -106.306301, 42.806357 ], [ -106.29699, 42.80912 ], [ -106.28922, 42.81585 ], [ -106.285038, 42.818332 ], [ -106.2759, 42.82376 ], [ -106.280256, 42.824108 ], [ -106.297877, 42.820777 ], [ -106.29795, 42.82808 ] ] ] } },
{ "type": "Feature", "properties": { "PRED_SS_PC": -0.1122194463944069, "PERCAP": 0.078841403335620452, "TRACTCE": "000602", "HLTH_INS": -0.21761867028493251, "Q_FEMALE": -0.12096481427331331, "RC5": -0.51227090393812469, "HOU_DEN": 0.63550971881980978, "MED_VAL": 0.17790406865631969, "POP_CHG": -0.22883709642826791, "LBR_FORCE": 0.28013907468154658, "SoVI_class": "-0.5 to 0.5 SD", "Q_UNEMP": -0.054391546611406882, "Q_EXTRACT": -0.70884758013034255, "MED_RENT": 0.21322760876167729, "Q_MOBILE": -0.93544926752693236, "Q_RENTER": -0.32270898104484469, "AGE_DEP": -0.52696317091736755, "MED_AGE": 0.079056906611758446, "PCT_URBAN": 0.8646749782134574, "NO_VEH": -0.4750125537917248, "Q_SERV": -0.15389996622613811, "COUNTYFP": "025", "ALAND": 5712813.0, "Ii": -0.10654784676411588, "NAME": "6.02", "RC4": -0.54112448652500544, "HOSP_PC": -0.39945578899327572, "PRED_NURS_PC": -0.56476869733507518, "AWATER": 0.0, "Q_TRANS": 1.0160176089808639, "NAMELSAD": "Census Tract 6.02", "RC8": 0.5072201792599389, "RC1": 0.76853910616004006, "STATEFP": "56", "NO_HS": -0.19514738290923109, "MTFCC": "G5020", "PRED_BRATE": -0.26082369556751561, "SoVI": 0.98572680508612265, "PRED_PCT_GOP": 0.33072233004869689, "Q_MINOR": -0.4396200989822574, "lag_sovi": -1.074108302361974, "Area_miles": null, "RC3": -0.23460429905785951, "Q_GRP_QTR": -0.35621174230522579, "GEOIDFQ": "1400000US56025000602", "PRED_GDP_PC": 0.18818776675920121, "FUNCSTAT": "S", "RC10": 0.091546040569971676, "GISJOIN": "G5600250000602", "NAME_E": "Census Tract 6.02, Natrona County, Wyoming", "COUNTY": "Natrona County", "INTPTLON": "-106.3168648", "RC2": -0.037807351345709089, "RC9": -0.67960177094897678, "AVG_HH_SZ": -0.084819107089007195, "ESL_PCT": -0.15627234897736531, "INTPTLAT": "+42.8235625", "Q_POV": -0.77077421397507428, "FEM_LBR": -0.6184672426101715, "GEOID": "56025000602", "RC7": 0.68232295056072501, "quadrant": "High Vulnerability & Low Wildfire Risk", "RC6": -0.94150734035112238, "PRED_PHYS_PC": -0.88989199901340021, "PRED_FARM_VAL": 0.70471122445945855, "P.Ii": 0.36213553411562904, "cluster": "Not Significant", "TRACTFIPS": "56025000602", "SOVI_SCORE": 9.209856068000001, "SOVI_RATNG": "Very Low", "WFIR_RISKS": 88.557906127699994, "WFIR_RISKR": "Relatively Moderate", "WFIR_EALT": 31639.419654099998 }, "geometry": { "type": "Polygon", "coordinates": [ [ [ -106.322844, 42.834352 ], [ -106.322075, 42.831783 ], [ -106.32852, 42.82458 ], [ -106.331432, 42.813858 ], [ -106.33022, 42.80619 ], [ -106.31243, 42.80625 ], [ -106.31241, 42.81788 ], [ -106.31722, 42.82729 ], [ -106.316, 42.82808 ], [ -106.29795, 42.82808 ], [ -106.29788, 42.83888 ], [ -106.32375, 42.83857 ], [ -106.322844, 42.834352 ] ] ] } },
{ "type": "Feature", "properties": { "PRED_SS_PC": -1.1008563796544, "PERCAP": 0.079142789003979364, "TRACTCE": "962700", "HLTH_INS": 0.83297130397911034, "Q_FEMALE": 0.021605953930172891, "RC5": -0.088759723680796779, "HOU_DEN": -0.64185799388847464, "MED_VAL": 0.1789064467115567, "POP_CHG": -1.102244460514944, "LBR_FORCE": 0.90366465051995037, "SoVI_class": "< -1 SD", "Q_UNEMP": -0.83228182217118962, "Q_EXTRACT": -0.57001381966413245, "MED_RENT": -4.6605295529758362, "Q_MOBILE": 1.198092169417446, "Q_RENTER": -0.68856876298368586, "AGE_DEP": -0.25619395838480707, "MED_AGE": 0.079056993890616642, "PCT_URBAN": -0.55586207390726339, "NO_VEH": -0.91038253515059941, "Q_SERV": 0.11124203880395719, "COUNTYFP": "001", "ALAND": 629455100.0, "Ii": 0.014205156695041203, "NAME": "9627", "RC4": -0.95234828058261323, "HOSP_PC": -0.39945578899327572, "PRED_NURS_PC": -1.0469495550947829, "AWATER": 10116813.0, "Q_TRANS": -1.1888118259303679, "NAMELSAD": "Census Tract 9627", "RC8": -0.145275008159823, "RC1": -0.59153289358028749, "STATEFP": "56", "NO_HS": -0.78734544214252844, "MTFCC": "G5020", "PRED_BRATE": 0.49995364045130353, "SoVI": -9.2081437246272255, "PRED_PCT_GOP": -2.584752904032622, "Q_MINOR": -0.60905532605381774, "lag_sovi": -0.015329708682839616, "Area_miles": null, "RC3": -1.7174723638855871, "Q_GRP_QTR": -0.35621174230522579, "GEOIDFQ": "1400000US56001962700", "PRED_GDP_PC": -1.2213574108651311, "FUNCSTAT": "S", "RC10": -0.12956551186201939, "GISJOIN": "G5600010962700", "NAME_E": "Census Tract 9627, Albany County, Wyoming", "COUNTY": "Albany County", "INTPTLON": "-105.6324812", "RC2": 0.43797508500782922, "RC9": -0.8113726978908522, "AVG_HH_SZ": -0.25236302232655339, "ESL_PCT": -0.52338723267552634, "INTPTLAT": "+41.3021863", "Q_POV": -0.74510502302661863, "FEM_LBR": 0.56599524511352051, "GEOID": "56001962700", "RC7": -3.876198243808779, "quadrant": "Low Vulnerability & High Wildfire Risk", "RC6": 1.333594086184297, "PRED_PHYS_PC": 1.2162893509805921, "PRED_FARM_VAL": -1.532998722881596, "P.Ii": 0.95249123529875201, "cluster": "Not Significant", "TRACTFIPS": "56001962700", "SOVI_SCORE": 27.4033051, "SOVI_RATNG": "Relatively Low", "WFIR_RISKS": 95.625081754700005, "WFIR_RISKR": "Relatively Moderate", "WFIR_EALT": 164956.55023600001 }, "geometry": { "type": "Polygon", "coordinates": [ [ [ -105.457379, 41.316595 ], [ -105.454849, 41.317363 ], [ -105.443796, 41.327209 ], [ -105.451821, 41.328419 ], [ -105.456798, 41.326909 ], [ -105.459925, 41.328624 ], [ -105.459595, 41.334281 ], [ -105.465002, 41.338697 ], [ -105.468908, 41.347727 ], [ -105.46642, 41.351513 ], [ -105.47391, 41.357345 ], [ -105.47632, 41.362367 ], [ -105.488925, 41.372912 ], [ -105.496942, 41.380746 ], [ -105.50824, 41.388807 ], [ -105.508906, 41.390605 ], [ -105.51578, 41.390035 ], [ -105.521557, 41.393618 ], [ -105.52709, 41.39519 ], [ -105.527938, 41.400312 ], [ -105.523952, 41.413148 ], [ -105.51878, 41.42556 ], [ -105.574627, 41.42527 ], [ -105.592651, 41.42859 ], [ -105.597321, 41.441824 ], [ -105.614265, 41.453605 ], [ -105.623026, 41.454487 ], [ -105.620539, 41.449552 ], [ -105.640016, 41.451277 ], [ -105.649958, 41.45826 ], [ -105.663772, 41.463055 ], [ -105.668843, 41.4625 ], [ -105.676341, 41.469606 ], [ -105.680016, 41.471247 ], [ -105.686976, 41.470346 ], [ -105.695581, 41.471617 ], [ -105.698352, 41.468439 ], [ -105.703546, 41.474558 ], [ -105.70775, 41.473952 ], [ -105.712351, 41.477446 ], [ -105.715966, 41.474212 ], [ -105.720014, 41.474938 ], [ -105.726604, 41.473191 ], [ -105.727936, 41.476166 ], [ -105.732941, 41.473978 ], [ -105.732343, 41.469691 ], [ -105.729871, 41.466497 ], [ -105.733296, 41.463029 ], [ -105.73058, 41.458737 ], [ -105.733417, 41.457158 ], [ -105.738168, 41.449892 ], [ -105.74565, 41.447152 ], [ -105.751491, 41.448534 ], [ -105.75242, 41.442316 ], [ -105.754869, 41.442383 ], [ -105.758481, 41.438949 ], [ -105.760843, 41.440554 ], [ -105.766431, 41.439293 ], [ -105.771406, 41.439624 ], [ -105.774918, 41.437701 ], [ -105.780133, 41.43795 ], [ -105.78424, 41.43625 ], [ -105.790901, 41.436363 ], [ -105.79691, 41.434615 ], [ -105.805014, 41.42805 ], [ -105.81135, 41.424351 ], [ -105.815401, 41.423527 ], [ -105.82096, 41.419827 ], [ -105.823524, 41.415476 ], [ -105.82998, 41.412011 ], [ -105.833458, 41.411623 ], [ -105.835619, 41.408088 ], [ -105.814748, 41.383602 ], [ -105.810441, 41.380234 ], [ -105.779912, 41.36486 ], [ -105.772952, 41.362131 ], [ -105.745563, 41.354852 ], [ -105.737628, 41.350285 ], [ -105.729042, 41.348419 ], [ -105.720457, 41.342538 ], [ -105.710533, 41.327032 ], [ -105.714772, 41.323083 ], [ -105.720081, 41.314697 ], [ -105.722463, 41.314492 ], [ -105.731597, 41.308031 ], [ -105.730563, 41.304922 ], [ -105.731548, 41.280275 ], [ -105.73203, 41.238711 ], [ -105.767557, 41.217664 ], [ -105.773172, 41.214671 ], [ -105.769989, 41.20848 ], [ -105.767842, 41.164178 ], [ -105.766624, 41.132693 ], [ -105.765558, 41.132128 ], [ -105.747279, 41.132301 ], [ -105.728502, 41.144848 ], [ -105.711375, 41.159437 ], [ -105.702632, 41.164576 ], [ -105.698472, 41.170264 ], [ -105.698518, 41.175784 ], [ -105.697012, 41.179511 ], [ -105.688259, 41.187128 ], [ -105.669, 41.199988 ], [ -105.657868, 41.199471 ], [ -105.652396, 41.200088 ], [ -105.645712, 41.199387 ], [ -105.643164, 41.197595 ], [ -105.635939, 41.196367 ], [ -105.629834, 41.192782 ], [ -105.614784, 41.190185 ], [ -105.606468, 41.186153 ], [ -105.603034, 41.186624 ], [ -105.600281, 41.18987 ], [ -105.592836, 41.188665 ], [ -105.590583, 41.186093 ], [ -105.578067, 41.186123 ], [ -105.574154, 41.1875 ], [ -105.569545, 41.191287 ], [ -105.561327, 41.192363 ], [ -105.551538, 41.189948 ], [ -105.550311, 41.198601 ], [ -105.551179, 41.203139 ], [ -105.543982, 41.203943 ], [ -105.538276, 41.200625 ], [ -105.530469, 41.198899 ], [ -105.519174, 41.199837 ], [ -105.516144, 41.19872 ], [ -105.513615, 41.204721 ], [ -105.506001, 41.209264 ], [ -105.508626, 41.211707 ], [ -105.501958, 41.212976 ], [ -105.496319, 41.216909 ], [ -105.483784, 41.216314 ], [ -105.476883, 41.217825 ], [ -105.461209, 41.217946 ], [ -105.451797, 41.21621 ], [ -105.447778, 41.213743 ], [ -105.444926, 41.2074 ], [ -105.440607, 41.20713 ], [ -105.44143, 41.212161 ], [ -105.438434, 41.221143 ], [ -105.438759, 41.229102 ], [ -105.436949, 41.233189 ], [ -105.436233, 41.246305 ], [ -105.437693, 41.253097 ], [ -105.441583, 41.256468 ], [ -105.438101, 41.261684 ], [ -105.43739, 41.26647 ], [ -105.437952, 41.274601 ], [ -105.440214, 41.278354 ], [ -105.441596, 41.285474 ], [ -105.446856, 41.285042 ], [ -105.443349, 41.290504 ], [ -105.45458, 41.294118 ], [ -105.466087, 41.296517 ], [ -105.471095, 41.298916 ], [ -105.483185, 41.299825 ], [ -105.490943, 41.298162 ], [ -105.504432, 41.29647 ], [ -105.509153, 41.293271 ], [ -105.520522, 41.290912 ], [ -105.523558, 41.288759 ], [ -105.529842, 41.291061 ], [ -105.565395, 41.291126 ], [ -105.577426, 41.291903 ], [ -105.572013, 41.284581 ], [ -105.543011, 41.284405 ], [ -105.543003, 41.280764 ], [ -105.547015, 41.27769 ], [ -105.5506, 41.273043 ], [ -105.557147, 41.269929 ], [ -105.566919, 41.269757 ], [ -105.567067, 41.277278 ], [ -105.578258, 41.277392 ], [ -105.593157, 41.293082 ], [ -105.594662, 41.297432 ], [ -105.597714, 41.298212 ], [ -105.610452, 41.301755 ], [ -105.61397, 41.305272 ], [ -105.614365, 41.309045 ], [ -105.615622, 41.302557 ], [ -105.625195, 41.302393 ], [ -105.624692, 41.306066 ], [ -105.644109, 41.306164 ], [ -105.64621, 41.309747 ], [ -105.649465, 41.311269 ], [ -105.645413, 41.315199 ], [ -105.648001, 41.319932 ], [ -105.638715, 41.319599 ], [ -105.634837, 41.318066 ], [ -105.633852, 41.327717 ], [ -105.633895, 41.347154 ], [ -105.621183, 41.341367 ], [ -105.616751, 41.336285 ], [ -105.60301, 41.334375 ], [ -105.600913, 41.335776 ], [ -105.60271, 41.343501 ], [ -105.598795, 41.345607 ], [ -105.59391, 41.352673 ], [ -105.589049, 41.353466 ], [ -105.58701, 41.37537 ], [ -105.58011, 41.373033 ], [ -105.560354, 41.35341 ], [ -105.561804, 41.350244 ], [ -105.569074, 41.34395 ], [ -105.577261, 41.341998 ], [ -105.582884, 41.336221 ], [ -105.555882, 41.335703 ], [ -105.54135, 41.336979 ], [ -105.537738, 41.335867 ], [ -105.538048, 41.320771 ], [ -105.529793, 41.321062 ], [ -105.523986, 41.319178 ], [ -105.51813, 41.315623 ], [ -105.515737, 41.311869 ], [ -105.508514, 41.312667 ], [ -105.501958, 41.3147 ], [ -105.494756, 41.313878 ], [ -105.487963, 41.319623 ], [ -105.484383, 41.321089 ], [ -105.47106, 41.322352 ], [ -105.463837, 41.321302 ], [ -105.457379, 41.316595 ] ] ] } },
{ "type": "Feature", "properties": { "PRED_SS_PC": 0.68092099967187236, "PERCAP": 0.079136300247380137, "TRACTCE": "963000", "HLTH_INS": -0.10883278128380509, "Q_FEMALE": 1.230270372640629, "RC5": 0.58030463384117104, "HOU_DEN": -0.14164538745441491, "MED_VAL": 0.1780449341242365, "POP_CHG": -0.6889779638368444, "LBR_FORCE": 2.6982495711762762, "SoVI_class": "0.5 to 1 SD", "Q_UNEMP": 0.042844737833566057, "Q_EXTRACT": -0.60472225978068495, "MED_RENT": 0.21322461140619031, "Q_MOBILE": -0.72999712915451076, "Q_RENTER": 2.9110194141565251, "AGE_DEP": -3.32192149137741, "MED_AGE": 0.079056707388277775, "PCT_URBAN": 0.86611076120713293, "NO_VEH": 3.3424358897597659, "Q_SERV": 1.069174444073981, "COUNTYFP": "001", "ALAND": 8921882.0, "Ii": 0.022425089337586735, "NAME": "9630", "RC4": -1.0323889157453101, "HOSP_PC": -0.39945578899327572, "PRED_NURS_PC": -1.0469495550947829, "AWATER": 25626.0, "Q_TRANS": -1.263131919241983, "NAMELSAD": "Census Tract 9630", "RC8": 1.4292602910151979, "RC1": -0.01982173601828743, "STATEFP": "56", "NO_HS": -0.88843495953107221, "MTFCC": "G5020", "PRED_BRATE": -1.5199869682541001, "SoVI": 1.7319289279166801, "PRED_PCT_GOP": -2.0136240144368212, "Q_MINOR": -0.021211023694108121, "lag_sovi": 0.12866608255048906, "Area_miles": null, "RC3": 0.1484640674014974, "Q_GRP_QTR": 0.0052826084383456829, "GEOIDFQ": "1400000US56001963000", "PRED_GDP_PC": -0.53509352259333243, "FUNCSTAT": "S", "RC10": 2.565649471528916, "GISJOIN": "G5600010963000", "NAME_E": "Census Tract 9630, Albany County, Wyoming", "COUNTY": "Albany County", "INTPTLON": "-105.5756868", "RC2": -0.8356246280470816, "RC9": 1.547397263044259, "AVG_HH_SZ": -1.70441028771862, "ESL_PCT": -0.1609539448390776, "INTPTLAT": "+41.3490318", "Q_POV": 1.97262056864115, "FEM_LBR": 3.7808059132490199, "GEOID": "56001963000", "RC7": -1.221675577673659, "quadrant": "High Vulnerability & Low Wildfire Risk", "RC6": 1.4296359414300239, "PRED_PHYS_PC": 2.2321694540066308, "PRED_FARM_VAL": 0.70471122445945855, "P.Ii": 0.92025729683710578, "cluster": "Not Significant", "TRACTFIPS": "56001963000", "SOVI_SCORE": 20.83693656, "SOVI_RATNG": "Relatively Low", "WFIR_RISKS": 74.392636723600006, "WFIR_RISKR": "Relatively Low", "WFIR_EALT": 3006.5174407099998 }, "geometry": { "type": "Polygon", "coordinates": [ [ [ -105.598795, 41.345607 ], [ -105.596021, 41.340602 ], [ -105.59047, 41.340184 ], [ -105.591894, 41.327002 ], [ -105.595875, 41.326988 ], [ -105.595269, 41.322442 ], [ -105.59601, 41.314972 ], [ -105.590562, 41.314617 ], [ -105.590022, 41.320277 ], [ -105.584755, 41.319968 ], [ -105.584104, 41.325837 ], [ -105.581988, 41.331692 ], [ -105.582884, 41.336221 ], [ -105.577261, 41.341998 ], [ -105.569074, 41.34395 ], [ -105.561804, 41.350244 ], [ -105.560354, 41.35341 ], [ -105.58011, 41.373033 ], [ -105.58701, 41.37537 ], [ -105.589049, 41.353466 ], [ -105.59391, 41.352673 ], [ -105.598795, 41.345607 ] ] ] } },
{ "type": "Feature", "properties": { "PRED_SS_PC": -0.24827041744590289, "PERCAP": 0.078863829389130072, "TRACTCE": "000600", "HLTH_INS": 0.545171489386442, "Q_FEMALE": 0.4807908862253813, "RC5": 0.31694518385766279, "HOU_DEN": -0.64601799614901967, "MED_VAL": 0.1803022173540246, "POP_CHG": 0.087826870526384521, "LBR_FORCE": -0.75306385043485535, "SoVI_class": "-1 to -0.5 SD", "Q_UNEMP": -0.58919111105875754, "Q_EXTRACT": 0.043168622394962199, "MED_RENT": 0.21322570799966109, "Q_MOBILE": -0.4692309535279755, "Q_RENTER": -0.31680801682002491, "AGE_DEP": 0.87299434298973178, "MED_AGE": 0.079057062195810018, "PCT_URBAN": -0.9632594915421262, "NO_VEH": -1.0254612590665051, "Q_SERV": -0.68418397628632988, "COUNTYFP": "033", "ALAND": 2466239337.0, "Ii": 0.20184565064332999, "NAME": "6", "RC4": 0.043598432109818237, "HOSP_PC": -0.39945578899327572, "PRED_NURS_PC": 0.33305541832252811, "AWATER": 3180562.0, "Q_TRANS": 0.19849658255310401, "NAMELSAD": "Census Tract 6", "RC8": -0.99523352261758757, "RC1": -0.66056422639850176, "STATEFP": "56", "NO_HS": -0.93979479237064645, "MTFCC": "G5020", "PRED_BRATE": 0.51141480882544654, "SoVI": -2.4833849371632408, "PRED_PCT_GOP": 0.67086888347410567, "Q_MINOR": -0.89729173325653755, "lag_sovi": -0.80767253653950222, "Area_miles": null, "RC3": -0.62563758648320278, "Q_GRP_QTR": 0.17923868664040041, "GEOIDFQ": "1400000US56033000600", "PRED_GDP_PC": -0.64922476157412012, "FUNCSTAT": "S", "RC10": -0.23980935861716249, "GISJOIN": "G5600330000600", "NAME_E": "Census Tract 6, Sheridan County, Wyoming", "COUNTY": "Sheridan County", "INTPTLON": "-107.4379982", "RC2": -0.72287559177527816, "RC9": -0.44513322140520428, "AVG_HH_SZ": 0.1106487940214628, "ESL_PCT": -0.66455777147077999, "INTPTLAT": "+44.8342288", "Q_POV": -0.047620627382269028, "FEM_LBR": -0.69887038614408425, "GEOID": "56033000600", "RC7": 0.68892178564746631, "quadrant": "Low Vulnerability & High Wildfire Risk", "RC6": -0.1564031685187483, "PRED_PHYS_PC": -0.27722400761314259, "PRED_FARM_VAL": -0.84821751865824002, "P.Ii": 0.39547703863538858, "cluster": "Not Significant", "TRACTFIPS": "56033000600", "SOVI_SCORE": 85.92607949000001, "SOVI_RATNG": "Very High", "WFIR_RISKS": 98.977322725999997, "WFIR_RISKR": "Relatively High", "WFIR_EALT": 791495.06976700004 }, "geometry": { "type": "Polygon", "coordinates": [ [ [ -107.911523, 45.000678 ], [ -107.907349, 44.99573 ], [ -107.901674, 44.996742 ], [ -107.898802, 44.995774 ], [ -107.893515, 44.991109 ], [ -107.890435, 44.991865 ], [ -107.881662, 44.98546 ], [ -107.883583, 44.980916 ], [ -107.88075, 44.97488 ], [ -107.8766, 44.96274 ], [ -107.87721, 44.957563 ], [ -107.879506, 44.95337 ], [ -107.879279, 44.949667 ], [ -107.882358, 44.942448 ], [ -107.881863, 44.933425 ], [ -107.872117, 44.928471 ], [ -107.869341, 44.924799 ], [ -107.864327, 44.922698 ], [ -107.860271, 44.918751 ], [ -107.853777, 44.915708 ], [ -107.852402, 44.906942 ], [ -107.849518, 44.905672 ], [ -107.851581, 44.898685 ], [ -107.856079, 44.89502 ], [ -107.860997, 44.894281 ], [ -107.860766, 44.881691 ], [ -107.865018, 44.873639 ], [ -107.861751, 44.868508 ], [ -107.855021, 44.867477 ], [ -107.849762, 44.862279 ], [ -107.844276, 44.860044 ], [ -107.842608, 44.857587 ], [ -107.840598, 44.849847 ], [ -107.837323, 44.846539 ], [ -107.83178, 44.844995 ], [ -107.832908, 44.839746 ], [ -107.829373, 44.836555 ], [ -107.828173, 44.830745 ], [ -107.832153, 44.824944 ], [ -107.826212, 44.820505 ], [ -107.821562, 44.821172 ], [ -107.816465, 44.818495 ], [ -107.81817, 44.809224 ], [ -107.828065, 44.802926 ], [ -107.831622, 44.799787 ], [ -107.832319, 44.790161 ], [ -107.824967, 44.791797 ], [ -107.812827, 44.789316 ], [ -107.807342, 44.785716 ], [ -107.799823, 44.783503 ], [ -107.796922, 44.780484 ], [ -107.792899, 44.780137 ], [ -107.789626, 44.777111 ], [ -107.779039, 44.772328 ], [ -107.771227, 44.773654 ], [ -107.764817, 44.773451 ], [ -107.754388, 44.770591 ], [ -107.752136, 44.765627 ], [ -107.753493, 44.761698 ], [ -107.752105, 44.756559 ], [ -107.745572, 44.754332 ], [ -107.748949, 44.746042 ], [ -107.743554, 44.741476 ], [ -107.745785, 44.733469 ], [ -107.744462, 44.728989 ], [ -107.751034, 44.72299 ], [ -107.741543, 44.714352 ], [ -107.736442, 44.713379 ], [ -107.733975, 44.715321 ], [ -107.728028, 44.716415 ], [ -107.717502, 44.710649 ], [ -107.709144, 44.709173 ], [ -107.6979, 44.704964 ], [ -107.695854, 44.70808 ], [ -107.685549, 44.705513 ], [ -107.681123, 44.702894 ], [ -107.681361, 44.696537 ], [ -107.684412, 44.69314 ], [ -107.681224, 44.688198 ], [ -107.674715, 44.685128 ], [ -107.671158, 44.680248 ], [ -107.662506, 44.681574 ], [ -107.656235, 44.68424 ], [ -107.65511, 44.689266 ], [ -107.650707, 44.692314 ], [ -107.643326, 44.693281 ], [ -107.637887, 44.691376 ], [ -107.629597, 44.693234 ], [ -107.622585, 44.693041 ], [ -107.619669, 44.695629 ], [ -107.619704, 44.698813 ], [ -107.615891, 44.701297 ], [ -107.612184, 44.697941 ], [ -107.604667, 44.694957 ], [ -107.595719, 44.69502 ], [ -107.588481, 44.688307 ], [ -107.581081, 44.689753 ], [ -107.573689, 44.68299 ], [ -107.567647, 44.683275 ], [ -107.560207, 44.680819 ], [ -107.556621, 44.678596 ], [ -107.54881, 44.678437 ], [ -107.549576, 44.673518 ], [ -107.54787, 44.670679 ], [ -107.548919, 44.667015 ], [ -107.538999, 44.664934 ], [ -107.531926, 44.66642 ], [ -107.528279, 44.665584 ], [ -107.520732, 44.65949 ], [ -107.523062, 44.656221 ], [ -107.52908, 44.652393 ], [ -107.533829, 44.651136 ], [ -107.534643, 44.646548 ], [ -107.529591, 44.643916 ], [ -107.529886, 44.639363 ], [ -107.528157, 44.634782 ], [ -107.524028, 44.633004 ], [ -107.520002, 44.633909 ], [ -107.510898, 44.633697 ], [ -107.504625, 44.637675 ], [ -107.503356, 44.640044 ], [ -107.500171, 44.642098 ], [ -107.494862, 44.642029 ], [ -107.490615, 44.632866 ], [ -107.486046, 44.625563 ], [ -107.480016, 44.62219 ], [ -107.478735, 44.617882 ], [ -107.469473, 44.612276 ], [ -107.463761, 44.612096 ], [ -107.457387, 44.607744 ], [ -107.448174, 44.607392 ], [ -107.443127, 44.605583 ], [ -107.43277, 44.607747 ], [ -107.43518, 44.612037 ], [ -107.424972, 44.611478 ], [ -107.4225, 44.608508 ], [ -107.422791, 44.603517 ], [ -107.419343, 44.601026 ], [ -107.413159, 44.598864 ], [ -107.403391, 44.599807 ], [ -107.397209, 44.598627 ], [ -107.392902, 44.595963 ], [ -107.383472, 44.595354 ], [ -107.385161, 44.589769 ], [ -107.380756, 44.584574 ], [ -107.374869, 44.581981 ], [ -107.376618, 44.579995 ], [ -107.373008, 44.574287 ], [ -107.372905, 44.568 ], [ -107.369621, 44.559837 ], [ -107.345962, 44.559734 ], [ -107.296437, 44.559101 ], [ -107.299822, 44.563181 ], [ -107.301952, 44.568871 ], [ -107.299062, 44.577165 ], [ -107.295985, 44.579725 ], [ -107.297917, 44.585199 ], [ -107.29865, 44.598022 ], [ -107.29814, 44.60203 ], [ -107.300554, 44.603484 ], [ -107.300895, 44.60797 ], [ -107.293005, 44.622029 ], [ -107.289942, 44.623278 ], [ -107.285225, 44.62936 ], [ -107.277153, 44.630565 ], [ -107.274882, 44.629215 ], [ -107.269969, 44.630601 ], [ -107.266352, 44.63322 ], [ -107.263205, 44.641781 ], [ -107.266108, 44.647674 ], [ -107.263122, 44.650992 ], [ -107.256736, 44.652505 ], [ -107.255379, 44.65752 ], [ -107.245589, 44.663978 ], [ -107.238009, 44.666639 ], [ -107.236356, 44.669894 ], [ -107.22814, 44.669164 ], [ -107.2249, 44.673818 ], [ -107.212826, 44.682768 ], [ -107.209889, 44.682842 ], [ -107.204827, 44.685785 ], [ -107.201652, 44.685576 ], [ -107.197007, 44.689564 ], [ -107.197682, 44.691387 ], [ -107.181299, 44.702406 ], [ -107.174834, 44.705392 ], [ -107.165691, 44.706979 ], [ -107.161831, 44.708754 ], [ -107.150126, 44.718508 ], [ -107.144158, 44.728691 ], [ -107.145638, 44.731183 ], [ -107.144166, 44.736867 ], [ -107.138853, 44.738602 ], [ -107.13025, 44.74858 ], [ -107.12546, 44.75109 ], [ -107.1153, 44.75155 ], [ -107.1072, 44.75275 ], [ -107.099, 44.75504 ], [ -107.0912, 44.75572 ], [ -107.07454, 44.76359 ], [ -107.06693, 44.76584 ], [ -107.05567, 44.7677 ], [ -107.04903, 44.77099 ], [ -107.048262, 44.766601 ], [ -107.05122, 44.760649 ], [ -107.05074, 44.758015 ], [ -107.043011, 44.75079 ], [ -107.038943, 44.74829 ], [ -107.03904, 44.744678 ], [ -107.04754, 44.742371 ], [ -107.044046, 44.739606 ], [ -107.040974, 44.741308 ], [ -107.026482, 44.743952 ], [ -107.013432, 44.743657 ], [ -107.005328, 44.742692 ], [ -106.99977, 44.743562 ], [ -106.986828, 44.741638 ], [ -106.980485, 44.742003 ], [ -106.978475, 44.740358 ], [ -106.970376, 44.738138 ], [ -106.962532, 44.738521 ], [ -106.96211, 44.74804 ], [ -106.96244, 44.75835 ], [ -106.957589, 44.767321 ], [ -106.961901, 44.768427 ], [ -106.964931, 44.764556 ], [ -106.96546, 44.77729 ], [ -106.97438, 44.777223 ], [ -106.974045, 44.781158 ], [ -106.98, 44.787776 ], [ -106.977884, 44.789866 ], [ -106.978887, 44.79375 ], [ -106.986027, 44.79074 ], [ -106.991701, 44.79475 ], [ -106.983385, 44.795242 ], [ -106.983376, 44.802116 ], [ -106.985683, 44.806595 ], [ -106.988356, 44.806552 ], [ -106.98837, 44.81391 ], [ -106.985939, 44.821761 ], [ -106.98281, 44.822448 ], [ -106.97014, 44.82114 ], [ -106.9561, 44.82059 ], [ -106.94172, 44.82143 ], [ -106.94465, 44.82378 ], [ -106.98048, 44.84268 ], [ -106.98352, 44.84467 ], [ -106.98852, 44.85191 ], [ -106.99104, 44.86332 ], [ -106.994578, 44.871067 ], [ -107.005352, 44.884999 ], [ -107.00097, 44.8858 ], [ -106.99488, 44.88506 ], [ -106.98629, 44.88263 ], [ -106.98465, 44.88789 ], [ -106.98077, 44.88845 ], [ -106.96993, 44.88646 ], [ -106.95109, 44.88648 ], [ -106.9475, 44.8874 ], [ -106.94441, 44.89092 ], [ -106.94207, 44.917 ], [ -106.94421, 44.92257 ], [ -106.94256, 44.92511 ], [ -106.93553, 44.92875 ], [ -106.93512, 44.93545 ], [ -106.94341, 44.94612 ], [ -106.943602, 44.94882 ], [ -106.935732, 44.957397 ], [ -106.9323, 44.9653 ], [ -106.92982, 44.96861 ], [ -106.91747, 44.97938 ], [ -106.91454, 44.98395 ], [ -106.90759, 44.98643 ], [ -106.90141, 44.99341 ], [ -106.901595, 44.996007 ], [ -107.024373, 44.996437 ], [ -107.034676, 44.996309 ], [ -107.074565, 44.997095 ], [ -107.084886, 44.9966 ], [ -107.10543, 44.998501 ], [ -107.127418, 44.999837 ], [ -107.155618, 44.999938 ], [ -107.196598, 45.000453 ], [ -107.235182, 45.000575 ], [ -107.328822, 45.00107 ], [ -107.352735, 45.000882 ], [ -107.483747, 45.001426 ], [ -107.574377, 45.000932 ], [ -107.613219, 45.000618 ], [ -107.694379, 45.000634 ], [ -107.796063, 45.000682 ], [ -107.911523, 45.000678 ] ] ] } },
{ "type": "Feature", "properties": { "PRED_SS_PC": -0.50734791884254971, "PERCAP": 0.07895427354909651, "TRACTCE": "000100", "HLTH_INS": 0.27085661639335018, "Q_FEMALE": 1.414142512150065, "RC5": 0.35177183009716961, "HOU_DEN": 0.071220887954116407, "MED_VAL": 0.17866250895004229, "POP_CHG": 0.463734497177968, "LBR_FORCE": 0.049118135377493287, "SoVI_class": "-0.5 to 0.5 SD", "Q_UNEMP": -0.73504553772621684, "Q_EXTRACT": -0.38490213904251902, "MED_RENT": 0.21322470644429109, "Q_MOBILE": -0.13734673000329439, "Q_RENTER": -0.36991669484340489, "AGE_DEP": -0.0075167127009792556, "MED_AGE": 0.079056902817025487, "PCT_URBAN": 0.89555672221520366, "NO_VEH": 0.1298048702446111, "Q_SERV": 0.35927810802566018, "COUNTYFP": "033", "ALAND": 11975330.0, "Ii": 0.1430141439064086, "NAME": "1", "RC4": -0.56030815516028731, "HOSP_PC": -0.39945578899327572, "PRED_NURS_PC": -0.39447685778218627, "AWATER": 0.0, "Q_TRANS": -0.17310388400496879, "NAMELSAD": "Census Tract 1", "RC8": -1.0303496271798049, "RC1": 0.52134228571556129, "STATEFP": "56", "NO_HS": -1.060685597457014, "MTFCC": "G5020", "PRED_BRATE": -0.90045212999187696, "SoVI": -0.98868490080063021, "PRED_PCT_GOP": -0.25322223594255011, "Q_MINOR": -0.63385692901116286, "lag_sovi": -1.4374112901406688, "Area_miles": null, "RC3": -0.39940876323834951, "Q_GRP_QTR": 0.90737908187954641, "GEOIDFQ": "1400000US56033000100", "PRED_GDP_PC": -0.69819779434106133, "FUNCSTAT": "S", "RC10": 0.50813886284741738, "GISJOIN": "G5600330000100", "NAME_E": "Census Tract 1, Sheridan County, Wyoming", "COUNTY": "Sheridan County", "INTPTLON": "-106.9504538", "RC2": -0.7589283320243988, "RC9": -0.2846196795885827, "AVG_HH_SZ": -0.05689512121608345, "ESL_PCT": -0.40578187819625738, "INTPTLAT": "+44.7665479", "Q_POV": -0.1086898532283886, "FEM_LBR": 0.49788515748320439, "GEOID": "56033000100", "RC7": 0.41206739986318519, "quadrant": "Low Vulnerability & Low Wildfire Risk", "RC6": -0.25160927786745951, "PRED_PHYS_PC": 0.16875450744954371, "PRED_FARM_VAL": 0.70471122445945855, "P.Ii": 0.30094541631714744, "cluster": "Not Significant", "TRACTFIPS": "56033000100", "SOVI_SCORE": 9.209856068000001, "SOVI_RATNG": "Very Low", "WFIR_RISKS": 79.396620408399997, "WFIR_RISKR": "Relatively Low", "WFIR_EALT": 6847.8599763599996 }, "geometry": { "type": "Polygon", "coordinates": [ [ [ -106.94711, 44.79631 ], [ -106.94834, 44.78759 ], [ -106.95985, 44.78769 ], [ -106.95982, 44.78519 ], [ -106.96728, 44.78515 ], [ -106.96852, 44.7809 ], [ -106.96337, 44.7809 ], [ -106.96546, 44.77729 ], [ -106.964931, 44.764556 ], [ -106.961901, 44.768427 ], [ -106.957589, 44.767321 ], [ -106.96244, 44.75835 ], [ -106.96211, 44.74804 ], [ -106.962532, 44.738521 ], [ -106.962446, 44.730682 ], [ -106.953248, 44.734226 ], [ -106.94726, 44.73785 ], [ -106.94698, 44.74799 ], [ -106.93878, 44.749737 ], [ -106.940215, 44.754615 ], [ -106.93658, 44.762255 ], [ -106.93664, 44.79906 ], [ -106.94592, 44.79905 ], [ -106.94711, 44.79631 ] ] ] } },
{ "type": "Feature", "properties": { "PRED_SS_PC": 0.07348473535181127, "PERCAP": 0.079049271222465911, "TRACTCE": "000200", "HLTH_INS": 0.34350720912538008, "Q_FEMALE": 0.64863556158480429, "RC5": -0.025053892449953648, "HOU_DEN": 0.99656964936981662, "MED_VAL": 0.17874754359226031, "POP_CHG": 0.16713619794511331, "LBR_FORCE": 0.2575156927671734, "SoVI_class": "-0.5 to 0.5 SD", "Q_UNEMP": -0.29748225772383891, "Q_EXTRACT": -0.85925082063540348, "MED_RENT": 0.2132267607293932, "Q_MOBILE": -0.86433121962878645, "Q_RENTER": 0.82797904279505863, "AGE_DEP": -0.43459720428848281, "MED_AGE": 0.07905689333019307, "PCT_URBAN": 0.91174040788601163, "NO_VEH": 0.50751323722833297, "Q_SERV": 0.71850276000191926, "COUNTYFP": "033", "ALAND": 3519814.0, "Ii": 0.0022321761599674796, "NAME": "2", "RC4": -0.48578931663879921, "HOSP_PC": -0.39945578899327572, "PRED_NURS_PC": -0.55421567179812792, "AWATER": 0.0, "Q_TRANS": -0.24742397731658339, "NAMELSAD": "Census Tract 2", "RC8": -0.20693648699223219, "RC1": 0.69379765847877273, "STATEFP": "56", "NO_HS": -0.92794824062348158, "MTFCC": "G5020", "PRED_BRATE": -1.291909880585931, "SoVI": 0.1432032977868406, "PRED_PCT_GOP": -0.45325716786039433, "Q_MINOR": -0.70320230580096899, "lag_sovi": 0.15489429019239731, "Area_miles": null, "RC3": -0.37852094554925669, "Q_GRP_QTR": -0.32379814821625719, "GEOIDFQ": "1400000US56033000200", "PRED_GDP_PC": -0.44409053521750957, "FUNCSTAT": "S", "RC10": 1.1058797270251399, "GISJOIN": "G5600330000200", "NAME_E": "Census Tract 2, Sheridan County, Wyoming", "COUNTY": "Sheridan County", "INTPTLON": "-106.9650135", "RC2": -0.95686413535616521, "RC9": 0.149750633832271, "AVG_HH_SZ": -0.81084273978504084, "ESL_PCT": -0.71676894288916393, "INTPTLAT": "+44.7895424", "Q_POV": 0.82385350747383224, "FEM_LBR": 0.96137305486894997, "GEOID": "56033000200", "RC7": 0.29783867259119789, "quadrant": "High Vulnerability & Low Wildfire Risk", "RC6": 0.050898617154133782, "PRED_PHYS_PC": 0.72858913802799297, "PRED_FARM_VAL": 0.70471122445945855, "P.Ii": 0.93155793655079777, "cluster": "Not Significant", "TRACTFIPS": "56033000200", "SOVI_SCORE": 46.31996683, "SOVI_RATNG": "Relatively Moderate", "WFIR_RISKS": 61.046698298300001, "WFIR_RISKR": "Very Low", "WFIR_EALT": 562.40068855300001 }, "geometry": { "type": "Polygon", "coordinates": [ [ [ -106.978887, 44.79375 ], [ -106.977884, 44.789866 ], [ -106.98, 44.787776 ], [ -106.974045, 44.781158 ], [ -106.97438, 44.777223 ], [ -106.96546, 44.77729 ], [ -106.96337, 44.7809 ], [ -106.96852, 44.7809 ], [ -106.96728, 44.78515 ], [ -106.95982, 44.78519 ], [ -106.95985, 44.78769 ], [ -106.94834, 44.78759 ], [ -106.94711, 44.79631 ], [ -106.95715, 44.79725 ], [ -106.972244, 44.797359 ], [ -106.978887, 44.79375 ] ] ] } },
{ "type": "Feature", "properties": { "PRED_SS_PC": 2.2276842263550711, "PERCAP": 0.078657156799552888, "TRACTCE": "963500", "HLTH_INS": 0.37648394307749589, "Q_FEMALE": 0.21340901605154611, "RC5": 9.4067632113999107, "HOU_DEN": -0.11837385133704539, "MED_VAL": -5.5503194594067322, "POP_CHG": 0.40497078384516788, "LBR_FORCE": 0.1615138538289915, "SoVI_class": "> 1 SD", "Q_UNEMP": 1.5986252889531321, "Q_EXTRACT": -0.90552874079080681, "MED_RENT": 0.21322707508618821, "Q_MOBILE": -0.74580113979854312, "Q_RENTER": 4.2328354005162101, "AGE_DEP": -4.9028265984402033, "MED_AGE": 0.079056551804226202, "PCT_URBAN": 0.92287987496125579, "NO_VEH": 1.1354478079097181, "Q_SERV": 1.6764351652719429, "COUNTYFP": "001", "ALAND": 2187874.0, "Ii": 2.5864700826213078, "NAME": "9635", "RC4": 0.01281176578577237, "HOSP_PC": -0.39945578899327572, "PRED_NURS_PC": 0.20772110967460961, "AWATER": 0.0, "Q_TRANS": 0.074629760367079745, "NAMELSAD": "Census Tract 9635", "RC8": 0.31116222360915491, "RC1": -0.26824237137752982, "STATEFP": "56", "NO_HS": -1.3258072521056661, "MTFCC": "G5020", "PRED_BRATE": -1.5199869682541001, "SoVI": 12.470721263407841, "PRED_PCT_GOP": 1.223328845487194, "Q_MINOR": 0.1256583008645446, "lag_sovi": 2.0609898344329243, "Area_miles": null, "RC3": -0.47599920541099411, "Q_GRP_QTR": 10.570903982610011, "GEOIDFQ": "1400000US56001963500", "PRED_GDP_PC": -1.2213574108651311, "FUNCSTAT": "S", "RC10": 1.4631821525070861, "GISJOIN": "G5600010963500", "NAME_E": "Census Tract 9635, Albany County, Wyoming", "COUNTY": "Albany County", "INTPTLON": "-105.5691914", "RC2": -1.323293827444826, "RC9": 1.9368310815027689, "AVG_HH_SZ": -1.760258259464468, "ESL_PCT": 0.43750532248250967, "INTPTLAT": "+41.3143767", "Q_POV": 7.5323714587481767, "FEM_LBR": 0.90422645000758117, "GEOID": "56001963500", "RC7": 0.90363598343763984, "quadrant": "High Vulnerability & Low Wildfire Risk", "RC6": -0.5038702493988606, "PRED_PHYS_PC": 1.057153725771486, "PRED_FARM_VAL": 0.70471122445945855, "P.Ii": 0.1063396046415872, "cluster": "Not Significant", "TRACTFIPS": "56001963500", "SOVI_SCORE": 91.47426405, "SOVI_RATNG": "Very High", "WFIR_RISKS": 33.653217271400003, "WFIR_RISKR": "Very Low", "WFIR_EALT": 39.260386050199997 }, "geometry": { "type": "Polygon", "coordinates": [ [ [ -105.577099, 41.318562 ], [ -105.577114, 41.315718 ], [ -105.585174, 41.316198 ], [ -105.585641, 41.311497 ], [ -105.57792, 41.310064 ], [ -105.559806, 41.309141 ], [ -105.557511, 41.309052 ], [ -105.557669, 41.320728 ], [ -105.563035, 41.320697 ], [ -105.566542, 41.318964 ], [ -105.577099, 41.318562 ] ] ] } },
{ "type": "Feature", "properties": { "PRED_SS_PC": 0.6040583927436739, "PERCAP": 0.078809187228294469, "TRACTCE": "963700", "HLTH_INS": 0.90301069289257885, "Q_FEMALE": -0.57172144540910297, "RC5": 0.56981146097573565, "HOU_DEN": -0.25059530436891803, "MED_VAL": 0.17905761940883319, "POP_CHG": 0.01633257083952502, "LBR_FORCE": 0.79175204057628523, "SoVI_class": "0.5 to 1 SD", "Q_UNEMP": -0.63780925328124383, "Q_EXTRACT": -0.76669498032459671, "MED_RENT": 0.21322643906197511, "Q_MOBILE": -0.93544926752693236, "Q_RENTER": 1.819341032564822, "AGE_DEP": -1.3162858361670671, "MED_AGE": 0.0790566941067124, "PCT_URBAN": 0.85023461934813616, "NO_VEH": 0.2253932149344407, "Q_SERV": 0.79547947113968942, "COUNTYFP": "001", "ALAND": 32511383.0, "Ii": 0.27126020095534287, "NAME": "9637", "RC4": 0.25230734035294178, "HOSP_PC": 0.50863067537822992, "PRED_NURS_PC": -0.34415969789886602, "AWATER": 25228.0, "Q_TRANS": -1.0153982748699339, "NAMELSAD": "Census Tract 9637", "RC8": 1.4971831415390731, "RC1": 0.60854970550308607, "STATEFP": "56", "NO_HS": -0.96412426095030479, "MTFCC": "G5020", "PRED_BRATE": -1.004423026356015, "SoVI": 1.6830150681636209, "PRED_PCT_GOP": -0.86086529839262604, "Q_MINOR": 0.20005126515875341, "lag_sovi": 1.6016146679655301, "Area_miles": null, "RC3": 0.088136520210304076, "Q_GRP_QTR": -0.24202702895509881, "GEOIDFQ": "1400000US56001963700", "PRED_GDP_PC": 0.038032778935118118, "FUNCSTAT": "S", "RC10": 0.32326487302986318, "GISJOIN": "G5600010963700", "NAME_E": "Census Tract 9637, Albany County, Wyoming", "COUNTY": "Albany County", "INTPTLON": "-105.5236465", "RC2": -1.0558505117327781, "RC9": 0.31648560876016602, "AVG_HH_SZ": -0.81084273978504084, "ESL_PCT": 0.006131672979063002, "INTPTLAT": "+41.3018599", "Q_POV": 1.9354753790158219, "FEM_LBR": 0.045753040195100098, "GEOID": "56001963700", "RC7": 0.128409198734146, "quadrant": "High Vulnerability & High Wildfire Risk", "RC6": 1.045282269208917, "PRED_PHYS_PC": 1.424079514823541, "PRED_FARM_VAL": 0.70471122445945855, "P.Ii": 0.13976893252504391, "cluster": "Not Significant", "TRACTFIPS": "56001963700", "SOVI_SCORE": 61.85926672, "SOVI_RATNG": "Relatively High", "WFIR_RISKS": 94.385977429799993, "WFIR_RISKR": "Relatively Moderate", "WFIR_EALT": 82380.843564399998 }, "geometry": { "type": "Polygon", "coordinates": [ [ [ -105.59688, 41.306496 ], [ -105.597714, 41.298212 ], [ -105.594662, 41.297432 ], [ -105.593157, 41.293082 ], [ -105.578258, 41.277392 ], [ -105.567067, 41.277278 ], [ -105.566919, 41.269757 ], [ -105.557147, 41.269929 ], [ -105.5506, 41.273043 ], [ -105.547015, 41.27769 ], [ -105.543003, 41.280764 ], [ -105.543011, 41.284405 ], [ -105.572013, 41.284581 ], [ -105.577426, 41.291903 ], [ -105.565395, 41.291126 ], [ -105.529842, 41.291061 ], [ -105.523558, 41.288759 ], [ -105.520522, 41.290912 ], [ -105.509153, 41.293271 ], [ -105.504432, 41.29647 ], [ -105.490943, 41.298162 ], [ -105.483185, 41.299825 ], [ -105.471095, 41.298916 ], [ -105.466087, 41.296517 ], [ -105.45458, 41.294118 ], [ -105.443349, 41.290504 ], [ -105.446856, 41.285042 ], [ -105.441596, 41.285474 ], [ -105.44079, 41.290807 ], [ -105.445537, 41.295936 ], [ -105.450497, 41.296203 ], [ -105.452686, 41.298804 ], [ -105.44989, 41.307223 ], [ -105.452885, 41.307097 ], [ -105.459221, 41.310032 ], [ -105.457379, 41.316595 ], [ -105.463837, 41.321302 ], [ -105.47106, 41.322352 ], [ -105.484383, 41.321089 ], [ -105.487963, 41.319623 ], [ -105.494756, 41.313878 ], [ -105.501958, 41.3147 ], [ -105.508514, 41.312667 ], [ -105.515737, 41.311869 ], [ -105.51813, 41.315623 ], [ -105.523986, 41.319178 ], [ -105.529793, 41.321062 ], [ -105.538048, 41.320771 ], [ -105.557669, 41.320728 ], [ -105.557511, 41.309052 ], [ -105.559806, 41.309141 ], [ -105.560304, 41.304722 ], [ -105.568605, 41.304238 ], [ -105.573007, 41.30299 ], [ -105.587868, 41.303096 ], [ -105.593854, 41.301592 ], [ -105.594012, 41.307297 ], [ -105.59688, 41.306496 ] ] ] } },
{ "type": "Feature", "properties": { "PRED_SS_PC": 0.52292212182183084, "PERCAP": 0.078846469119281254, "TRACTCE": "962800", "HLTH_INS": -0.16938653307684859, "Q_FEMALE": 0.30872562161740752, "RC5": 0.18900129090746581, "HOU_DEN": -0.070123290797984572, "MED_VAL": 0.17822702850959229, "POP_CHG": -0.11357666462046449, "LBR_FORCE": 1.1943338032750559, "SoVI_class": "-0.5 to 0.5 SD", "Q_UNEMP": 0.33455359116848471, "Q_EXTRACT": -0.66256965997493911, "MED_RENT": 0.21322606622019499, "Q_MOBILE": 0.36047960528372719, "Q_RENTER": 0.42081251128247738, "AGE_DEP": -0.65798871991871399, "MED_AGE": 0.079056832614465625, "PCT_URBAN": 0.89235684760315981, "NO_VEH": -0.51667798203349447, "Q_SERV": 0.61586714515155938, "COUNTYFP": "001", "ALAND": 8178503.0, "Ii": 0.31630432172362588, "NAME": "9628", "RC4": -1.144932419521399, "HOSP_PC": -0.39945578899327572, "PRED_NURS_PC": -1.0469495550947829, "AWATER": 0.0, "Q_TRANS": -0.81721135937229517, "NAMELSAD": "Census Tract 9628", "RC8": -0.090365809175422127, "RC1": 0.29754549980679501, "STATEFP": "56", "NO_HS": -0.25467010202625923, "MTFCC": "G5020", "PRED_BRATE": -0.45006866040122923, "SoVI": -1.042668722526862, "PRED_PCT_GOP": -0.84018072632817231, "Q_MINOR": 0.32850918292363368, "lag_sovi": -3.0145239765366219, "Area_miles": null, "RC3": -0.11516671109860489, "Q_GRP_QTR": 0.43884601728311479, "GEOIDFQ": "1400000US56001962800", "PRED_GDP_PC": -0.52886303270973201, "FUNCSTAT": "S", "RC10": 0.33762362947338032, "GISJOIN": "G5600010962800", "NAME_E": "Census Tract 9628, Albany County, Wyoming", "COUNTY": "Albany County", "INTPTLON": "-105.6279544", "RC2": -0.1756922232620329, "RC9": 0.66362672468824824, "AVG_HH_SZ": -0.28028700819947722, "ESL_PCT": -0.60705577268511046, "INTPTLAT": "+41.3212371", "Q_POV": 0.081713059060298521, "FEM_LBR": 1.8397139435843071, "GEOID": "56001962800", "RC7": -0.37877607721938422, "quadrant": "Low Vulnerability & Low Wildfire Risk", "RC6": 0.62553262712590807, "PRED_PHYS_PC": 0.8980035682032308, "PRED_FARM_VAL": 0.70471122445945855, "P.Ii": 0.17513724306965631, "cluster": "Not Significant", "TRACTFIPS": "56001962800", "SOVI_SCORE": 39.83889119, "SOVI_RATNG": "Relatively Low", "WFIR_RISKS": 84.234121746200003, "WFIR_RISKR": "Relatively Low", "WFIR_EALT": 11190.9077402 }, "geometry": { "type": "Polygon", "coordinates": [ [ [ -105.616751, 41.336285 ], [ -105.621183, 41.341367 ], [ -105.633895, 41.347154 ], [ -105.633852, 41.327717 ], [ -105.634837, 41.318066 ], [ -105.638715, 41.319599 ], [ -105.648001, 41.319932 ], [ -105.645413, 41.315199 ], [ -105.649465, 41.311269 ], [ -105.64621, 41.309747 ], [ -105.644109, 41.306164 ], [ -105.624692, 41.306066 ], [ -105.625195, 41.302393 ], [ -105.615622, 41.302557 ], [ -105.614365, 41.309045 ], [ -105.616751, 41.336285 ] ] ] } },
{ "type": "Feature", "properties": { "PRED_SS_PC": 1.169251227756444, "PERCAP": 0.07884903047057043, "TRACTCE": "962900", "HLTH_INS": -0.091520341596139684, "Q_FEMALE": -0.34479944244378241, "RC5": 2.90472066282388, "HOU_DEN": -0.14687512221392129, "MED_VAL": -5.5503194594067322, "POP_CHG": -0.078377581618643194, "LBR_FORCE": 1.396283126759259, "SoVI_class": "> 1 SD", "Q_UNEMP": 1.258298293395727, "Q_EXTRACT": -0.83611186055770181, "MED_RENT": 0.213225912697109, "Q_MOBILE": 2.912827324294966, "Q_RENTER": 0.1080614073670166, "AGE_DEP": -1.498229533657105, "MED_AGE": 0.079056864869695834, "PCT_URBAN": 0.89517371731747297, "NO_VEH": 0.65804364606962995, "Q_SERV": 0.27374842898369378, "COUNTYFP": "001", "ALAND": 7266167.0, "Ii": -0.035331990199687281, "NAME": "9629", "RC4": -2.2178463384300748, "HOSP_PC": -0.39945578899327572, "PRED_NURS_PC": -1.0469495550947829, "AWATER": 14595.0, "Q_TRANS": 0.59487041354838188, "NAMELSAD": "Census Tract 9629", "RC8": -0.93533506617706319, "RC1": 0.57022240188710838, "STATEFP": "56", "NO_HS": 0.87182438359845116, "MTFCC": "G5020", "PRED_BRATE": -1.4741013288216649, "SoVI": 3.1790957715539818, "PRED_PCT_GOP": 1.223328845487194, "Q_MINOR": 2.2096418312543511, "lag_sovi": -0.11043950527374193, "Area_miles": null, "RC3": -0.37809022614792309, "Q_GRP_QTR": -0.35621174230522579, "GEOIDFQ": "1400000US56001962900", "PRED_GDP_PC": -1.2213574108651311, "FUNCSTAT": "S", "RC10": 1.005503745613147, "GISJOIN": "G5600010962900", "NAME_E": "Census Tract 9629, Albany County, Wyoming", "COUNTY": "Albany County", "INTPTLON": "-105.6039028", "RC2": 2.575343144622424, "RC9": -0.47811211697994221, "AVG_HH_SZ": -1.4810184007352249, "ESL_PCT": 1.5713840468724449, "INTPTLAT": "+41.3231036", "Q_POV": -0.026478657971895199, "FEM_LBR": 1.5918855762114359, "GEOID": "56001962900", "RC7": -0.022153768834632728, "quadrant": "High Vulnerability & Low Wildfire Risk", "RC6": -0.15484333317705959, "PRED_PHYS_PC": 0.40359689444707908, "PRED_FARM_VAL": 0.70471122445945855, "P.Ii": 0.94825074697288858, "cluster": "Not Significant", "TRACTFIPS": "56001962900", "SOVI_SCORE": 23.30154593, "SOVI_RATNG": "Relatively Low", "WFIR_RISKS": 82.149524930699997, "WFIR_RISKR": "Relatively Low", "WFIR_EALT": 9245.6733683000002 }, "geometry": { "type": "Polygon", "coordinates": [ [ [ -105.616751, 41.336285 ], [ -105.614365, 41.309045 ], [ -105.61397, 41.305272 ], [ -105.610452, 41.301755 ], [ -105.597714, 41.298212 ], [ -105.59688, 41.306496 ], [ -105.59601, 41.314972 ], [ -105.595269, 41.322442 ], [ -105.595875, 41.326988 ], [ -105.591894, 41.327002 ], [ -105.59047, 41.340184 ], [ -105.596021, 41.340602 ], [ -105.598795, 41.345607 ], [ -105.60271, 41.343501 ], [ -105.600913, 41.335776 ], [ -105.60301, 41.334375 ], [ -105.616751, 41.336285 ] ] ] } },
{ "type": "Feature", "properties": { "PRED_SS_PC": -0.86805408166354137, "PERCAP": 0.079257708298486745, "TRACTCE": "963900", "HLTH_INS": 0.97042055946753036, "Q_FEMALE": 0.3336246862083655, "RC5": 0.1407923278016705, "HOU_DEN": -0.64900561407007307, "MED_VAL": 0.1794501530602842, "POP_CHG": 2.2242867803044262, "LBR_FORCE": -1.245006748284158, "SoVI_class": "-1 to -0.5 SD", "Q_UNEMP": -0.4919548266137847, "Q_EXTRACT": 0.30926666328853158, "MED_RENT": 0.2132342541181107, "Q_MOBILE": -0.12944472468127821, "Q_RENTER": -1.2963680781401481, "AGE_DEP": 1.633510216068633, "MED_AGE": 0.079057210190395674, "PCT_URBAN": -1.3265962575458641, "NO_VEH": -0.97971047063744543, "Q_SERV": -0.7782666232324924, "COUNTYFP": "001", "ALAND": 10371430353.0, "Ii": 0.22892490384245123, "NAME": "9639", "RC4": 0.4970663758848255, "HOSP_PC": -0.39945578899327572, "PRED_NURS_PC": 0.74667706780187493, "AWATER": 79371785.0, "Q_TRANS": -0.47038425725142707, "NAMELSAD": "Census Tract 9639", "RC8": -2.0692718928752289, "RC1": -0.84853994282159972, "STATEFP": "56", "NO_HS": -0.88930801124764913, "MTFCC": "G5020", "PRED_BRATE": 0.82340295291965149, "SoVI": -2.2506900706113582, "PRED_PCT_GOP": 1.223328845487194, "Q_MINOR": 0.062164502855715002, "lag_sovi": -1.010735007637295, "Area_miles": null, "RC3": 1.1062826070451071, "Q_GRP_QTR": -0.34160009089523569, "GEOIDFQ": "1400000US56001963900", "PRED_GDP_PC": 1.633615047512198, "FUNCSTAT": "S", "RC10": -0.75884738179196098, "GISJOIN": "G5600010963900", "NAME_E": "Census Tract 9639, Albany County, Wyoming", "COUNTY": "Albany County", "INTPTLON": "-105.7218826", "RC2": -1.075355548850359, "RC9": -0.35592059849572483, "AVG_HH_SZ": 0.054800822275614038, "ESL_PCT": -0.36252557129810992, "INTPTLAT": "+41.6655141", "Q_POV": -0.41586803081542328, "FEM_LBR": -0.62722531073840615, "GEOID": "56001963900", "RC7": 0.92448879479908763, "quadrant": "Low Vulnerability & High Wildfire Risk", "RC6": -0.18861518869282509, "PRED_PHYS_PC": 0.36500931319814089, "PRED_FARM_VAL": -0.83041923044182953, "P.Ii": 0.31742749098721906, "cluster": "Not Significant", "TRACTFIPS": "56001963900", "SOVI_SCORE": 56.33003613, "SOVI_RATNG": "Relatively Moderate", "WFIR_RISKS": 98.190099056999998, "WFIR_RISKR": "Relatively High", "WFIR_EALT": 501189.263248 }, "geometry": { "type": "Polygon", "coordinates": [ [ [ -106.322742, 41.382647 ], [ -106.322844, 41.370721 ], [ -106.322532, 41.304397 ], [ -106.322905, 41.239642 ], [ -106.322544, 41.183985 ], [ -106.323025, 41.171654 ], [ -106.323242, 41.123125 ], [ -106.322497, 41.060821 ], [ -106.321165, 40.999123 ], [ -106.314218, 40.998923 ], [ -106.250377, 40.998283 ], [ -106.218013, 40.997737 ], [ -106.120679, 40.997236 ], [ -106.061181, 40.996999 ], [ -106.000562, 40.997251 ], [ -105.93206, 40.99714 ], [ -105.843402, 40.997047 ], [ -105.726441, 40.996836 ], [ -105.68162, 40.997055 ], [ -105.625474, 40.99715 ], [ -105.500547, 40.997595 ], [ -105.36355, 40.997874 ], [ -105.27686, 40.998172 ], [ -105.276837, 41.045683 ], [ -105.278738, 41.045582 ], [ -105.278926, 41.145984 ], [ -105.279861, 41.19073 ], [ -105.280202, 41.24085 ], [ -105.279977, 41.27057 ], [ -105.280674, 41.321433 ], [ -105.280431, 41.374978 ], [ -105.280201, 41.395378 ], [ -105.277599, 41.395473 ], [ -105.277999, 41.429249 ], [ -105.278378, 41.435128 ], [ -105.278513, 41.489893 ], [ -105.278358, 41.499976 ], [ -105.278641, 41.622615 ], [ -105.279076, 41.642276 ], [ -105.278236, 41.656655 ], [ -105.278043, 41.673554 ], [ -105.278303, 41.700965 ], [ -105.278973, 41.741995 ], [ -105.271809, 41.742029 ], [ -105.271933, 41.749973 ], [ -105.271678, 41.816565 ], [ -105.271433, 41.87279 ], [ -105.271515, 41.900486 ], [ -105.271965, 41.943305 ], [ -105.271746, 41.986095 ], [ -105.273344, 42.00716 ], [ -105.27375, 42.088824 ], [ -105.281139, 42.088888 ], [ -105.281416, 42.124822 ], [ -105.281329, 42.221756 ], [ -105.280944, 42.253688 ], [ -105.281354, 42.295172 ], [ -105.281442, 42.321518 ], [ -105.282074, 42.34799 ], [ -105.281919, 42.360665 ], [ -105.283757, 42.380567 ], [ -105.28391, 42.431402 ], [ -105.332638, 42.431106 ], [ -105.332486, 42.419104 ], [ -105.342101, 42.419065 ], [ -105.34206, 42.404929 ], [ -105.351964, 42.404892 ], [ -105.352229, 42.376393 ], [ -105.361737, 42.376319 ], [ -105.360831, 42.333529 ], [ -105.358592, 42.319265 ], [ -105.378682, 42.319018 ], [ -105.375538, 42.293837 ], [ -105.375541, 42.290139 ], [ -105.500112, 42.289954 ], [ -105.517372, 42.28969 ], [ -105.526399, 42.288859 ], [ -105.5267, 42.296137 ], [ -105.535878, 42.29455 ], [ -105.563802, 42.297293 ], [ -105.599416, 42.297536 ], [ -105.599427, 42.304809 ], [ -105.613865, 42.304455 ], [ -105.614656, 42.377436 ], [ -105.575642, 42.377314 ], [ -105.575546, 42.406228 ], [ -105.556184, 42.406253 ], [ -105.556042, 42.430583 ], [ -105.590706, 42.430846 ], [ -105.593618, 42.431103 ], [ -105.62555, 42.431346 ], [ -105.698475, 42.431056 ], [ -105.719437, 42.431145 ], [ -105.750562, 42.431702 ], [ -105.814107, 42.431376 ], [ -105.873886, 42.431767 ], [ -105.899273, 42.4325 ], [ -105.941193, 42.432117 ], [ -105.963984, 42.43315 ], [ -105.984294, 42.432911 ], [ -106.073403, 42.433236 ], [ -106.072686, 42.406702 ], [ -106.073196, 42.373385 ], [ -106.073801, 42.249965 ], [ -106.074141, 42.232009 ], [ -106.07458, 42.171231 ], [ -106.07438, 42.152026 ], [ -106.074922, 42.126407 ], [ -106.074919, 42.086649 ], [ -106.074025, 42.086653 ], [ -106.073576, 41.999966 ], [ -106.073185, 41.97733 ], [ -106.073453, 41.942927 ], [ -106.072962, 41.935012 ], [ -106.073388, 41.922773 ], [ -106.073112, 41.892438 ], [ -106.073244, 41.814795 ], [ -106.073062, 41.8131 ], [ -106.073138, 41.742393 ], [ -106.072265, 41.668419 ], [ -106.071893, 41.6249 ], [ -106.07147, 41.545631 ], [ -106.071083, 41.48175 ], [ -106.070032, 41.443732 ], [ -106.068905, 41.415042 ], [ -106.068406, 41.395028 ], [ -106.102284, 41.394997 ], [ -106.125542, 41.39435 ], [ -106.208075, 41.393767 ], [ -106.208141, 41.39504 ], [ -106.250569, 41.39463 ], [ -106.322885, 41.395141 ], [ -106.322742, 41.382647 ] ], [ [ -105.441596, 41.285474 ], [ -105.440214, 41.278354 ], [ -105.437952, 41.274601 ], [ -105.43739, 41.26647 ], [ -105.438101, 41.261684 ], [ -105.441583, 41.256468 ], [ -105.437693, 41.253097 ], [ -105.436233, 41.246305 ], [ -105.436949, 41.233189 ], [ -105.438759, 41.229102 ], [ -105.438434, 41.221143 ], [ -105.44143, 41.212161 ], [ -105.440607, 41.20713 ], [ -105.444926, 41.2074 ], [ -105.447778, 41.213743 ], [ -105.451797, 41.21621 ], [ -105.461209, 41.217946 ], [ -105.476883, 41.217825 ], [ -105.483784, 41.216314 ], [ -105.496319, 41.216909 ], [ -105.501958, 41.212976 ], [ -105.508626, 41.211707 ], [ -105.506001, 41.209264 ], [ -105.513615, 41.204721 ], [ -105.516144, 41.19872 ], [ -105.519174, 41.199837 ], [ -105.530469, 41.198899 ], [ -105.538276, 41.200625 ], [ -105.543982, 41.203943 ], [ -105.551179, 41.203139 ], [ -105.550311, 41.198601 ], [ -105.551538, 41.189948 ], [ -105.561327, 41.192363 ], [ -105.569545, 41.191287 ], [ -105.574154, 41.1875 ], [ -105.578067, 41.186123 ], [ -105.590583, 41.186093 ], [ -105.592836, 41.188665 ], [ -105.600281, 41.18987 ], [ -105.603034, 41.186624 ], [ -105.606468, 41.186153 ], [ -105.614784, 41.190185 ], [ -105.629834, 41.192782 ], [ -105.635939, 41.196367 ], [ -105.643164, 41.197595 ], [ -105.645712, 41.199387 ], [ -105.652396, 41.200088 ], [ -105.657868, 41.199471 ], [ -105.669, 41.199988 ], [ -105.688259, 41.187128 ], [ -105.697012, 41.179511 ], [ -105.698518, 41.175784 ], [ -105.698472, 41.170264 ], [ -105.702632, 41.164576 ], [ -105.711375, 41.159437 ], [ -105.728502, 41.144848 ], [ -105.747279, 41.132301 ], [ -105.765558, 41.132128 ], [ -105.766624, 41.132693 ], [ -105.767842, 41.164178 ], [ -105.769989, 41.20848 ], [ -105.773172, 41.214671 ], [ -105.767557, 41.217664 ], [ -105.73203, 41.238711 ], [ -105.731548, 41.280275 ], [ -105.730563, 41.304922 ], [ -105.731597, 41.308031 ], [ -105.722463, 41.314492 ], [ -105.720081, 41.314697 ], [ -105.714772, 41.323083 ], [ -105.710533, 41.327032 ], [ -105.720457, 41.342538 ], [ -105.729042, 41.348419 ], [ -105.737628, 41.350285 ], [ -105.745563, 41.354852 ], [ -105.772952, 41.362131 ], [ -105.779912, 41.36486 ], [ -105.810441, 41.380234 ], [ -105.814748, 41.383602 ], [ -105.835619, 41.408088 ], [ -105.833458, 41.411623 ], [ -105.82998, 41.412011 ], [ -105.823524, 41.415476 ], [ -105.82096, 41.419827 ], [ -105.815401, 41.423527 ], [ -105.81135, 41.424351 ], [ -105.805014, 41.42805 ], [ -105.79691, 41.434615 ], [ -105.790901, 41.436363 ], [ -105.78424, 41.43625 ], [ -105.780133, 41.43795 ], [ -105.774918, 41.437701 ], [ -105.771406, 41.439624 ], [ -105.766431, 41.439293 ], [ -105.760843, 41.440554 ], [ -105.758481, 41.438949 ], [ -105.754869, 41.442383 ], [ -105.75242, 41.442316 ], [ -105.751491, 41.448534 ], [ -105.74565, 41.447152 ], [ -105.738168, 41.449892 ], [ -105.733417, 41.457158 ], [ -105.73058, 41.458737 ], [ -105.733296, 41.463029 ], [ -105.729871, 41.466497 ], [ -105.732343, 41.469691 ], [ -105.732941, 41.473978 ], [ -105.727936, 41.476166 ], [ -105.726604, 41.473191 ], [ -105.720014, 41.474938 ], [ -105.715966, 41.474212 ], [ -105.712351, 41.477446 ], [ -105.70775, 41.473952 ], [ -105.703546, 41.474558 ], [ -105.698352, 41.468439 ], [ -105.695581, 41.471617 ], [ -105.686976, 41.470346 ], [ -105.680016, 41.471247 ], [ -105.676341, 41.469606 ], [ -105.668843, 41.4625 ], [ -105.663772, 41.463055 ], [ -105.649958, 41.45826 ], [ -105.640016, 41.451277 ], [ -105.620539, 41.449552 ], [ -105.623026, 41.454487 ], [ -105.614265, 41.453605 ], [ -105.597321, 41.441824 ], [ -105.592651, 41.42859 ], [ -105.574627, 41.42527 ], [ -105.51878, 41.42556 ], [ -105.523952, 41.413148 ], [ -105.527938, 41.400312 ], [ -105.52709, 41.39519 ], [ -105.521557, 41.393618 ], [ -105.51578, 41.390035 ], [ -105.508906, 41.390605 ], [ -105.50824, 41.388807 ], [ -105.496942, 41.380746 ], [ -105.488925, 41.372912 ], [ -105.47632, 41.362367 ], [ -105.47391, 41.357345 ], [ -105.46642, 41.351513 ], [ -105.468908, 41.347727 ], [ -105.465002, 41.338697 ], [ -105.459595, 41.334281 ], [ -105.459925, 41.328624 ], [ -105.456798, 41.326909 ], [ -105.451821, 41.328419 ], [ -105.443796, 41.327209 ], [ -105.454849, 41.317363 ], [ -105.457379, 41.316595 ], [ -105.459221, 41.310032 ], [ -105.452885, 41.307097 ], [ -105.44989, 41.307223 ], [ -105.452686, 41.298804 ], [ -105.450497, 41.296203 ], [ -105.445537, 41.295936 ], [ -105.44079, 41.290807 ], [ -105.441596, 41.285474 ] ] ] } },
{ "type": "Feature", "properties": { "PRED_SS_PC": 1.3521490982476461, "PERCAP": 0.078824043065771648, "TRACTCE": "963600", "HLTH_INS": 0.87021436559073018, "Q_FEMALE": 0.00096266140815037522, "RC5": -0.036001770616613561, "HOU_DEN": 3.127437668174974, "MED_VAL": 0.178543975812405, "POP_CHG": 0.51829635186811573, "LBR_FORCE": 1.2829179691965871, "SoVI_class": "0.5 to 1 SD", "Q_UNEMP": 0.2373173067235117, "Q_EXTRACT": -0.98651510106276274, "MED_RENT": 0.21322569337841479, "Q_MOBILE": -0.93544926752693236, "Q_RENTER": 1.547896678223101, "AGE_DEP": -1.9880842525132489, "MED_AGE": 0.079056686517246469, "PCT_URBAN": 0.92287987496125579, "NO_VEH": 1.2176631703395631, "Q_SERV": 1.017856636648802, "COUNTYFP": "001", "ALAND": 2006244.0, "Ii": 1.3365346982629802, "NAME": "9636", "RC4": -0.85574166257462358, "HOSP_PC": -0.39945578899327572, "PRED_NURS_PC": -1.0469495550947829, "AWATER": 0.0, "Q_TRANS": -1.2879052836791871, "NAMELSAD": "Census Tract 9636", "RC8": 1.7643625623086761, "RC1": 0.51889021520704459, "STATEFP": "56", "NO_HS": -1.5133125402570651, "MTFCC": "G5020", "PRED_BRATE": -1.4524739870143799, "SoVI": 1.949555738175311, "PRED_PCT_GOP": -1.2395092018448071, "Q_MINOR": -0.54285468243731139, "lag_sovi": 6.8124690854255121, "Area_miles": null, "RC3": -0.01137509178055918, "Q_GRP_QTR": -0.12932184221490639, "GEOIDFQ": "1400000US56001963600", "PRED_GDP_PC": -0.2472084949104065, "FUNCSTAT": "S", "RC10": 1.1692506207958799, "GISJOIN": "G5600010963600", "NAME_E": "Census Tract 9636, Albany County, Wyoming", "COUNTY": "Albany County", "INTPTLON": "-105.5778916", "RC2": -1.877254789943243, "RC9": 1.673965958536872, "AVG_HH_SZ": -0.4757549093099484, "ESL_PCT": -0.12801201651122429, "INTPTLAT": "+41.3063326", "Q_POV": 2.205549659914213, "FEM_LBR": 2.04958093113077, "GEOID": "56001963600", "RC7": 0.2222135752699603, "quadrant": "High Vulnerability & Low Wildfire Risk", "RC6": 0.61875387902808232, "PRED_PHYS_PC": 1.4519645959438929, "PRED_FARM_VAL": 0.70471122445945855, "P.Ii": 0.00016541776616611835, "cluster": "High-High", "TRACTFIPS": "56001963600", "SOVI_SCORE": 72.62927205, "SOVI_RATNG": "Relatively High", "WFIR_RISKS": 20.646189338, "WFIR_RISKR": "Very Low", "WFIR_EALT": 2.63785550361 }, "geometry": { "type": "Polygon", "coordinates": [ [ [ -105.594012, 41.307297 ], [ -105.593854, 41.301592 ], [ -105.587868, 41.303096 ], [ -105.573007, 41.30299 ], [ -105.568605, 41.304238 ], [ -105.560304, 41.304722 ], [ -105.559806, 41.309141 ], [ -105.57792, 41.310064 ], [ -105.585641, 41.311497 ], [ -105.586107, 41.306846 ], [ -105.594012, 41.307297 ] ] ] } },
{ "type": "Feature", "properties": { "PRED_SS_PC": 1.295254717703312, "PERCAP": 0.078819887984791434, "TRACTCE": "963400", "HLTH_INS": 0.30003960813478681, "Q_FEMALE": -0.62644376332087937, "RC5": -0.2577472614705405, "HOU_DEN": 5.082612996418356, "MED_VAL": 0.1784804145646865, "POP_CHG": 1.0034314420239649, "LBR_FORCE": 2.5692485842839412, "SoVI_class": "> 1 SD", "Q_UNEMP": 0.042844737833566057, "Q_EXTRACT": -0.41961057915907152, "MED_RENT": 0.2132260589095718, "Q_MOBILE": -0.91174325156088365, "Q_RENTER": 2.7103866305126449, "AGE_DEP": -2.9191234261838619, "MED_AGE": 0.079056697901445358, "PCT_URBAN": 0.92287987496125579, "NO_VEH": 0.62125589746033938, "Q_SERV": 1.000750700840408, "COUNTYFP": "001", "ALAND": 1298344.0, "Ii": 2.6132340185862226, "NAME": "9634", "RC4": -0.87520793496737459, "HOSP_PC": -0.39945578899327572, "PRED_NURS_PC": -1.0469495550947829, "AWATER": 0.0, "Q_TRANS": -1.3374520125535969, "NAMELSAD": "Census Tract 9634", "RC8": 2.9201667819586299, "RC1": 0.33982781626177549, "STATEFP": "56", "NO_HS": -0.40527894955940219, "MTFCC": "G5020", "PRED_BRATE": -1.5199869682541001, "SoVI": 6.283670924705075, "PRED_PCT_GOP": -1.8578101911818929, "Q_MINOR": 0.52164099397306374, "lag_sovi": 4.132613906155191, "Area_miles": null, "RC3": 2.0268882787223679, "Q_GRP_QTR": -0.221851010170447, "GEOIDFQ": "1400000US56001963400", "PRED_GDP_PC": 1.592305490709722, "FUNCSTAT": "S", "RC10": 1.976881963062965, "GISJOIN": "G5600010963400", "NAME_E": "Census Tract 9634, Albany County, Wyoming", "COUNTY": "Albany County", "INTPTLON": "-105.5882134", "RC2": -1.185550407138467, "RC9": 1.665614501451349, "AVG_HH_SZ": -1.5647903583539979, "ESL_PCT": 2.1420372138105699, "INTPTLAT": "+41.3137359", "Q_POV": 2.4091635075308151, "FEM_LBR": 1.324085656544709, "GEOID": "56001963400", "RC7": 0.21766999593486069, "quadrant": "High Vulnerability & Low Wildfire Risk", "RC6": 0.54487280911049196, "PRED_PHYS_PC": 2.2082658798521679, "PRED_FARM_VAL": 0.70471122445945855, "P.Ii": 0.00087868788616990413, "cluster": "High-High", "TRACTFIPS": "56001963400", "SOVI_SCORE": 28.96937748, "SOVI_RATNG": "Relatively Low", "WFIR_RISKS": 18.637698738299999, "WFIR_RISKR": "Very Low", "WFIR_EALT": 3.2618747696100002e-11 }, "geometry": { "type": "Polygon", "coordinates": [ [ [ -105.59601, 41.314972 ], [ -105.59688, 41.306496 ], [ -105.594012, 41.307297 ], [ -105.586107, 41.306846 ], [ -105.585641, 41.311497 ], [ -105.585174, 41.316198 ], [ -105.577114, 41.315718 ], [ -105.577099, 41.318562 ], [ -105.584755, 41.319968 ], [ -105.590022, 41.320277 ], [ -105.590562, 41.314617 ], [ -105.59601, 41.314972 ] ] ] } },
{ "type": "Feature", "properties": { "PRED_SS_PC": -1.511669142152317, "PERCAP": 0.081847291370754277, "TRACTCE": "967601", "HLTH_INS": -0.064516555059632011, "Q_FEMALE": 0.069271040350034951, "RC5": 1.4516145671725551, "HOU_DEN": -0.64905095401694712, "MED_VAL": 0.18627182102488751, "POP_CHG": 1.0943469383483251, "LBR_FORCE": 1.7501288354056641, "SoVI_class": "-1 to -0.5 SD", "Q_UNEMP": 0.96658944006080838, "Q_EXTRACT": 0.2398497830554264, "MED_RENT": 0.21323292358469939, "Q_MOBILE": -0.37440688966378088, "Q_RENTER": 0.2142787634137768, "AGE_DEP": -0.098723617013499285, "MED_AGE": 0.079056954045920516, "PCT_URBAN": -1.3265962575458641, "NO_VEH": -1.1209764186047111, "Q_SERV": -1.043408628262589, "COUNTYFP": "039", "ALAND": 7990544568.0, "Ii": 0.60099774499541503, "NAME": "9676.01", "RC4": -0.1170916023747401, "HOSP_PC": -0.39945578899327572, "PRED_NURS_PC": -1.0469495550947829, "AWATER": 428390689.0, "Q_TRANS": -0.79243799493509026, "NAMELSAD": "Census Tract 9676.01", "RC8": -0.82240303948947269, "RC1": -2.0068475544868898, "STATEFP": "56", "NO_HS": -1.4324575851510271, "MTFCC": "G5020", "PRED_BRATE": 1.290698186510546, "SoVI": -2.7580076633845931, "PRED_PCT_GOP": -0.81546594626717395, "Q_MINOR": 1.166356510872304, "lag_sovi": -2.1653960316696845, "Area_miles": null, "RC3": 3.001294858254818, "Q_GRP_QTR": 2.3141296285137041, "GEOIDFQ": "1400000US56039967601", "PRED_GDP_PC": 1.786162328571762, "FUNCSTAT": "S", "RC10": -1.0572747345388289, "GISJOIN": "G5600390967601", "NAME_E": "Census Tract 9676.01, Teton County, Wyoming", "COUNTY": "Teton County", "INTPTLON": "-110.4260870", "RC2": -1.686021129185828, "RC9": 1.137217614103142, "AVG_HH_SZ": 0.47366061036948032, "ESL_PCT": 0.20640191767144581, "INTPTLAT": "+44.0486620", "Q_POV": -0.48262739965338081, "FEM_LBR": 0.90740480628008202, "GEOID": "56039967601", "RC7": -2.3190237874557771, "quadrant": "Low Vulnerability & High Wildfire Risk", "RC6": 0.33947285538357219, "PRED_PHYS_PC": 0.383039284514815, "PRED_FARM_VAL": -2.320375985891566, "P.Ii": 0.024214492925601395, "cluster": "Low-Low", "TRACTFIPS": "56039967601", "SOVI_SCORE": 72.5013327, "SOVI_RATNG": "Relatively High", "WFIR_RISKS": 99.021321631999996, "WFIR_RISKR": "Relatively High", "WFIR_EALT": 928309.98337399994 }, "geometry": { "type": "Polygon", "coordinates": [ [ [ -111.053447, 44.666268 ], [ -111.052948, 44.564242 ], [ -111.052434, 44.478411 ], [ -111.048974, 44.474072 ], [ -111.049298, 44.42783 ], [ -111.049148, 44.374925 ], [ -111.049695, 44.353626 ], [ -111.049496, 44.270594 ], [ -111.049078, 44.219895 ], [ -111.049091, 44.132368 ], [ -111.013995, 44.1325 ], [ -110.875731, 44.132592 ], [ -110.750808, 44.132175 ], [ -110.749861, 44.131329 ], [ -110.663654, 44.131662 ], [ -110.660041, 44.127125 ], [ -110.66211, 44.12003 ], [ -110.665253, 44.11313 ], [ -110.665511, 44.103038 ], [ -110.669595, 44.095756 ], [ -110.676818, 44.085987 ], [ -110.683699, 44.079619 ], [ -110.683975, 44.06736 ], [ -110.689825, 44.06079 ], [ -110.691039, 44.047444 ], [ -110.693871, 44.04071 ], [ -110.692598, 44.033582 ], [ -110.693013, 44.025273 ], [ -110.694961, 44.019039 ], [ -110.6902, 44.008439 ], [ -110.687918, 44.006838 ], [ -110.682575, 44.007171 ], [ -110.67838, 44.005154 ], [ -110.676599, 43.998266 ], [ -110.668311, 43.989893 ], [ -110.663954, 43.983015 ], [ -110.656437, 43.977391 ], [ -110.644315, 43.972646 ], [ -110.638612, 43.96746 ], [ -110.635855, 43.961743 ], [ -110.636839, 43.957776 ], [ -110.635232, 43.953584 ], [ -110.634786, 43.946956 ], [ -110.63001, 43.943573 ], [ -110.62952, 43.937971 ], [ -110.63187, 43.933927 ], [ -110.633017, 43.924656 ], [ -110.636505, 43.918572 ], [ -110.634865, 43.915878 ], [ -110.622169, 43.904651 ], [ -110.616504, 43.904542 ], [ -110.607113, 43.902755 ], [ -110.59598, 43.904823 ], [ -110.586912, 43.903774 ], [ -110.580947, 43.901582 ], [ -110.575369, 43.897906 ], [ -110.57141, 43.892606 ], [ -110.572361, 43.881544 ], [ -110.571496, 43.876215 ], [ -110.573369, 43.871597 ], [ -110.571702, 43.867115 ], [ -110.568033, 43.865406 ], [ -110.556339, 43.866499 ], [ -110.553259, 43.867425 ], [ -110.538923, 43.864895 ], [ -110.526758, 43.857276 ], [ -110.518615, 43.853122 ], [ -110.517259, 43.846912 ], [ -110.512282, 43.84401 ], [ -110.509975, 43.840066 ], [ -110.513421, 43.836669 ], [ -110.514037, 43.828511 ], [ -110.521078, 43.822087 ], [ -110.525265, 43.816551 ], [ -110.526989, 43.808393 ], [ -110.53578, 43.798535 ], [ -110.539135, 43.78851 ], [ -110.543063, 43.782148 ], [ -110.549663, 43.775918 ], [ -110.558294, 43.77232 ], [ -110.566773, 43.771246 ], [ -110.570811, 43.769736 ], [ -110.574836, 43.765387 ], [ -110.583107, 43.758627 ], [ -110.586596, 43.756698 ], [ -110.594998, 43.756272 ], [ -110.603277, 43.753363 ], [ -110.608159, 43.753671 ], [ -110.615372, 43.755727 ], [ -110.621914, 43.7545 ], [ -110.628987, 43.748364 ], [ -110.639431, 43.736779 ], [ -110.645013, 43.731576 ], [ -110.65485, 43.724321 ], [ -110.663282, 43.713583 ], [ -110.66691, 43.701128 ], [ -110.671145, 43.695739 ], [ -110.674398, 43.682808 ], [ -110.680922, 43.67741 ], [ -110.685114, 43.672781 ], [ -110.691415, 43.668262 ], [ -110.703982, 43.655407 ], [ -110.714069, 43.642365 ], [ -110.720687, 43.620924 ], [ -110.724624, 43.598207 ], [ -110.730557, 43.585033 ], [ -110.733078, 43.57721 ], [ -110.733135, 43.566438 ], [ -110.732878, 43.546749 ], [ -110.739393, 43.532912 ], [ -110.739621, 43.52845 ], [ -110.742149, 43.52445 ], [ -110.748411, 43.517702 ], [ -110.752412, 43.511214 ], [ -110.757196, 43.505738 ], [ -110.762254, 43.48898 ], [ -110.756948, 43.494804 ], [ -110.74103, 43.496857 ], [ -110.733617, 43.495574 ], [ -110.727269, 43.498067 ], [ -110.720178, 43.505188 ], [ -110.711204, 43.508872 ], [ -110.688784, 43.508408 ], [ -110.676875, 43.502972 ], [ -110.671381, 43.495499 ], [ -110.66688, 43.492543 ], [ -110.665247, 43.484127 ], [ -110.656724, 43.474217 ], [ -110.647439, 43.468617 ], [ -110.639762, 43.464887 ], [ -110.639107, 43.459798 ], [ -110.634178, 43.451295 ], [ -110.62908, 43.450834 ], [ -110.630064, 43.445114 ], [ -110.642478, 43.44072 ], [ -110.652122, 43.44156 ], [ -110.654998, 43.436554 ], [ -110.651222, 43.434952 ], [ -110.640342, 43.425568 ], [ -110.643522, 43.416939 ], [ -110.649499, 43.414177 ], [ -110.651553, 43.419357 ], [ -110.659867, 43.42038 ], [ -110.664504, 43.41806 ], [ -110.674782, 43.419097 ], [ -110.685533, 43.426692 ], [ -110.691545, 43.428119 ], [ -110.697748, 43.425231 ], [ -110.703027, 43.424174 ], [ -110.70498, 43.416003 ], [ -110.711618, 43.406954 ], [ -110.71187, 43.400626 ], [ -110.714555, 43.39514 ], [ -110.717859, 43.393744 ], [ -110.727834, 43.39433 ], [ -110.734035, 43.393312 ], [ -110.744642, 43.39464 ], [ -110.747624, 43.392878 ], [ -110.746423, 43.386698 ], [ -110.749729, 43.385382 ], [ -110.767139, 43.388554 ], [ -110.771796, 43.391214 ], [ -110.778843, 43.392048 ], [ -110.782449, 43.395242 ], [ -110.788131, 43.393577 ], [ -110.790894, 43.394537 ], [ -110.806029, 43.393082 ], [ -110.809051, 43.396342 ], [ -110.817804, 43.397555 ], [ -110.821631, 43.406716 ], [ -110.825968, 43.409628 ], [ -110.826151, 43.415389 ], [ -110.829542, 43.416766 ], [ -110.830878, 43.421499 ], [ -110.834812, 43.42382 ], [ -110.843035, 43.424592 ], [ -110.847451, 43.426376 ], [ -110.849529, 43.423403 ], [ -110.856324, 43.423903 ], [ -110.864373, 43.425635 ], [ -110.874414, 43.420508 ], [ -110.878084, 43.415434 ], [ -110.882494, 43.414199 ], [ -110.887941, 43.410467 ], [ -110.894441, 43.409205 ], [ -110.902163, 43.40563 ], [ -110.906878, 43.406011 ], [ -110.911563, 43.408823 ], [ -110.922283, 43.407938 ], [ -110.925899, 43.411596 ], [ -110.931015, 43.411052 ], [ -110.933459, 43.4134 ], [ -110.941036, 43.412392 ], [ -110.949805, 43.41316 ], [ -110.955261, 43.41745 ], [ -110.95981, 43.415905 ], [ -110.96408, 43.41644 ], [ -110.973666, 43.423073 ], [ -110.992861, 43.424301 ], [ -110.993409, 43.426815 ], [ -110.998547, 43.43184 ], [ -111.004946, 43.434456 ], [ -111.013014, 43.434124 ], [ -111.018209, 43.436188 ], [ -111.01786, 43.438939 ], [ -111.021312, 43.440614 ], [ -111.02548, 43.446691 ], [ -111.032939, 43.450998 ], [ -111.033276, 43.453349 ], [ -111.029717, 43.456081 ], [ -111.031357, 43.461208 ], [ -111.030744, 43.465418 ], [ -111.03438, 43.467091 ], [ -111.036624, 43.47311 ], [ -111.028325, 43.480732 ], [ -111.027067, 43.484713 ], [ -111.021604, 43.484472 ], [ -111.01808, 43.485878 ], [ -111.012569, 43.485405 ], [ -111.00906, 43.48214 ], [ -110.993353, 43.478451 ], [ -110.988887, 43.484825 ], [ -110.96995, 43.483732 ], [ -110.968804, 43.481352 ], [ -110.964482, 43.481488 ], [ -110.954699, 43.477301 ], [ -110.952853, 43.481694 ], [ -110.957031, 43.484677 ], [ -110.957578, 43.487493 ], [ -110.955501, 43.491953 ], [ -110.955248, 43.497376 ], [ -110.96855, 43.500409 ], [ -110.975159, 43.499669 ], [ -110.980776, 43.502405 ], [ -110.981103, 43.505704 ], [ -110.984225, 43.509084 ], [ -110.996681, 43.514791 ], [ -111.008933, 43.522999 ], [ -111.019753, 43.52846 ], [ -111.037311, 43.539634 ], [ -111.045282, 43.543324 ], [ -111.045492, 43.510671 ], [ -111.044743, 43.380963 ], [ -111.044937, 43.364303 ], [ -111.044893, 43.315719 ], [ -111.000766, 43.315901 ], [ -110.97215, 43.31583 ], [ -110.943912, 43.316096 ], [ -110.927902, 43.31596 ], [ -110.927884, 43.313501 ], [ -110.813996, 43.31394 ], [ -110.813993, 43.235178 ], [ -110.750683, 43.23499 ], [ -110.625747, 43.235621 ], [ -110.578656, 43.235224 ], [ -110.57838, 43.29164 ], [ -110.525244, 43.291661 ], [ -110.500742, 43.29167 ], [ -110.414962, 43.291332 ], [ -110.343959, 43.291165 ], [ -110.344325, 43.352116 ], [ -110.344218, 43.377918 ], [ -110.250734, 43.378554 ], [ -110.20839, 43.378321 ], [ -110.117394, 43.378062 ], [ -110.05731, 43.377768 ], [ -110.056991, 43.407706 ], [ -110.057028, 43.450776 ], [ -110.057506, 43.464756 ], [ -110.05157, 43.464783 ], [ -110.05123, 43.523304 ], [ -110.051531, 43.566647 ], [ -110.051031, 43.581047 ], [ -110.051832, 43.595647 ], [ -110.051633, 43.624947 ], [ -110.051286, 43.74995 ], [ -110.051437, 43.814449 ], [ -110.053637, 43.814549 ], [ -110.053588, 43.875074 ], [ -110.053321, 43.987135 ], [ -110.053179, 44.008022 ], [ -110.053284, 44.116803 ], [ -110.053357, 44.132628 ], [ -110.119193, 44.132584 ], [ -110.123633, 44.14055 ], [ -110.126389, 44.157028 ], [ -110.127823, 44.159158 ], [ -110.120859, 44.161709 ], [ -110.120066, 44.170329 ], [ -110.122348, 44.175217 ], [ -110.114875, 44.179539 ], [ -110.108386, 44.179378 ], [ -110.105655, 44.185459 ], [ -110.114782, 44.184722 ], [ -110.119882, 44.185268 ], [ -110.108851, 44.19334 ], [ -110.111284, 44.199375 ], [ -110.115638, 44.200422 ], [ -110.119744, 44.199024 ], [ -110.122651, 44.201907 ], [ -110.123208, 44.205573 ], [ -110.116367, 44.210118 ], [ -110.111924, 44.209093 ], [ -110.114202, 44.21605 ], [ -110.118817, 44.215787 ], [ -110.123481, 44.213686 ], [ -110.128876, 44.223448 ], [ -110.13306, 44.225895 ], [ -110.131149, 44.229821 ], [ -110.137755, 44.235978 ], [ -110.137654, 44.238139 ], [ -110.133272, 44.24025 ], [ -110.134418, 44.243862 ], [ -110.131599, 44.249205 ], [ -110.137106, 44.249017 ], [ -110.143376, 44.253988 ], [ -110.144728, 44.258031 ], [ -110.141972, 44.259636 ], [ -110.140178, 44.263678 ], [ -110.147766, 44.266337 ], [ -110.150472, 44.271313 ], [ -110.142138, 44.272795 ], [ -110.140727, 44.276094 ], [ -110.145408, 44.278279 ], [ -110.144793, 44.283187 ], [ -110.150175, 44.289666 ], [ -110.154579, 44.293119 ], [ -110.166196, 44.300057 ], [ -110.16904, 44.296313 ], [ -110.175544, 44.298219 ], [ -110.172993, 44.300753 ], [ -110.173789, 44.304224 ], [ -110.183436, 44.301906 ], [ -110.185979, 44.302827 ], [ -110.19019, 44.300497 ], [ -110.198263, 44.306492 ], [ -110.201962, 44.305376 ], [ -110.205942, 44.30989 ], [ -110.208763, 44.314985 ], [ -110.205263, 44.317439 ], [ -110.201151, 44.322598 ], [ -110.202781, 44.327329 ], [ -110.205832, 44.329101 ], [ -110.218104, 44.331854 ], [ -110.223604, 44.335518 ], [ -110.225925, 44.342103 ], [ -110.223924, 44.34791 ], [ -110.226864, 44.351899 ], [ -110.228169, 44.358835 ], [ -110.226801, 44.361568 ], [ -110.2295, 44.370974 ], [ -110.228408, 44.373844 ], [ -110.235486, 44.38203 ], [ -110.240945, 44.384612 ], [ -110.243105, 44.387361 ], [ -110.253914, 44.390327 ], [ -110.253562, 44.397329 ], [ -110.254864, 44.404722 ], [ -110.260043, 44.409449 ], [ -110.27216, 44.413219 ], [ -110.278116, 44.414 ], [ -110.286949, 44.419606 ], [ -110.288058, 44.423278 ], [ -110.296648, 44.431341 ], [ -110.296172, 44.435567 ], [ -110.292195, 44.43865 ], [ -110.292653, 44.443386 ], [ -110.288812, 44.451524 ], [ -110.290264, 44.460349 ], [ -110.289687, 44.465497 ], [ -110.290988, 44.470447 ], [ -110.284986, 44.472723 ], [ -110.281901, 44.478753 ], [ -110.284318, 44.489851 ], [ -110.278003, 44.498492 ], [ -110.279864, 44.505574 ], [ -110.279209, 44.510754 ], [ -110.276506, 44.515665 ], [ -110.278843, 44.519952 ], [ -110.285789, 44.526336 ], [ -110.290644, 44.528659 ], [ -110.29521, 44.527809 ], [ -110.298431, 44.530065 ], [ -110.295046, 44.534954 ], [ -110.295245, 44.537539 ], [ -110.290395, 44.538076 ], [ -110.290148, 44.542735 ], [ -110.297045, 44.548399 ], [ -110.30887, 44.554338 ], [ -110.315348, 44.55611 ], [ -110.331342, 44.553514 ], [ -110.331521, 44.548885 ], [ -110.339238, 44.54879 ], [ -110.35322, 44.552412 ], [ -110.36014, 44.553548 ], [ -110.363481, 44.556132 ], [ -110.384738, 44.565219 ], [ -110.378383, 44.568311 ], [ -110.374661, 44.568468 ], [ -110.372555, 44.574609 ], [ -110.376864, 44.580209 ], [ -110.375334, 44.583016 ], [ -110.464126, 44.583124 ], [ -110.500761, 44.582765 ], [ -110.625763, 44.582721 ], [ -110.667899, 44.582792 ], [ -110.66735, 44.624936 ], [ -110.667867, 44.666291 ], [ -110.745713, 44.666446 ], [ -110.750764, 44.666805 ], [ -110.826522, 44.666587 ], [ -110.875108, 44.666166 ], [ -111.000755, 44.666113 ], [ -111.026613, 44.666341 ], [ -111.053447, 44.666268 ] ] ] } },
{ "type": "Feature", "properties": { "PRED_SS_PC": -0.78339495215853994, "PERCAP": 0.079343769701802833, "TRACTCE": "967704", "HLTH_INS": 1.1921976856491321, "Q_FEMALE": -1.188549084081403, "RC5": 0.00063346814065144696, "HOU_DEN": -0.60566127212682963, "MED_VAL": 0.1930977922577484, "POP_CHG": -0.50251046463436777, "LBR_FORCE": 1.6864955014579099, "SoVI_class": "-0.5 to 0.5 SD", "Q_UNEMP": -0.39471854216881169, "Q_EXTRACT": -1.113779381490122, "MED_RENT": 0.21323470737674541, "Q_MOBILE": -0.56405501739217012, "Q_RENTER": 1.0817205044623199, "AGE_DEP": -1.128523271240516, "MED_AGE": 0.079056878151261209, "PCT_URBAN": -0.086762908596878879, "NO_VEH": -1.1209764186047111, "Q_SERV": 0.93232695760683515, "COUNTYFP": "039", "ALAND": 199584346.0, "Ii": -0.02960308547560999, "NAME": "9677.04", "RC4": -0.68910607370592225, "HOSP_PC": -0.39945578899327572, "PRED_NURS_PC": -1.0469495550947829, "AWATER": 3264367.0, "Q_TRANS": -0.3217440706281981, "NAMELSAD": "Census Tract 9677.04", "RC8": 1.0591668889428401, "RC1": 0.82736948292682166, "STATEFP": "56", "NO_HS": -0.22995055649378471, "MTFCC": "G5020", "PRED_BRATE": 0.32886956410770191, "SoVI": 0.14774152223904341, "PRED_PCT_GOP": -2.584752904032622, "Q_MINOR": 0.29369982282307711, "lag_sovi": -1.9911059601584269, "Area_miles": null, "RC3": 2.257843721781251, "Q_GRP_QTR": -0.33409919146340622, "GEOIDFQ": "1400000US56039967704", "PRED_GDP_PC": 3.2846973523997161, "FUNCSTAT": "S", "RC10": -0.5545601234818216, "GISJOIN": "G5600390967704", "NAME_E": "Census Tract 9677.04, Teton County, Wyoming", "COUNTY": "Teton County", "INTPTLON": "-110.8788663", "RC2": -0.52509612422682117, "RC9": -0.98445109425564903, "AVG_HH_SZ": -0.001047149470234703, "ESL_PCT": 1.549516559633326, "INTPTLAT": "+43.4788719", "Q_POV": -0.09915674427570384, "FEM_LBR": 0.75517685437200921, "GEOID": "56039967704", "RC7": -0.90937528252798805, "quadrant": "High Vulnerability & High Wildfire Risk", "RC6": 0.33468334135431937, "PRED_PHYS_PC": 0.26688191032384201, "PRED_FARM_VAL": 0.70471122445945855, "P.Ii": 0.11717538096016115, "cluster": "Not Significant", "TRACTFIPS": "56039967704", "SOVI_SCORE": 9.209856068000001, "SOVI_RATNG": "Very Low", "WFIR_RISKS": 97.269689510399999, "WFIR_RISKR": "Relatively High", "WFIR_EALT": 405536.85390099999 }, "geometry": { "type": "Polygon", "coordinates": [ [ [ -110.955248, 43.497376 ], [ -110.955501, 43.491953 ], [ -110.957578, 43.487493 ], [ -110.957031, 43.484677 ], [ -110.952853, 43.481694 ], [ -110.954699, 43.477301 ], [ -110.964482, 43.481488 ], [ -110.968804, 43.481352 ], [ -110.96995, 43.483732 ], [ -110.988887, 43.484825 ], [ -110.993353, 43.478451 ], [ -111.00906, 43.48214 ], [ -111.012569, 43.485405 ], [ -111.01808, 43.485878 ], [ -111.021604, 43.484472 ], [ -111.027067, 43.484713 ], [ -111.028325, 43.480732 ], [ -111.036624, 43.47311 ], [ -111.03438, 43.467091 ], [ -111.030744, 43.465418 ], [ -111.031357, 43.461208 ], [ -111.029717, 43.456081 ], [ -111.033276, 43.453349 ], [ -111.032939, 43.450998 ], [ -111.02548, 43.446691 ], [ -111.021312, 43.440614 ], [ -111.01786, 43.438939 ], [ -111.018209, 43.436188 ], [ -111.013014, 43.434124 ], [ -111.004946, 43.434456 ], [ -110.998547, 43.43184 ], [ -110.993409, 43.426815 ], [ -110.992861, 43.424301 ], [ -110.973666, 43.423073 ], [ -110.96408, 43.41644 ], [ -110.95981, 43.415905 ], [ -110.955261, 43.41745 ], [ -110.949805, 43.41316 ], [ -110.941036, 43.412392 ], [ -110.933459, 43.4134 ], [ -110.931015, 43.411052 ], [ -110.925899, 43.411596 ], [ -110.922283, 43.407938 ], [ -110.911563, 43.408823 ], [ -110.906878, 43.406011 ], [ -110.902163, 43.40563 ], [ -110.894441, 43.409205 ], [ -110.887941, 43.410467 ], [ -110.882494, 43.414199 ], [ -110.878084, 43.415434 ], [ -110.874414, 43.420508 ], [ -110.864373, 43.425635 ], [ -110.856324, 43.423903 ], [ -110.849529, 43.423403 ], [ -110.847451, 43.426376 ], [ -110.843035, 43.424592 ], [ -110.834812, 43.42382 ], [ -110.830878, 43.421499 ], [ -110.829542, 43.416766 ], [ -110.826151, 43.415389 ], [ -110.825968, 43.409628 ], [ -110.821631, 43.406716 ], [ -110.818933, 43.411494 ], [ -110.821937, 43.41561 ], [ -110.823102, 43.425464 ], [ -110.830169, 43.434528 ], [ -110.829342, 43.436346 ], [ -110.834122, 43.438709 ], [ -110.835508, 43.441037 ], [ -110.834072, 43.446258 ], [ -110.83629, 43.448692 ], [ -110.837205, 43.453421 ], [ -110.834847, 43.455872 ], [ -110.835305, 43.462414 ], [ -110.837842, 43.465481 ], [ -110.810228, 43.465547 ], [ -110.801453, 43.463538 ], [ -110.797861, 43.464013 ], [ -110.79331, 43.461759 ], [ -110.79092, 43.464867 ], [ -110.785546, 43.468414 ], [ -110.777603, 43.470618 ], [ -110.772733, 43.474803 ], [ -110.771325, 43.477622 ], [ -110.766207, 43.482744 ], [ -110.762254, 43.48898 ], [ -110.757196, 43.505738 ], [ -110.752412, 43.511214 ], [ -110.748411, 43.517702 ], [ -110.742149, 43.52445 ], [ -110.739621, 43.52845 ], [ -110.739393, 43.532912 ], [ -110.732878, 43.546749 ], [ -110.733135, 43.566438 ], [ -110.741878, 43.565139 ], [ -110.750499, 43.560189 ], [ -110.756462, 43.561056 ], [ -110.758842, 43.558677 ], [ -110.769307, 43.554941 ], [ -110.772271, 43.552786 ], [ -110.783145, 43.549908 ], [ -110.791898, 43.545431 ], [ -110.796988, 43.546881 ], [ -110.799367, 43.545382 ], [ -110.803571, 43.541406 ], [ -110.807688, 43.539361 ], [ -110.811368, 43.539558 ], [ -110.820634, 43.531733 ], [ -110.826536, 43.520675 ], [ -110.830565, 43.516996 ], [ -110.83053, 43.512975 ], [ -110.834714, 43.508665 ], [ -110.836346, 43.50225 ], [ -110.839384, 43.499122 ], [ -110.843587, 43.500003 ], [ -110.851441, 43.498147 ], [ -110.869916, 43.498012 ], [ -110.871799, 43.500023 ], [ -110.871798, 43.508874 ], [ -110.870287, 43.512325 ], [ -110.866102, 43.516943 ], [ -110.864829, 43.521412 ], [ -110.857195, 43.534952 ], [ -110.85685, 43.542677 ], [ -110.861607, 43.542541 ], [ -110.876248, 43.53677 ], [ -110.885119, 43.534214 ], [ -110.905587, 43.517746 ], [ -110.911886, 43.515651 ], [ -110.922536, 43.508005 ], [ -110.925513, 43.508262 ], [ -110.927513, 43.504861 ], [ -110.934925, 43.503222 ], [ -110.938556, 43.499558 ], [ -110.944496, 43.496762 ], [ -110.955248, 43.497376 ] ] ] } },
{ "type": "Feature", "properties": { "PRED_SS_PC": -1.511669142152317, "PERCAP": 0.080808862639207571, "TRACTCE": "967602", "HLTH_INS": 0.83050855992656869, "Q_FEMALE": 0.1487794095208598, "RC5": 0.91830820742192998, "HOU_DEN": -0.64584488871312995, "MED_VAL": 0.1930977922577484, "POP_CHG": 0.61304821098408835, "LBR_FORCE": 1.842242516586289, "SoVI_class": "< -1 SD", "Q_UNEMP": -1.1726088177285949, "Q_EXTRACT": -0.84768134059655265, "MED_RENT": -4.6605295529758362, "Q_MOBILE": -0.93544926752693236, "Q_RENTER": 0.95189929151627917, "AGE_DEP": -0.37866675496297753, "MED_AGE": 0.079056940764355141, "PCT_URBAN": -1.3265962575458641, "NO_VEH": 0.1921685984396439, "Q_SERV": 0.966538829223621, "COUNTYFP": "039", "ALAND": 2003174506.0, "Ii": 1.9671599181420809, "NAME": "9676.02", "RC4": -0.2660407085690713, "HOSP_PC": -0.39945578899327572, "PRED_NURS_PC": -1.0469495550947829, "AWATER": 137621369.0, "Q_TRANS": -0.91630481712111456, "NAMELSAD": "Census Tract 9676.02", "RC8": -0.48599050960067808, "RC1": -0.97001321718877243, "STATEFP": "56", "NO_HS": -0.87064702912300995, "MTFCC": "G5020", "PRED_BRATE": -0.39775477156375499, "SoVI": -6.8678198474473442, "PRED_PCT_GOP": -2.584752904032622, "Q_MINOR": -0.60383798230164576, "lag_sovi": -2.8463004076983527, "Area_miles": null, "RC3": 0.039334570628557053, "Q_GRP_QTR": 0.60636256625441953, "GEOIDFQ": "1400000US56039967602", "PRED_GDP_PC": -1.2213574108651311, "FUNCSTAT": "S", "RC10": 0.71110613584113502, "GISJOIN": "G5600390967602", "NAME_E": "Census Tract 9676.02, Teton County, Wyoming", "COUNTY": "Teton County", "INTPTLON": "-110.7830361", "RC2": -1.1565428636707551, "RC9": -0.2184771251958903, "AVG_HH_SZ": -1.201778542005981, "ESL_PCT": 0.32824900330444517, "INTPTLAT": "+43.9186428", "Q_POV": -1.0520699886765541, "FEM_LBR": 1.646669865849578, "GEOID": "56039967602", "RC7": -4.9420059329679846, "quadrant": "Low Vulnerability & High Wildfire Risk", "RC6": 0.49749840414581409, "PRED_PHYS_PC": 1.589724285614122, "PRED_FARM_VAL": -2.320375985891566, "P.Ii": 0.10578112338327428, "cluster": "Not Significant", "TRACTFIPS": "56039967602", "SOVI_SCORE": 69.51667358, "SOVI_RATNG": "Relatively High", "WFIR_RISKS": 97.83572949000001, "WFIR_RISKR": "Relatively High", "WFIR_EALT": 350215.44170099997 }, "geometry": { "type": "Polygon", "coordinates": [ [ [ -111.049091, 44.132368 ], [ -111.048452, 44.114831 ], [ -111.048898, 44.028602 ], [ -111.049077, 44.02013 ], [ -111.047349, 43.999921 ], [ -111.046612, 43.914095 ], [ -111.046784, 43.845224 ], [ -111.046561, 43.808296 ], [ -111.046571, 43.739678 ], [ -111.046236, 43.696121 ], [ -111.045423, 43.622121 ], [ -111.045282, 43.543324 ], [ -111.037311, 43.539634 ], [ -111.019753, 43.52846 ], [ -111.008933, 43.522999 ], [ -110.996681, 43.514791 ], [ -110.984225, 43.509084 ], [ -110.981103, 43.505704 ], [ -110.980776, 43.502405 ], [ -110.975159, 43.499669 ], [ -110.96855, 43.500409 ], [ -110.955248, 43.497376 ], [ -110.944496, 43.496762 ], [ -110.938556, 43.499558 ], [ -110.934925, 43.503222 ], [ -110.927513, 43.504861 ], [ -110.925513, 43.508262 ], [ -110.922536, 43.508005 ], [ -110.911886, 43.515651 ], [ -110.905587, 43.517746 ], [ -110.885119, 43.534214 ], [ -110.876248, 43.53677 ], [ -110.861607, 43.542541 ], [ -110.85685, 43.542677 ], [ -110.855092, 43.544982 ], [ -110.829467, 43.544901 ], [ -110.822029, 43.546788 ], [ -110.821961, 43.56004 ], [ -110.814482, 43.559992 ], [ -110.806058, 43.564704 ], [ -110.799196, 43.563318 ], [ -110.796393, 43.558582 ], [ -110.79874, 43.556505 ], [ -110.798266, 43.551484 ], [ -110.799367, 43.545382 ], [ -110.796988, 43.546881 ], [ -110.791898, 43.545431 ], [ -110.783145, 43.549908 ], [ -110.772271, 43.552786 ], [ -110.769307, 43.554941 ], [ -110.758842, 43.558677 ], [ -110.756462, 43.561056 ], [ -110.750499, 43.560189 ], [ -110.741878, 43.565139 ], [ -110.733135, 43.566438 ], [ -110.733078, 43.57721 ], [ -110.730557, 43.585033 ], [ -110.724624, 43.598207 ], [ -110.720687, 43.620924 ], [ -110.714069, 43.642365 ], [ -110.703982, 43.655407 ], [ -110.691415, 43.668262 ], [ -110.685114, 43.672781 ], [ -110.680922, 43.67741 ], [ -110.674398, 43.682808 ], [ -110.671145, 43.695739 ], [ -110.66691, 43.701128 ], [ -110.663282, 43.713583 ], [ -110.65485, 43.724321 ], [ -110.645013, 43.731576 ], [ -110.639431, 43.736779 ], [ -110.628987, 43.748364 ], [ -110.621914, 43.7545 ], [ -110.615372, 43.755727 ], [ -110.608159, 43.753671 ], [ -110.603277, 43.753363 ], [ -110.594998, 43.756272 ], [ -110.586596, 43.756698 ], [ -110.583107, 43.758627 ], [ -110.574836, 43.765387 ], [ -110.570811, 43.769736 ], [ -110.566773, 43.771246 ], [ -110.558294, 43.77232 ], [ -110.549663, 43.775918 ], [ -110.543063, 43.782148 ], [ -110.539135, 43.78851 ], [ -110.53578, 43.798535 ], [ -110.526989, 43.808393 ], [ -110.525265, 43.816551 ], [ -110.521078, 43.822087 ], [ -110.514037, 43.828511 ], [ -110.513421, 43.836669 ], [ -110.509975, 43.840066 ], [ -110.512282, 43.84401 ], [ -110.517259, 43.846912 ], [ -110.518615, 43.853122 ], [ -110.526758, 43.857276 ], [ -110.538923, 43.864895 ], [ -110.553259, 43.867425 ], [ -110.556339, 43.866499 ], [ -110.568033, 43.865406 ], [ -110.571702, 43.867115 ], [ -110.573369, 43.871597 ], [ -110.571496, 43.876215 ], [ -110.572361, 43.881544 ], [ -110.57141, 43.892606 ], [ -110.575369, 43.897906 ], [ -110.580947, 43.901582 ], [ -110.586912, 43.903774 ], [ -110.59598, 43.904823 ], [ -110.607113, 43.902755 ], [ -110.616504, 43.904542 ], [ -110.622169, 43.904651 ], [ -110.634865, 43.915878 ], [ -110.636505, 43.918572 ], [ -110.633017, 43.924656 ], [ -110.63187, 43.933927 ], [ -110.62952, 43.937971 ], [ -110.63001, 43.943573 ], [ -110.634786, 43.946956 ], [ -110.635232, 43.953584 ], [ -110.636839, 43.957776 ], [ -110.635855, 43.961743 ], [ -110.638612, 43.96746 ], [ -110.644315, 43.972646 ], [ -110.656437, 43.977391 ], [ -110.663954, 43.983015 ], [ -110.668311, 43.989893 ], [ -110.676599, 43.998266 ], [ -110.67838, 44.005154 ], [ -110.682575, 44.007171 ], [ -110.687918, 44.006838 ], [ -110.6902, 44.008439 ], [ -110.694961, 44.019039 ], [ -110.693013, 44.025273 ], [ -110.692598, 44.033582 ], [ -110.693871, 44.04071 ], [ -110.691039, 44.047444 ], [ -110.689825, 44.06079 ], [ -110.683975, 44.06736 ], [ -110.683699, 44.079619 ], [ -110.676818, 44.085987 ], [ -110.669595, 44.095756 ], [ -110.665511, 44.103038 ], [ -110.665253, 44.11313 ], [ -110.66211, 44.12003 ], [ -110.660041, 44.127125 ], [ -110.663654, 44.131662 ], [ -110.749861, 44.131329 ], [ -110.750808, 44.132175 ], [ -110.875731, 44.132592 ], [ -111.013995, 44.1325 ], [ -111.049091, 44.132368 ] ] ] } },
{ "type": "Feature", "properties": { "PRED_SS_PC": -1.511669142152317, "PERCAP": 0.079864805472937367, "TRACTCE": "967802", "HLTH_INS": 0.054515110330852982, "Q_FEMALE": 0.52055128706763787, "RC5": -0.21428258391391611, "HOU_DEN": -0.52233657288941038, "MED_VAL": 0.189381168548416, "POP_CHG": 0.029223871955554259, "LBR_FORCE": 1.117806273797783, "SoVI_class": "-0.5 to 0.5 SD", "Q_UNEMP": -1.1726088177285949, "Q_EXTRACT": -0.85925082063540348, "MED_RENT": 0.21323770473223241, "Q_MOBILE": -0.72999712915451076, "Q_RENTER": 0.084457550467736425, "AGE_DEP": 0.04244507014525014, "MED_AGE": 0.079056995787983128, "PCT_URBAN": -0.38545687109930332, "NO_VEH": 0.1676331976553837, "Q_SERV": 0.30796030060047958, "COUNTYFP": "039", "ALAND": 71567320.0, "Ii": -0.025076544156847035, "NAME": "9678.02", "RC4": -0.57826452792354499, "HOSP_PC": -0.39945578899327572, "PRED_NURS_PC": -1.0469495550947829, "AWATER": 823580.0, "Q_TRANS": -1.089718368181549, "NAMELSAD": "Census Tract 9678.02", "RC8": -0.71435736560705276, "RC1": 0.65817553900205417, "STATEFP": "56", "NO_HS": -0.68181271994122983, "MTFCC": "G5020", "PRED_BRATE": 0.48739832923049159, "SoVI": -0.61725506386794327, "PRED_PCT_GOP": -1.5341385785484709, "Q_MINOR": 1.0802319520609349, "lag_sovi": 0.40370393863831977, "Area_miles": null, "RC3": 3.5780200448073338, "Q_GRP_QTR": -0.28424984255078312, "GEOIDFQ": "1400000US56039967802", "PRED_GDP_PC": 3.6216500158965279, "FUNCSTAT": "S", "RC10": -0.54344789297590002, "GISJOIN": "G5600390967802", "NAME_E": "Census Tract 9678.02, Teton County, Wyoming", "COUNTY": "Teton County", "INTPTLON": "-110.7408967", "RC2": -0.0095900261027637556, "RC9": -1.147922244480766, "AVG_HH_SZ": 0.50158459624240403, "ESL_PCT": 3.9138127666025322, "INTPTLAT": "+43.4286916", "Q_POV": -1.0180455303815501, "FEM_LBR": 1.3290855081955939, "GEOID": "56039967802", "RC7": -0.70260405677990323, "quadrant": "Low Vulnerability & High Wildfire Risk", "RC6": 0.94298194989348438, "PRED_PHYS_PC": 0.63401954695712448, "PRED_FARM_VAL": 0.70471122445945855, "P.Ii": 0.79846363065460002, "cluster": "Not Significant", "TRACTFIPS": "56039967802", "SOVI_SCORE": 9.209856068000001, "SOVI_RATNG": "Very Low", "WFIR_RISKS": 95.648864947099995, "WFIR_RISKR": "Relatively Moderate", "WFIR_EALT": 193961.817625 }, "geometry": { "type": "Polygon", "coordinates": [ [ [ -110.79331, 43.461759 ], [ -110.797861, 43.464013 ], [ -110.801453, 43.463538 ], [ -110.810228, 43.465547 ], [ -110.837842, 43.465481 ], [ -110.835305, 43.462414 ], [ -110.834847, 43.455872 ], [ -110.837205, 43.453421 ], [ -110.83629, 43.448692 ], [ -110.834072, 43.446258 ], [ -110.835508, 43.441037 ], [ -110.834122, 43.438709 ], [ -110.829342, 43.436346 ], [ -110.830169, 43.434528 ], [ -110.823102, 43.425464 ], [ -110.821937, 43.41561 ], [ -110.818933, 43.411494 ], [ -110.821631, 43.406716 ], [ -110.817804, 43.397555 ], [ -110.809051, 43.396342 ], [ -110.806029, 43.393082 ], [ -110.790894, 43.394537 ], [ -110.788131, 43.393577 ], [ -110.782449, 43.395242 ], [ -110.778843, 43.392048 ], [ -110.771796, 43.391214 ], [ -110.767139, 43.388554 ], [ -110.749729, 43.385382 ], [ -110.746423, 43.386698 ], [ -110.747624, 43.392878 ], [ -110.744642, 43.39464 ], [ -110.734035, 43.393312 ], [ -110.727834, 43.39433 ], [ -110.717859, 43.393744 ], [ -110.714555, 43.39514 ], [ -110.71187, 43.400626 ], [ -110.711618, 43.406954 ], [ -110.70498, 43.416003 ], [ -110.703027, 43.424174 ], [ -110.702204, 43.426543 ], [ -110.697161, 43.429939 ], [ -110.692353, 43.430938 ], [ -110.686586, 43.430038 ], [ -110.68081, 43.430583 ], [ -110.678552, 43.435192 ], [ -110.684359, 43.436091 ], [ -110.696563, 43.439765 ], [ -110.701387, 43.44026 ], [ -110.708954, 43.443179 ], [ -110.721093, 43.450696 ], [ -110.742001, 43.458201 ], [ -110.75076, 43.460085 ], [ -110.756313, 43.462467 ], [ -110.762426, 43.463004 ], [ -110.759697, 43.45987 ], [ -110.769214, 43.454361 ], [ -110.776546, 43.45539 ], [ -110.780921, 43.453598 ], [ -110.792076, 43.452349 ], [ -110.79331, 43.461759 ] ] ] } },
{ "type": "Feature", "properties": { "PRED_SS_PC": -1.462506076980935, "PERCAP": 0.079224923001985387, "TRACTCE": "967801", "HLTH_INS": -0.61716778274280826, "Q_FEMALE": 0.16672968412730629, "RC5": 0.11934890549436721, "HOU_DEN": 0.34041550972921819, "MED_VAL": 0.18917674183278069, "POP_CHG": -0.72339152915312099, "LBR_FORCE": 2.7602123217535199, "SoVI_class": "0.5 to 1 SD", "Q_UNEMP": -1.1726088177285949, "Q_EXTRACT": -0.97494562102391202, "MED_RENT": 0.2132356065833915, "Q_MOBILE": -0.70629111318846205, "Q_RENTER": 2.1202902080306432, "AGE_DEP": -2.2601428752123369, "MED_AGE": 0.079056840203931555, "PCT_URBAN": 0.92287987496125579, "NO_VEH": -1.1209764186047111, "Q_SERV": 1.0862803798823739, "COUNTYFP": "039", "ALAND": 6252324.0, "Ii": 0.10426336670100156, "NAME": "9678.01", "RC4": -1.46721210644738, "HOSP_PC": -0.39945578899327572, "PRED_NURS_PC": -1.0469495550947829, "AWATER": 20767.0, "Q_TRANS": -0.94107818155831957, "NAMELSAD": "Census Tract 9678.01", "RC8": 0.62535981425306608, "RC1": 0.84812186091311692, "STATEFP": "56", "NO_HS": -1.2396838320940149, "MTFCC": "G5020", "PRED_BRATE": -0.4083891910706014, "SoVI": 2.5241932949894448, "PRED_PCT_GOP": -2.584752904032622, "Q_MINOR": 2.117356226178094, "lag_sovi": 0.41045835302682798, "Area_miles": null, "RC3": 4.4019579943263976, "Q_GRP_QTR": -0.23578556456497929, "GEOIDFQ": "1400000US56039967801", "PRED_GDP_PC": 3.6216500158965279, "FUNCSTAT": "S", "RC10": 0.53218761425346639, "GISJOIN": "G5600390967801", "NAME_E": "Census Tract 9678.01, Teton County, Wyoming", "COUNTY": "Teton County", "INTPTLON": "-110.7758458", "RC2": 0.16368577511051299, "RC9": -0.67665781613251486, "AVG_HH_SZ": -0.028971135343158459, "ESL_PCT": 5.0141594544807946, "INTPTLAT": "+43.4612101", "Q_POV": -0.72781027088879113, "FEM_LBR": 3.4678060270855191, "GEOID": "56039967801", "RC7": -1.2179057589161111, "quadrant": "High Vulnerability & Low Wildfire Risk", "RC6": 0.8046929878654755, "PRED_PHYS_PC": 0.84600306534718672, "PRED_FARM_VAL": 0.70471122445945855, "P.Ii": 0.81378330958838985, "cluster": "Not Significant", "TRACTFIPS": "56039967801", "SOVI_SCORE": 9.209856068000001, "SOVI_RATNG": "Very Low", "WFIR_RISKS": 89.220268036600004, "WFIR_RISKR": "Relatively Moderate", "WFIR_EALT": 34871.854652599999 }, "geometry": { "type": "Polygon", "coordinates": [ [ [ -110.79331, 43.461759 ], [ -110.792076, 43.452349 ], [ -110.780921, 43.453598 ], [ -110.776546, 43.45539 ], [ -110.769214, 43.454361 ], [ -110.759697, 43.45987 ], [ -110.762426, 43.463004 ], [ -110.751423, 43.469518 ], [ -110.749932, 43.472291 ], [ -110.749989, 43.479691 ], [ -110.758891, 43.478509 ], [ -110.769989, 43.478543 ], [ -110.771325, 43.477622 ], [ -110.772733, 43.474803 ], [ -110.777603, 43.470618 ], [ -110.785546, 43.468414 ], [ -110.79092, 43.464867 ], [ -110.79331, 43.461759 ] ] ] } },
{ "type": "Feature", "properties": { "PRED_SS_PC": -1.511669142152317, "PERCAP": 0.080685120912481936, "TRACTCE": "967703", "HLTH_INS": 0.75271749406754318, "Q_FEMALE": 0.8760691690295499, "RC5": 0.1701085033247369, "HOU_DEN": -0.38693614560693229, "MED_VAL": 0.1904574150807313, "POP_CHG": -0.98446079681786325, "LBR_FORCE": 0.47781420892588522, "SoVI_class": "< -1 SD", "Q_UNEMP": -0.68642739550373033, "Q_EXTRACT": -1.044362501257017, "MED_RENT": 0.21323450998992061, "Q_MOBILE": -0.93544926752693236, "Q_RENTER": -0.23419451767254451, "AGE_DEP": -0.05313998027891751, "MED_AGE": 0.079057287982421454, "PCT_URBAN": -1.3265962575458641, "NO_VEH": -1.1209764186047111, "Q_SERV": 1.45405799976283, "COUNTYFP": "039", "ALAND": 19660252.0, "Ii": 2.0046524828707919, "NAME": "9677.03", "RC4": -0.27648068211432358, "HOSP_PC": -0.39945578899327572, "PRED_NURS_PC": -0.84598112327513297, "AWATER": 653092.0, "Q_TRANS": -1.5851856569256459, "NAMELSAD": "Census Tract 9677.03", "RC8": -2.296332497465214, "RC1": 0.39232259960041099, "STATEFP": "56", "NO_HS": -1.4975122378683769, "MTFCC": "G5020", "PRED_BRATE": 0.39965879467555698, "SoVI": -5.9286350819495093, "PRED_PCT_GOP": -2.4073357145106939, "Q_MINOR": -0.72517476415291093, "lag_sovi": -3.3600391626041506, "Area_miles": null, "RC3": 1.757478215137279, "Q_GRP_QTR": -0.20980357847658279, "GEOIDFQ": "1400000US56039967703", "PRED_GDP_PC": 2.184235699286595, "FUNCSTAT": "S", "RC10": 0.16003717742339149, "GISJOIN": "G5600390967703", "NAME_E": "Census Tract 9677.03, Teton County, Wyoming", "COUNTY": "Teton County", "INTPTLON": "-110.8394776", "RC2": -1.199101462391883, "RC9": -1.3151889344170431, "AVG_HH_SZ": -0.86669071153088961, "ESL_PCT": 0.20176941531329301, "INTPTLAT": "+43.5281457", "Q_POV": -0.48651335324883238, "FEM_LBR": 0.92869668807279904, "GEOID": "56039967703", "RC7": -1.627946073189189, "quadrant": "Low Vulnerability & High Wildfire Risk", "RC6": 1.693531927857675, "PRED_PHYS_PC": 1.976572141854755, "PRED_FARM_VAL": 0.70471122445945855, "P.Ii": 0.12315812826108306, "cluster": "Not Significant", "TRACTFIPS": "56039967703", "SOVI_SCORE": 69.34786472, "SOVI_RATNG": "Relatively High", "WFIR_RISKS": 96.054368377900005, "WFIR_RISKR": "Relatively Moderate", "WFIR_EALT": 141072.76340900001 }, "geometry": { "type": "Polygon", "coordinates": [ [ [ -110.85685, 43.542677 ], [ -110.857195, 43.534952 ], [ -110.864829, 43.521412 ], [ -110.866102, 43.516943 ], [ -110.870287, 43.512325 ], [ -110.871798, 43.508874 ], [ -110.871799, 43.500023 ], [ -110.869916, 43.498012 ], [ -110.851441, 43.498147 ], [ -110.843587, 43.500003 ], [ -110.839384, 43.499122 ], [ -110.836346, 43.50225 ], [ -110.834714, 43.508665 ], [ -110.83053, 43.512975 ], [ -110.830565, 43.516996 ], [ -110.826536, 43.520675 ], [ -110.820634, 43.531733 ], [ -110.811368, 43.539558 ], [ -110.807688, 43.539361 ], [ -110.803571, 43.541406 ], [ -110.799367, 43.545382 ], [ -110.798266, 43.551484 ], [ -110.79874, 43.556505 ], [ -110.796393, 43.558582 ], [ -110.799196, 43.563318 ], [ -110.806058, 43.564704 ], [ -110.814482, 43.559992 ], [ -110.821961, 43.56004 ], [ -110.822029, 43.546788 ], [ -110.829467, 43.544901 ], [ -110.855092, 43.544982 ], [ -110.85685, 43.542677 ] ] ] } },
{ "type": "Feature", "properties": { "PRED_SS_PC": 0.42117263411665368, "PERCAP": 0.079090366680927698, "TRACTCE": "957800", "HLTH_INS": 0.16493273360310681, "Q_FEMALE": 0.57649738384246174, "RC5": 0.27579261854562531, "HOU_DEN": -0.51436003799214403, "MED_VAL": 0.1777872533902424, "POP_CHG": -0.016383996597694989, "LBR_FORCE": -0.33241228650539162, "SoVI_class": "0.5 to 1 SD", "Q_UNEMP": 0.38317173339097121, "Q_EXTRACT": -0.75512550028574599, "MED_RENT": 0.21322581765900819, "Q_MOBILE": -0.59566303868023507, "Q_RENTER": 0.6863559013993783, "AGE_DEP": -0.18088080293298719, "MED_AGE": 0.079057047016878171, "PCT_URBAN": 0.41172512274294681, "NO_VEH": 0.46930208916057797, "Q_SERV": 0.48757262658860978, "COUNTYFP": "015", "ALAND": 40416923.0, "Ii": -0.20658936792044047, "NAME": "9578", "RC4": 1.5827572778362371, "HOSP_PC": 1.5019412264672021, "PRED_NURS_PC": 1.4020328161663811, "AWATER": 312913.0, "Q_TRANS": 1.2389778889157079, "NAMELSAD": "Census Tract 9578", "RC8": -0.43612024078665029, "RC1": 0.65305691831792734, "STATEFP": "56", "NO_HS": -0.1110607567145097, "MTFCC": "G5020", "PRED_BRATE": -0.61814494366838446, "SoVI": 3.134489468142776, "PRED_PCT_GOP": 0.09481591694705746, "Q_MINOR": -0.21316470865549891, "lag_sovi": -0.65493939540874635, "Area_miles": null, "RC3": -0.38297715601087379, "Q_GRP_QTR": 0.43551462004612762, "GEOIDFQ": "1400000US56015957800", "PRED_GDP_PC": -0.59980209214067326, "FUNCSTAT": "S", "RC10": 0.60328403166606936, "GISJOIN": "G5600150957800", "NAME_E": "Census Tract 9578, Goshen County, Wyoming", "COUNTY": "Goshen County", "INTPTLON": "-104.2247649", "RC2": -0.33560149284650209, "RC9": 0.2488247497531012, "AVG_HH_SZ": -0.33613497994532587, "ESL_PCT": -0.61879518252045707, "INTPTLAT": "+42.0862488", "Q_POV": 0.5622628714533513, "FEM_LBR": -0.86878324168003385, "GEOID": "56015957800", "RC7": -0.16484446397662161, "quadrant": "High Vulnerability & Low Wildfire Risk", "RC6": -1.090317225644464, "PRED_PHYS_PC": -0.92763218993742758, "PRED_FARM_VAL": 0.70471122445945855, "P.Ii": 0.72544079014988927, "cluster": "Not Significant", "TRACTFIPS": "56015957800", "SOVI_SCORE": 58.87756915, "SOVI_RATNG": "Relatively Moderate", "WFIR_RISKS": 69.601512611000004, "WFIR_RISKR": "Relatively Low", "WFIR_EALT": 1184.6202311 }, "geometry": { "type": "Polygon", "coordinates": [ [ [ -104.186425, 42.11199 ], [ -104.193657, 42.118613 ], [ -104.197029, 42.118742 ], [ -104.203652, 42.113917 ], [ -104.218014, 42.113089 ], [ -104.224679, 42.111584 ], [ -104.228935, 42.1178 ], [ -104.233875, 42.120374 ], [ -104.239031, 42.119459 ], [ -104.245081, 42.120413 ], [ -104.247615, 42.123663 ], [ -104.245543, 42.127048 ], [ -104.248246, 42.12947 ], [ -104.256275, 42.132839 ], [ -104.264638, 42.130966 ], [ -104.264815, 42.089327 ], [ -104.266204, 42.087461 ], [ -104.26624, 42.080356 ], [ -104.258828, 42.079549 ], [ -104.253898, 42.077237 ], [ -104.246951, 42.079766 ], [ -104.242961, 42.079856 ], [ -104.240094, 42.077198 ], [ -104.241025, 42.070815 ], [ -104.236209, 42.068961 ], [ -104.235148, 42.06325 ], [ -104.229071, 42.060049 ], [ -104.230832, 42.056799 ], [ -104.228462, 42.055049 ], [ -104.219125, 42.052521 ], [ -104.208916, 42.051816 ], [ -104.204836, 42.054055 ], [ -104.200925, 42.052508 ], [ -104.194811, 42.057887 ], [ -104.184333, 42.053433 ], [ -104.18298, 42.062068 ], [ -104.183006, 42.071934 ], [ -104.188779, 42.071927 ], [ -104.188573, 42.086855 ], [ -104.186851, 42.089209 ], [ -104.186425, 42.11199 ] ] ] } },
{ "type": "Feature", "properties": { "PRED_SS_PC": -0.47870845118124139, "PERCAP": 0.078869293605213636, "TRACTCE": "957700", "HLTH_INS": 0.21236144916527391, "Q_FEMALE": -0.14448941441014659, "RC5": 0.095998112565396046, "HOU_DEN": -0.64834633042817114, "MED_VAL": 0.1779994105278975, "POP_CHG": 0.9704522554359204, "LBR_FORCE": -0.097908445674510805, "SoVI_class": "-1 to -0.5 SD", "Q_UNEMP": -0.78366367994870312, "Q_EXTRACT": 1.419936747018212, "MED_RENT": 0.21322515239230261, "Q_MOBILE": -0.31119084708765121, "Q_RENTER": -0.63546008496030582, "AGE_DEP": 0.60706284997993365, "MED_AGE": 0.079057122911537464, "PCT_URBAN": -1.3265962575458641, "NO_VEH": -0.7620501139459207, "Q_SERV": -0.38483009963944748, "COUNTYFP": "015", "ALAND": 2626999211.0, "Ii": -0.33082021863213035, "NAME": "9577", "RC4": -0.22936284771146601, "HOSP_PC": -0.39945578899327572, "PRED_NURS_PC": -0.32800477177625481, "AWATER": 3978238.0, "Q_TRANS": -0.1978772484421738, "NAMELSAD": "Census Tract 9577", "RC8": -0.34267196446747222, "RC1": -1.393568701704099, "STATEFP": "56", "NO_HS": -0.042730917543835269, "MTFCC": "G5020", "PRED_BRATE": 0.76089650572383172, "SoVI": -2.8274031973257601, "PRED_PCT_GOP": 0.47043336437617711, "Q_MINOR": -0.39765557712102328, "lag_sovi": 1.162690869976718, "Area_miles": null, "RC3": -0.40020710315673258, "Q_GRP_QTR": -0.33531957786038757, "GEOIDFQ": "1400000US56015957700", "PRED_GDP_PC": -0.83426624649867009, "FUNCSTAT": "S", "RC10": -0.1471519092782711, "GISJOIN": "G5600150957700", "NAME_E": "Census Tract 9577, Goshen County, Wyoming", "COUNTY": "Goshen County", "INTPTLON": "-104.3328158", "RC2": -0.50025419289042328, "RC9": -0.2942789565387256, "AVG_HH_SZ": -0.14066707883485591, "ESL_PCT": -0.71676894288916393, "INTPTLAT": "+42.3853915", "Q_POV": -0.2347055137831727, "FEM_LBR": -0.6313154406114061, "GEOID": "56015957700", "RC7": 0.36951529136262973, "quadrant": "Low Vulnerability & High Wildfire Risk", "RC6": -0.014579074493404421, "PRED_PHYS_PC": 0.2459151375882716, "PRED_FARM_VAL": -1.539715592372966, "P.Ii": 0.41101891157821174, "cluster": "Not Significant", "TRACTFIPS": "56015957700", "SOVI_SCORE": 48.99188533, "SOVI_RATNG": "Relatively Moderate", "WFIR_RISKS": 94.898505226400005, "WFIR_RISKR": "Relatively Moderate", "WFIR_EALT": 106234.85961299999 }, "geometry": { "type": "Polygon", "coordinates": [ [ [ -104.655639, 42.609468 ], [ -104.65529, 42.538362 ], [ -104.654945, 42.418857 ], [ -104.655258, 42.374759 ], [ -104.654466, 42.331586 ], [ -104.655052, 42.300389 ], [ -104.654283, 42.244909 ], [ -104.651117, 42.247363 ], [ -104.637522, 42.246063 ], [ -104.633838, 42.248268 ], [ -104.631857, 42.240832 ], [ -104.627943, 42.232355 ], [ -104.620618, 42.22883 ], [ -104.616943, 42.228911 ], [ -104.608351, 42.225464 ], [ -104.600648, 42.225584 ], [ -104.596803, 42.228241 ], [ -104.593079, 42.228452 ], [ -104.581809, 42.224742 ], [ -104.5699, 42.225124 ], [ -104.565795, 42.22172 ], [ -104.565973, 42.209776 ], [ -104.571025, 42.205554 ], [ -104.579837, 42.205718 ], [ -104.582222, 42.203362 ], [ -104.59493, 42.200611 ], [ -104.596358, 42.198965 ], [ -104.594428, 42.193534 ], [ -104.589012, 42.192667 ], [ -104.568067, 42.196394 ], [ -104.562183, 42.19169 ], [ -104.555763, 42.19618 ], [ -104.549179, 42.196174 ], [ -104.546752, 42.19868 ], [ -104.538145, 42.198207 ], [ -104.5273, 42.193401 ], [ -104.522377, 42.195902 ], [ -104.518926, 42.194485 ], [ -104.511778, 42.194297 ], [ -104.50719, 42.191843 ], [ -104.500639, 42.190087 ], [ -104.497717, 42.181127 ], [ -104.494664, 42.178114 ], [ -104.484927, 42.175609 ], [ -104.478095, 42.170106 ], [ -104.474213, 42.168543 ], [ -104.470595, 42.163672 ], [ -104.465392, 42.160207 ], [ -104.469021, 42.157278 ], [ -104.468417, 42.153447 ], [ -104.465104, 42.15067 ], [ -104.466323, 42.143751 ], [ -104.465833, 42.139341 ], [ -104.460793, 42.134118 ], [ -104.449968, 42.130024 ], [ -104.441051, 42.125171 ], [ -104.433654, 42.123049 ], [ -104.426045, 42.123489 ], [ -104.424737, 42.129387 ], [ -104.417561, 42.128877 ], [ -104.416802, 42.125301 ], [ -104.4081, 42.12367 ], [ -104.407203, 42.121215 ], [ -104.409409, 42.118117 ], [ -104.406204, 42.116 ], [ -104.404384, 42.111177 ], [ -104.399059, 42.11188 ], [ -104.390449, 42.116303 ], [ -104.382219, 42.114177 ], [ -104.373923, 42.107953 ], [ -104.370415, 42.107541 ], [ -104.363116, 42.104296 ], [ -104.366515, 42.101346 ], [ -104.372535, 42.100576 ], [ -104.380222, 42.101302 ], [ -104.382321, 42.098286 ], [ -104.381237, 42.0953 ], [ -104.374911, 42.092727 ], [ -104.374886, 42.090028 ], [ -104.371567, 42.087241 ], [ -104.360162, 42.085893 ], [ -104.355543, 42.082084 ], [ -104.354634, 42.078156 ], [ -104.351779, 42.077225 ], [ -104.341638, 42.079358 ], [ -104.328703, 42.075605 ], [ -104.321864, 42.070498 ], [ -104.313382, 42.06903 ], [ -104.308901, 42.066451 ], [ -104.302671, 42.065097 ], [ -104.292631, 42.06148 ], [ -104.275911, 42.056178 ], [ -104.27262, 42.052964 ], [ -104.266773, 42.050718 ], [ -104.266361, 42.05854 ], [ -104.26624, 42.080356 ], [ -104.266204, 42.087461 ], [ -104.264815, 42.089327 ], [ -104.264638, 42.130966 ], [ -104.256275, 42.132839 ], [ -104.248246, 42.12947 ], [ -104.245543, 42.127048 ], [ -104.247615, 42.123663 ], [ -104.245081, 42.120413 ], [ -104.239031, 42.119459 ], [ -104.233875, 42.120374 ], [ -104.228935, 42.1178 ], [ -104.224679, 42.111584 ], [ -104.218014, 42.113089 ], [ -104.203652, 42.113917 ], [ -104.197029, 42.118742 ], [ -104.193657, 42.118613 ], [ -104.186425, 42.11199 ], [ -104.183865, 42.109298 ], [ -104.173913, 42.10616 ], [ -104.167504, 42.103228 ], [ -104.154689, 42.10097 ], [ -104.151865, 42.098092 ], [ -104.148231, 42.097178 ], [ -104.143022, 42.093719 ], [ -104.136278, 42.091484 ], [ -104.124814, 42.089734 ], [ -104.107539, 42.09427 ], [ -104.102621, 42.093157 ], [ -104.099299, 42.090843 ], [ -104.092375, 42.088357 ], [ -104.086135, 42.087632 ], [ -104.081169, 42.089501 ], [ -104.077861, 42.092232 ], [ -104.074133, 42.091797 ], [ -104.066052, 42.088182 ], [ -104.06083, 42.089881 ], [ -104.056781, 42.094455 ], [ -104.052857, 42.096078 ], [ -104.052477, 42.11611 ], [ -104.053048, 42.131346 ], [ -104.052547, 42.166801 ], [ -104.052877, 42.188442 ], [ -104.053023, 42.246289 ], [ -104.05276, 42.258431 ], [ -104.052804, 42.374963 ], [ -104.052897, 42.473118 ], [ -104.053107, 42.499964 ], [ -104.052838, 42.611767 ], [ -104.116825, 42.61198 ], [ -104.181245, 42.61192 ], [ -104.242645, 42.61198 ], [ -104.282024, 42.611648 ], [ -104.360106, 42.611243 ], [ -104.375505, 42.610677 ], [ -104.43011, 42.610084 ], [ -104.453505, 42.609449 ], [ -104.474705, 42.609632 ], [ -104.611847, 42.608787 ], [ -104.625513, 42.609257 ], [ -104.655639, 42.609468 ] ] ] } },
{ "type": "Feature", "properties": { "PRED_SS_PC": 0.74996965312918118, "PERCAP": 0.078816985119997046, "TRACTCE": "957900", "HLTH_INS": 0.19946509686919181, "Q_FEMALE": -0.002115498991011992, "RC5": 0.84413794248497687, "HOU_DEN": -0.57610458431651468, "MED_VAL": 0.1778920435554, "POP_CHG": -0.61422402813500776, "LBR_FORCE": -1.990357167272748, "SoVI_class": "0.5 to 1 SD", "Q_UNEMP": 0.042844737833566057, "Q_EXTRACT": -0.78983394040229848, "MED_RENT": 0.21322455292120521, "Q_MOBILE": -0.556153012070154, "Q_RENTER": -0.092571376276864126, "AGE_DEP": 1.023102814240451, "MED_AGE": 0.079056961635386447, "PCT_URBAN": 0.39734724138426458, "NO_VEH": 2.143872830088267, "Q_SERV": 1.017856636648802, "COUNTYFP": "015", "ALAND": 88870301.0, "Ii": -0.046923258811590429, "NAME": "9579", "RC4": 1.7011155397573621, "HOSP_PC": -0.39945578899327572, "PRED_NURS_PC": 1.633457530092983, "AWATER": 875977.0, "Q_TRANS": 0.2232699469903088, "NAMELSAD": "Census Tract 9579", "RC8": -0.9379251971069108, "RC1": 1.4729590592613111, "STATEFP": "56", "NO_HS": 0.1137099933358728, "MTFCC": "G5020", "PRED_BRATE": -1.4283365562309549, "SoVI": 1.9042586384049649, "PRED_PCT_GOP": 0.48280436603950327, "Q_MINOR": 0.2711731085331559, "lag_sovi": -0.24486245216280944, "Area_miles": null, "RC3": -1.4863225153478929, "Q_GRP_QTR": 1.6806330505643909, "GEOIDFQ": "1400000US56015957900", "PRED_GDP_PC": -0.84103908143231898, "FUNCSTAT": "S", "RC10": 0.097574281701378524, "GISJOIN": "G5600150957900", "NAME_E": "Census Tract 9579, Goshen County, Wyoming", "COUNTY": "Goshen County", "INTPTLON": "-104.0893488", "RC2": 0.52104878332936599, "RC9": -0.41840421228626101, "AVG_HH_SZ": -0.64329882454749465, "ESL_PCT": -0.53819312088646687, "INTPTLAT": "+42.0401606", "Q_POV": 1.0705168700409891, "FEM_LBR": -1.509709272035991, "GEOID": "56015957900", "RC7": 0.3585220644553313, "quadrant": "High Vulnerability & Low Wildfire Risk", "RC6": 0.24844710784369589, "PRED_PHYS_PC": 0.19286992918523599, "PRED_FARM_VAL": 0.70471122445945855, "P.Ii": 0.89776604657574965, "cluster": "Not Significant", "TRACTFIPS": "56015957900", "SOVI_SCORE": 63.65397145, "SOVI_RATNG": "Relatively High", "WFIR_RISKS": 79.902013247200003, "WFIR_RISKR": "Relatively Low", "WFIR_EALT": 4673.16798715 }, "geometry": { "type": "Polygon", "coordinates": [ [ [ -104.186425, 42.11199 ], [ -104.186851, 42.089209 ], [ -104.188573, 42.086855 ], [ -104.188779, 42.071927 ], [ -104.183006, 42.071934 ], [ -104.18298, 42.062068 ], [ -104.184333, 42.053433 ], [ -104.176514, 42.052819 ], [ -104.168591, 42.046295 ], [ -104.165447, 42.04502 ], [ -104.156888, 42.044692 ], [ -104.157836, 42.040245 ], [ -104.156126, 42.038411 ], [ -104.150793, 42.038411 ], [ -104.142523, 42.03086 ], [ -104.138189, 42.033343 ], [ -104.134309, 42.031818 ], [ -104.131498, 42.034064 ], [ -104.122655, 42.032896 ], [ -104.120121, 42.030249 ], [ -104.114983, 42.028279 ], [ -104.10887, 42.021837 ], [ -104.101189, 42.019543 ], [ -104.099835, 42.016625 ], [ -104.095602, 42.013589 ], [ -104.094456, 42.009684 ], [ -104.091725, 42.008482 ], [ -104.089477, 42.004549 ], [ -104.09013, 42.001397 ], [ -104.086713, 42.000108 ], [ -104.085189, 41.994589 ], [ -104.077666, 41.989498 ], [ -104.071611, 41.989871 ], [ -104.065278, 41.984136 ], [ -104.060896, 41.9832 ], [ -104.058185, 41.986875 ], [ -104.052808, 41.990072 ], [ -104.052798, 42.025519 ], [ -104.052994, 42.080031 ], [ -104.052857, 42.096078 ], [ -104.056781, 42.094455 ], [ -104.06083, 42.089881 ], [ -104.066052, 42.088182 ], [ -104.074133, 42.091797 ], [ -104.077861, 42.092232 ], [ -104.081169, 42.089501 ], [ -104.086135, 42.087632 ], [ -104.092375, 42.088357 ], [ -104.099299, 42.090843 ], [ -104.102621, 42.093157 ], [ -104.107539, 42.09427 ], [ -104.124814, 42.089734 ], [ -104.136278, 42.091484 ], [ -104.143022, 42.093719 ], [ -104.148231, 42.097178 ], [ -104.151865, 42.098092 ], [ -104.154689, 42.10097 ], [ -104.167504, 42.103228 ], [ -104.173913, 42.10616 ], [ -104.183865, 42.109298 ], [ -104.186425, 42.11199 ] ] ] } },
{ "type": "Feature", "properties": { "PRED_SS_PC": -0.58681810924106281, "PERCAP": 0.078906006307025059, "TRACTCE": "958000", "HLTH_INS": -0.32825692518279648, "Q_FEMALE": -0.83804000088943531, "RC5": 0.21835020630453619, "HOU_DEN": -0.64804380108701531, "MED_VAL": 0.17856802601424451, "POP_CHG": 0.5000878959972852, "LBR_FORCE": -0.2779218100020126, "SoVI_class": "-0.5 to 0.5 SD", "Q_UNEMP": -1.0753725332836219, "Q_EXTRACT": 2.1719529495435168, "MED_RENT": 0.21322342708524181, "Q_MOBILE": 0.43159765318187338, "Q_RENTER": -0.66496490608440584, "AGE_DEP": -0.077039948698969088, "MED_AGE": 0.079056921790690307, "PCT_URBAN": -1.095032538023073, "NO_VEH": -1.072825004627443, "Q_SERV": -1.334209537005274, "COUNTYFP": "015", "ALAND": 3008024533.0, "Ii": -0.0058421827000761078, "NAME": "9580", "RC4": -0.38599518681209632, "HOSP_PC": -0.39945578899327572, "PRED_NURS_PC": -0.034642853787940492, "AWATER": 11802591.0, "Q_TRANS": -0.34651743506540289, "NAMELSAD": "Census Tract 9580", "RC8": 1.2006726466188751, "RC1": -2.012544978145983, "STATEFP": "56", "NO_HS": -0.1583101259003275, "MTFCC": "G5020", "PRED_BRATE": 1.5775376792907481, "SoVI": -1.0416736273054441, "PRED_PCT_GOP": 0.96906871388256755, "Q_MINOR": -0.92907434582991644, "lag_sovi": 0.055731845955632742, "Area_miles": null, "RC3": 0.23059775729559229, "Q_GRP_QTR": 0.14954046150203279, "GEOIDFQ": "1400000US56015958000", "PRED_GDP_PC": -0.19328283204863519, "FUNCSTAT": "S", "RC10": -0.49608307060581491, "GISJOIN": "G5600150958000", "NAME_E": "Census Tract 9580, Goshen County, Wyoming", "COUNTY": "Goshen County", "INTPTLON": "-104.3807024", "RC2": -0.02726225389389297, "RC9": -0.41781481261490588, "AVG_HH_SZ": 0.47366061036948032, "ESL_PCT": 0.64742617665410751, "INTPTLAT": "+41.8414280", "Q_POV": 0.1591849274091946, "FEM_LBR": -0.19242223566913441, "GEOID": "56015958000", "RC7": 0.90408450580185384, "quadrant": "Low Vulnerability & High Wildfire Risk", "RC6": 0.25567844125360839, "PRED_PHYS_PC": -0.020793837495501781, "PRED_FARM_VAL": -1.3854203951744819, "P.Ii": 0.96654974969466756, "cluster": "Not Significant", "TRACTFIPS": "56015958000", "SOVI_SCORE": 51.96114435, "SOVI_RATNG": "Relatively Moderate", "WFIR_RISKS": 94.941314972699999, "WFIR_RISKR": "Relatively Moderate", "WFIR_EALT": 105624.32043599999 }, "geometry": { "type": "Polygon", "coordinates": [ [ [ -104.654283, 42.244909 ], [ -104.655027, 42.216785 ], [ -104.654463, 42.189243 ], [ -104.653968, 42.152571 ], [ -104.653876, 42.099736 ], [ -104.653254, 42.037481 ], [ -104.653358, 42.003949 ], [ -104.653768, 41.999966 ], [ -104.653618, 41.97952 ], [ -104.653826, 41.937963 ], [ -104.653638, 41.919352 ], [ -104.6538, 41.874968 ], [ -104.653247, 41.821176 ], [ -104.653394, 41.807983 ], [ -104.653145, 41.740864 ], [ -104.653338, 41.653007 ], [ -104.653475, 41.63533 ], [ -104.652992, 41.565014 ], [ -104.614507, 41.564718 ], [ -104.528566, 41.564592 ], [ -104.497692, 41.564173 ], [ -104.468927, 41.564548 ], [ -104.453156, 41.564436 ], [ -104.363606, 41.564843 ], [ -104.344053, 41.564526 ], [ -104.283248, 41.564453 ], [ -104.266353, 41.564147 ], [ -104.208812, 41.564366 ], [ -104.18924, 41.564186 ], [ -104.131235, 41.564447 ], [ -104.09232, 41.564155 ], [ -104.05254, 41.564274 ], [ -104.052859, 41.592254 ], [ -104.052819, 41.661206 ], [ -104.052674, 41.727075 ], [ -104.052886, 41.742172 ], [ -104.052762, 41.838567 ], [ -104.052765, 41.885379 ], [ -104.052967, 41.916972 ], [ -104.052622, 41.957937 ], [ -104.052808, 41.990072 ], [ -104.058185, 41.986875 ], [ -104.060896, 41.9832 ], [ -104.065278, 41.984136 ], [ -104.071611, 41.989871 ], [ -104.077666, 41.989498 ], [ -104.085189, 41.994589 ], [ -104.086713, 42.000108 ], [ -104.09013, 42.001397 ], [ -104.089477, 42.004549 ], [ -104.091725, 42.008482 ], [ -104.094456, 42.009684 ], [ -104.095602, 42.013589 ], [ -104.099835, 42.016625 ], [ -104.101189, 42.019543 ], [ -104.10887, 42.021837 ], [ -104.114983, 42.028279 ], [ -104.120121, 42.030249 ], [ -104.122655, 42.032896 ], [ -104.131498, 42.034064 ], [ -104.134309, 42.031818 ], [ -104.138189, 42.033343 ], [ -104.142523, 42.03086 ], [ -104.150793, 42.038411 ], [ -104.156126, 42.038411 ], [ -104.157836, 42.040245 ], [ -104.156888, 42.044692 ], [ -104.165447, 42.04502 ], [ -104.168591, 42.046295 ], [ -104.176514, 42.052819 ], [ -104.184333, 42.053433 ], [ -104.194811, 42.057887 ], [ -104.200925, 42.052508 ], [ -104.204836, 42.054055 ], [ -104.208916, 42.051816 ], [ -104.219125, 42.052521 ], [ -104.228462, 42.055049 ], [ -104.230832, 42.056799 ], [ -104.229071, 42.060049 ], [ -104.235148, 42.06325 ], [ -104.236209, 42.068961 ], [ -104.241025, 42.070815 ], [ -104.240094, 42.077198 ], [ -104.242961, 42.079856 ], [ -104.246951, 42.079766 ], [ -104.253898, 42.077237 ], [ -104.258828, 42.079549 ], [ -104.26624, 42.080356 ], [ -104.266361, 42.05854 ], [ -104.266773, 42.050718 ], [ -104.27262, 42.052964 ], [ -104.275911, 42.056178 ], [ -104.292631, 42.06148 ], [ -104.302671, 42.065097 ], [ -104.308901, 42.066451 ], [ -104.313382, 42.06903 ], [ -104.321864, 42.070498 ], [ -104.328703, 42.075605 ], [ -104.341638, 42.079358 ], [ -104.351779, 42.077225 ], [ -104.354634, 42.078156 ], [ -104.355543, 42.082084 ], [ -104.360162, 42.085893 ], [ -104.371567, 42.087241 ], [ -104.374886, 42.090028 ], [ -104.374911, 42.092727 ], [ -104.381237, 42.0953 ], [ -104.382321, 42.098286 ], [ -104.380222, 42.101302 ], [ -104.372535, 42.100576 ], [ -104.366515, 42.101346 ], [ -104.363116, 42.104296 ], [ -104.370415, 42.107541 ], [ -104.373923, 42.107953 ], [ -104.382219, 42.114177 ], [ -104.390449, 42.116303 ], [ -104.399059, 42.11188 ], [ -104.404384, 42.111177 ], [ -104.406204, 42.116 ], [ -104.409409, 42.118117 ], [ -104.407203, 42.121215 ], [ -104.4081, 42.12367 ], [ -104.416802, 42.125301 ], [ -104.417561, 42.128877 ], [ -104.424737, 42.129387 ], [ -104.426045, 42.123489 ], [ -104.433654, 42.123049 ], [ -104.441051, 42.125171 ], [ -104.449968, 42.130024 ], [ -104.460793, 42.134118 ], [ -104.465833, 42.139341 ], [ -104.466323, 42.143751 ], [ -104.465104, 42.15067 ], [ -104.468417, 42.153447 ], [ -104.469021, 42.157278 ], [ -104.465392, 42.160207 ], [ -104.470595, 42.163672 ], [ -104.474213, 42.168543 ], [ -104.478095, 42.170106 ], [ -104.484927, 42.175609 ], [ -104.494664, 42.178114 ], [ -104.497717, 42.181127 ], [ -104.500639, 42.190087 ], [ -104.50719, 42.191843 ], [ -104.511778, 42.194297 ], [ -104.518926, 42.194485 ], [ -104.522377, 42.195902 ], [ -104.5273, 42.193401 ], [ -104.538145, 42.198207 ], [ -104.546752, 42.19868 ], [ -104.549179, 42.196174 ], [ -104.555763, 42.19618 ], [ -104.562183, 42.19169 ], [ -104.568067, 42.196394 ], [ -104.589012, 42.192667 ], [ -104.594428, 42.193534 ], [ -104.596358, 42.198965 ], [ -104.59493, 42.200611 ], [ -104.582222, 42.203362 ], [ -104.579837, 42.205718 ], [ -104.571025, 42.205554 ], [ -104.565973, 42.209776 ], [ -104.565795, 42.22172 ], [ -104.5699, 42.225124 ], [ -104.581809, 42.224742 ], [ -104.593079, 42.228452 ], [ -104.596803, 42.228241 ], [ -104.600648, 42.225584 ], [ -104.608351, 42.225464 ], [ -104.616943, 42.228911 ], [ -104.620618, 42.22883 ], [ -104.627943, 42.232355 ], [ -104.631857, 42.240832 ], [ -104.633838, 42.248268 ], [ -104.637522, 42.246063 ], [ -104.651117, 42.247363 ], [ -104.654283, 42.244909 ] ] ] } },
{ "type": "Feature", "properties": { "PRED_SS_PC": 0.20858021346423819, "PERCAP": 0.07952414575147787, "TRACTCE": "000501", "HLTH_INS": 0.51242970378987285, "Q_FEMALE": 0.89687590898292202, "RC5": -0.4575392201436258, "HOU_DEN": 2.229252102686206, "MED_VAL": 0.17851391306010569, "POP_CHG": -0.35666364369402143, "LBR_FORCE": 0.26799796219259592, "SoVI_class": "-0.5 to 0.5 SD", "Q_UNEMP": 1.306916435618213, "Q_EXTRACT": -0.81297290048000015, "MED_RENT": 0.21322763800416991, "Q_MOBILE": -0.88013523027281892, "Q_RENTER": 1.17023496783462, "AGE_DEP": -0.01401034611158496, "MED_AGE": 0.079056883843360654, "PCT_URBAN": 0.92287987496125579, "NO_VEH": 0.66685022817899153, "Q_SERV": 0.70139682419352567, "COUNTYFP": "025", "ALAND": 3759044.0, "Ii": -0.025635393977767752, "NAME": "5.01", "RC4": -0.30429734261920882, "HOSP_PC": -0.39945578899327572, "PRED_NURS_PC": -0.62748089300480192, "AWATER": 0.0, "Q_TRANS": -0.51993098612583688, "NAMELSAD": "Census Tract 5.01", "RC8": -0.41162308275991633, "RC1": 0.85060696933250479, "STATEFP": "56", "NO_HS": -0.8477260976630594, "MTFCC": "G5020", "PRED_BRATE": -1.5199869682541001, "SoVI": -0.3567972302512174, "PRED_PCT_GOP": -0.33789594279675711, "Q_MINOR": -0.66412815466976316, "lag_sovi": 0.7139675682643235, "Area_miles": null, "RC3": -0.36398491552643092, "Q_GRP_QTR": -0.1061200696563547, "GEOIDFQ": "1400000US56025000501", "PRED_GDP_PC": -0.23439314432448749, "FUNCSTAT": "S", "RC10": 1.134311889982107, "GISJOIN": "G5600250000501", "NAME_E": "Census Tract 5.01, Natrona County, Wyoming", "COUNTY": "Natrona County", "INTPTLON": "-106.2854367", "RC2": -0.99825148423714005, "RC9": 0.62127118436204776, "AVG_HH_SZ": -0.95046266914966215, "ESL_PCT": -0.71676894288916393, "INTPTLAT": "+42.8310851", "Q_POV": -0.19371589618644081, "FEM_LBR": 0.55196688306452091, "GEOID": "56025000501", "RC7": 0.016133444284898098, "quadrant": "Low Vulnerability & Low Wildfire Risk", "RC6": 0.4434246729264536, "PRED_PHYS_PC": 1.0665851404127049, "PRED_FARM_VAL": 0.70471122445945855, "P.Ii": 0.57527190749842516, "cluster": "Not Significant", "TRACTFIPS": "56025000501", "SOVI_SCORE": 9.209856068000001, "SOVI_RATNG": "Very Low", "WFIR_RISKS": 87.975217913500003, "WFIR_RISKR": "Relatively Low", "WFIR_EALT": 28194.8172142 }, "geometry": { "type": "Polygon", "coordinates": [ [ [ -106.29788, 42.83888 ], [ -106.29795, 42.82808 ], [ -106.297877, 42.820777 ], [ -106.280256, 42.824108 ], [ -106.2759, 42.82376 ], [ -106.27277, 42.82732 ], [ -106.27199, 42.83404 ], [ -106.26851, 42.83761 ], [ -106.27181, 42.83896 ], [ -106.286492, 42.838892 ], [ -106.29788, 42.83888 ] ] ] } },
{ "type": "Feature", "properties": { "PRED_SS_PC": 1.3473023269961271, "PERCAP": 0.078893597983001967, "TRACTCE": "000502", "HLTH_INS": 0.28051745534907102, "Q_FEMALE": 0.56918445337153589, "RC5": -0.45641225893215182, "HOU_DEN": 1.5743408634178131, "MED_VAL": 0.17835930461970931, "POP_CHG": 0.45584382072976032, "LBR_FORCE": -0.11047741528156781, "SoVI_class": "0.5 to 1 SD", "Q_UNEMP": 0.96658944006080838, "Q_EXTRACT": -0.66256965997493911, "MED_RENT": 0.21322647561509081, "Q_MOBILE": -0.1847587619353917, "Q_RENTER": 1.040413754888579, "AGE_DEP": 0.26467018149803379, "MED_AGE": 0.079056751027706873, "PCT_URBAN": 0.92287987496125579, "NO_VEH": 1.5042673681594481, "Q_SERV": 0.2566424931753003, "COUNTYFP": "025", "ALAND": 1881498.0, "Ii": -0.027706694985414188, "NAME": "5.02", "RC4": -0.20729641425006451, "HOSP_PC": -0.39945578899327572, "PRED_NURS_PC": -0.26404718285071899, "AWATER": 0.0, "Q_TRANS": -0.29697070619099308, "NAMELSAD": "Census Tract 5.02", "RC8": 0.37602526405786463, "RC1": 0.66711983931018626, "STATEFP": "56", "NO_HS": -0.27480841368658532, "MTFCC": "G5020", "PRED_BRATE": -0.63077738709989306, "SoVI": 1.8704894163744969, "PRED_PCT_GOP": 0.091148121936412058, "Q_MINOR": -0.32885540140047081, "lag_sovi": -0.14719377078508458, "Area_miles": null, "RC3": -0.32375782448550983, "Q_GRP_QTR": -0.31796761902712878, "GEOIDFQ": "1400000US56025000502", "PRED_GDP_PC": -0.1083724795674169, "FUNCSTAT": "S", "RC10": 0.26012065511498761, "GISJOIN": "G5600250000502", "NAME_E": "Census Tract 5.02, Natrona County, Wyoming", "COUNTY": "Natrona County", "INTPTLON": "-106.2750344", "RC2": -0.55836522091955976, "RC9": 1.481216822140321, "AVG_HH_SZ": 0.3898886527507065, "ESL_PCT": -0.19054206248515709, "INTPTLAT": "+42.8456243", "Q_POV": 1.091145296575794, "FEM_LBR": 0.78495094025527146, "GEOID": "56025000502", "RC7": 0.59947321489786976, "quadrant": "High Vulnerability & Low Wildfire Risk", "RC6": -0.032365339440552733, "PRED_PHYS_PC": -0.01093872769182642, "PRED_FARM_VAL": 0.70471122445945855, "P.Ii": 0.94045566909625644, "cluster": "Not Significant", "TRACTFIPS": "56025000502", "SOVI_SCORE": 49.67008233, "SOVI_RATNG": "Relatively Moderate", "WFIR_RISKS": 49.582010393300003, "WFIR_RISKR": "Very Low", "WFIR_EALT": 219.53260175400001 }, "geometry": { "type": "Polygon", "coordinates": [ [ [ -106.286492, 42.838892 ], [ -106.27181, 42.83896 ], [ -106.26851, 42.83761 ], [ -106.265687, 42.843168 ], [ -106.27027, 42.847 ], [ -106.270753, 42.854134 ], [ -106.277969, 42.855999 ], [ -106.28144, 42.85331 ], [ -106.28025, 42.84801 ], [ -106.2814, 42.8426 ], [ -106.286492, 42.838892 ] ] ] } },
{ "type": "Feature", "properties": { "PRED_SS_PC": -0.24621344509247131, "PERCAP": 0.078817781984842558, "TRACTCE": "000200", "HLTH_INS": -0.17296194041661159, "Q_FEMALE": -0.17857300507866861, "RC5": -0.028725311989916499, "HOU_DEN": -0.64866849754715616, "MED_VAL": 0.17831120421603039, "POP_CHG": -0.064882611653489214, "LBR_FORCE": 0.242906789545974, "SoVI_class": "-0.5 to 0.5 SD", "Q_UNEMP": -0.54057296883627104, "Q_EXTRACT": 1.454645187134765, "MED_RENT": 0.21322453098933569, "Q_MOBILE": -0.13734673000329439, "Q_RENTER": -0.40532248019232509, "AGE_DEP": 0.32578665449424687, "MED_AGE": 0.079057083066841338, "PCT_URBAN": -0.9475032743995544, "NO_VEH": -0.2868346306075224, "Q_SERV": -0.9493259813164252, "COUNTYFP": "043", "ALAND": 5780730047.0, "Ii": 0.078113911141834885, "NAME": "2", "RC4": -0.625403489712542, "HOSP_PC": -0.39945578899327572, "PRED_NURS_PC": -0.65080027588222089, "AWATER": 9728956.0, "Q_TRANS": 1.2142045244785029, "NAMELSAD": "Census Tract 2", "RC8": 0.21531856927031601, "RC1": -1.4710036159804309, "STATEFP": "56", "NO_HS": -0.32044781625449881, "MTFCC": "G5020", "PRED_BRATE": 0.52251438007294049, "SoVI": -1.4028370311652349, "PRED_PCT_GOP": 0.57050509275952654, "Q_MINOR": -0.38079702140380312, "lag_sovi": -0.55332605966396842, "Area_miles": null, "RC3": -0.68902367938149012, "Q_GRP_QTR": -0.1159996110551436, "GEOIDFQ": "1400000US56043000200", "PRED_GDP_PC": -0.89174898311926609, "FUNCSTAT": "S", "RC10": 0.35800999244147708, "GISJOIN": "G5600430000200", "NAME_E": "Census Tract 2, Washakie County, Wyoming", "COUNTY": "Washakie County", "INTPTLON": "-107.6690520", "RC2": 0.032952355043448477, "RC9": -0.30437697811155318, "AVG_HH_SZ": -0.001047149470234703, "ESL_PCT": -0.59971431137260311, "INTPTLAT": "+43.8788305", "Q_POV": -0.28601387420555902, "FEM_LBR": 0.021020710998320539, "GEOID": "56043000200", "RC7": 0.19442601702562909, "quadrant": "Low Vulnerability & High Wildfire Risk", "RC6": -0.91498911022982676, "PRED_PHYS_PC": -1.1240988432672521, "PRED_FARM_VAL": -1.8053054419911241, "P.Ii": 0.60671139959495957, "cluster": "Not Significant", "TRACTFIPS": "56043000200", "SOVI_SCORE": 79.99111532000001, "SOVI_RATNG": "Relatively High", "WFIR_RISKS": 95.324224370600007, "WFIR_RISKR": "Relatively Moderate", "WFIR_EALT": 96830.262210300003 }, "geometry": { "type": "Polygon", "coordinates": [ [ [ -108.550562, 44.168455 ], [ -108.550815, 44.124954 ], [ -108.550616, 44.103117 ], [ -108.550758, 44.079403 ], [ -108.490254, 44.07976 ], [ -108.489699, 44.000382 ], [ -108.489431, 43.991866 ], [ -108.427064, 43.992054 ], [ -108.429563, 43.903355 ], [ -108.30936, 43.903255 ], [ -108.310059, 43.874956 ], [ -108.309607, 43.872798 ], [ -108.309694, 43.846619 ], [ -108.250656, 43.846755 ], [ -108.229356, 43.847155 ], [ -108.216845, 43.847848 ], [ -108.191655, 43.847655 ], [ -108.185255, 43.848255 ], [ -108.188978, 43.841858 ], [ -108.192137, 43.839117 ], [ -108.193825, 43.834135 ], [ -108.19908, 43.831702 ], [ -108.201752, 43.82671 ], [ -108.197784, 43.82518 ], [ -108.19619, 43.828361 ], [ -108.185796, 43.823893 ], [ -108.176157, 43.822867 ], [ -108.173617, 43.818953 ], [ -108.077197, 43.818702 ], [ -108.002668, 43.81851 ], [ -108.000649, 43.818768 ], [ -107.956448, 43.818666 ], [ -107.956577, 43.733446 ], [ -107.875643, 43.733482 ], [ -107.75064, 43.733218 ], [ -107.73703, 43.733494 ], [ -107.715876, 43.733343 ], [ -107.716218, 43.645766 ], [ -107.628271, 43.646377 ], [ -107.595157, 43.646427 ], [ -107.595327, 43.610809 ], [ -107.595105, 43.501397 ], [ -107.534897, 43.501362 ], [ -107.500632, 43.501298 ], [ -107.449653, 43.501897 ], [ -107.425641, 43.501642 ], [ -107.250624, 43.501624 ], [ -107.23063, 43.501485 ], [ -107.230481, 43.500344 ], [ -107.19761, 43.500542 ], [ -107.173873, 43.500328 ], [ -107.110734, 43.500286 ], [ -107.110799, 43.555571 ], [ -107.113639, 43.555781 ], [ -107.11369, 43.612496 ], [ -107.113385, 43.657647 ], [ -107.113634, 43.715802 ], [ -107.113062, 43.729746 ], [ -107.113885, 43.73524 ], [ -107.113739, 43.754835 ], [ -107.113655, 43.816092 ], [ -107.127622, 43.815961 ], [ -107.128034, 43.873632 ], [ -107.128394, 43.902481 ], [ -107.127816, 43.916683 ], [ -107.127969, 43.936244 ], [ -107.129009, 43.999963 ], [ -107.128827, 44.006114 ], [ -107.128492, 44.06357 ], [ -107.128641, 44.121245 ], [ -107.128055, 44.14125 ], [ -107.128584, 44.165692 ], [ -107.146808, 44.165666 ], [ -107.280471, 44.167512 ], [ -107.375628, 44.167882 ], [ -107.500633, 44.167166 ], [ -107.541198, 44.166509 ], [ -107.61219, 44.166527 ], [ -107.67301, 44.166405 ], [ -107.712852, 44.16645 ], [ -107.722019, 44.167877 ], [ -107.742134, 44.168016 ], [ -107.826403, 44.168092 ], [ -107.870975, 44.168216 ], [ -107.923457, 44.16783 ], [ -107.96209, 44.168307 ], [ -108.064676, 44.168173 ], [ -108.212256, 44.168234 ], [ -108.36146, 44.168409 ], [ -108.375664, 44.168222 ], [ -108.550562, 44.168455 ] ], [ [ -107.968767, 44.007958 ], [ -107.983535, 43.986461 ], [ -107.994149, 43.975921 ], [ -107.99537, 43.980048 ], [ -107.990573, 43.981652 ], [ -107.990348, 43.984644 ], [ -107.993653, 43.987133 ], [ -107.984273, 43.993492 ], [ -107.983323, 44.000248 ], [ -107.985002, 44.003237 ], [ -107.97959, 44.00637 ], [ -107.97883, 44.012229 ], [ -107.971728, 44.013039 ], [ -107.969744, 44.018606 ], [ -107.971797, 44.023902 ], [ -107.966056, 44.027709 ], [ -107.963146, 44.033452 ], [ -107.958074, 44.034471 ], [ -107.958745, 44.037651 ], [ -107.95443, 44.041274 ], [ -107.955249, 44.048068 ], [ -107.958551, 44.049894 ], [ -107.952496, 44.054064 ], [ -107.944855, 44.05541 ], [ -107.943521, 44.057237 ], [ -107.946043, 44.06068 ], [ -107.936996, 44.060645 ], [ -107.933297, 44.055577 ], [ -107.927973, 44.052125 ], [ -107.927228, 44.047529 ], [ -107.922666, 44.04449 ], [ -107.923116, 44.037979 ], [ -107.927864, 44.036701 ], [ -107.927388, 44.008518 ], [ -107.948432, 44.007879 ], [ -107.968767, 44.007958 ] ] ] } },
{ "type": "Feature", "properties": { "PRED_SS_PC": -0.25518787161798118, "PERCAP": 0.078862007983768884, "TRACTCE": "000302", "HLTH_INS": 0.43066909722274299, "Q_FEMALE": 0.70555173838661223, "RC5": 0.074837696938362966, "HOU_DEN": -0.41626204813033241, "MED_VAL": 0.17781216252786181, "POP_CHG": 0.57971555194386548, "LBR_FORCE": -0.25908602522623708, "SoVI_class": "-1 to -0.5 SD", "Q_UNEMP": -0.39471854216881169, "Q_EXTRACT": -0.48902745939217651, "MED_RENT": 0.21322449443621999, "Q_MOBILE": -0.72999712915451076, "Q_RENTER": -0.10437330472650409, "AGE_DEP": 1.034054626167269, "MED_AGE": 0.07905711721943802, "PCT_URBAN": 0.733300101220284, "NO_VEH": -0.59865599580044537, "Q_SERV": -0.23087667736390829, "COUNTYFP": "043", "ALAND": 15429218.0, "Ii": -0.43484437413947841, "NAME": "3.02", "RC4": -0.21582780784229841, "HOSP_PC": -0.39945578899327572, "PRED_NURS_PC": -0.21872664042116369, "AWATER": 686934.0, "Q_TRANS": -0.66857117274906597, "NAMELSAD": "Census Tract 3.02", "RC8": -1.653010276286685, "RC1": 0.49768368081831699, "STATEFP": "56", "NO_HS": -0.3475673623863777, "MTFCC": "G5020", "PRED_BRATE": -0.96324253152709038, "SoVI": -2.079080501556517, "PRED_PCT_GOP": 0.42966581548618898, "Q_MINOR": 0.62146269976100266, "lag_sovi": 2.0783683149275425, "Area_miles": null, "RC3": -0.25056194331613002, "Q_GRP_QTR": 0.1016507115243368, "GEOIDFQ": "1400000US56043000302", "PRED_GDP_PC": -0.62593672001463629, "FUNCSTAT": "S", "RC10": 0.2046012619198456, "GISJOIN": "G5600430000302", "NAME_E": "Census Tract 3.02, Washakie County, Wyoming", "COUNTY": "Washakie County", "INTPTLON": "-107.9507483", "RC2": -0.2491467738679865, "RC9": -0.50494520810447174, "AVG_HH_SZ": -0.44783092343702341, "ESL_PCT": -0.2407669652576539, "INTPTLAT": "+44.0287706", "Q_POV": -0.42678438622447867, "FEM_LBR": -0.036459212131341047, "GEOID": "56043000302", "RC7": 0.5823452944747094, "quadrant": "Low Vulnerability & Low Wildfire Risk", "RC6": 0.56505642629018116, "PRED_PHYS_PC": 0.87284344092054622, "PRED_FARM_VAL": 0.70471122445945855, "P.Ii": 0.35349919330749274, "cluster": "Not Significant", "TRACTFIPS": "56043000302", "SOVI_SCORE": 87.59284487, "SOVI_RATNG": "Very High", "WFIR_RISKS": 76.767388486599998, "WFIR_RISKR": "Relatively Low", "WFIR_EALT": 2398.3411734599999 }, "geometry": { "type": "Polygon", "coordinates": [ [ [ -107.948432, 44.007879 ], [ -107.927388, 44.008518 ], [ -107.927864, 44.036701 ], [ -107.923116, 44.037979 ], [ -107.922666, 44.04449 ], [ -107.927228, 44.047529 ], [ -107.927973, 44.052125 ], [ -107.933297, 44.055577 ], [ -107.936996, 44.060645 ], [ -107.946043, 44.06068 ], [ -107.943521, 44.057237 ], [ -107.944855, 44.05541 ], [ -107.952496, 44.054064 ], [ -107.958551, 44.049894 ], [ -107.955249, 44.048068 ], [ -107.95443, 44.041274 ], [ -107.958745, 44.037651 ], [ -107.958074, 44.034471 ], [ -107.963146, 44.033452 ], [ -107.966056, 44.027709 ], [ -107.971797, 44.023902 ], [ -107.969744, 44.018606 ], [ -107.971728, 44.013039 ], [ -107.97883, 44.012229 ], [ -107.97959, 44.00637 ], [ -107.985002, 44.003237 ], [ -107.983323, 44.000248 ], [ -107.984273, 43.993492 ], [ -107.993653, 43.987133 ], [ -107.990348, 43.984644 ], [ -107.990573, 43.981652 ], [ -107.99537, 43.980048 ], [ -107.994149, 43.975921 ], [ -107.983535, 43.986461 ], [ -107.968767, 44.007958 ], [ -107.958752, 44.022466 ], [ -107.948426, 44.022386 ], [ -107.948432, 44.007879 ] ] ] } },
{ "type": "Feature", "properties": { "PRED_SS_PC": -0.74526270138967843, "PERCAP": 0.07911119900474628, "TRACTCE": "962600", "HLTH_INS": -0.59056836188160189, "Q_FEMALE": -0.17810651951062231, "RC5": 0.2368643500862643, "HOU_DEN": -0.64836368630098895, "MED_VAL": 0.17816518513343371, "POP_CHG": 1.10712832772326, "LBR_FORCE": 0.68231697934923807, "SoVI_class": "-0.5 to 0.5 SD", "Q_UNEMP": -0.88089996439367602, "Q_EXTRACT": 1.026574425697284, "MED_RENT": 0.21322588345461649, "Q_MOBILE": 0.01279137111501377, "Q_RENTER": -0.19878873232362451, "AGE_DEP": -0.12351190866436421, "MED_AGE": 0.079057079272108366, "PCT_URBAN": -1.3265962575458641, "NO_VEH": -1.0511144174689271, "Q_SERV": -1.180256114729735, "COUNTYFP": "003", "ALAND": 3940929134.0, "Ii": -0.44590969218030224, "NAME": "9626", "RC4": 0.93356784520448077, "HOSP_PC": 1.896002747264605, "PRED_NURS_PC": 0.59141818397453316, "AWATER": 14365265.0, "Q_TRANS": -0.44561089281422239, "NAMELSAD": "Census Tract 9626", "RC8": 0.27881207349260773, "RC1": -2.200053028120136, "STATEFP": "56", "NO_HS": 1.254712090793364, "MTFCC": "G5020", "PRED_BRATE": -0.44717954014219091, "SoVI": 1.515231226874391, "PRED_PCT_GOP": 0.62959183453984058, "Q_MINOR": -0.71306145017935152, "lag_sovi": -2.924340660682085, "Area_miles": null, "RC3": 1.0902665472352639, "Q_GRP_QTR": 0.51442743150532944, "GEOIDFQ": "1400000US56003962600", "PRED_GDP_PC": 0.024332398887705411, "FUNCSTAT": "S", "RC10": 0.99790444984768045, "GISJOIN": "G5600030962600", "NAME_E": "Census Tract 9626, Big Horn County, Wyoming", "COUNTY": "Big Horn County", "INTPTLON": "-107.8097899", "RC2": -0.1712938126314143, "RC9": 0.18859589532958579, "AVG_HH_SZ": -0.25236302232655339, "ESL_PCT": 0.1670272098469183, "INTPTLAT": "+44.3363742", "Q_POV": 0.10466987767279939, "FEM_LBR": -0.066921668735758333, "GEOID": "56003962600", "RC7": 0.15277333963850701, "quadrant": "High Vulnerability & High Wildfire Risk", "RC6": -0.0077935667915527418, "PRED_PHYS_PC": 0.54323414763006284, "PRED_FARM_VAL": -2.071476478354672, "P.Ii": 0.036677490363894144, "cluster": "High-Low", "TRACTFIPS": "56003962600", "SOVI_SCORE": 38.99129302, "SOVI_RATNG": "Relatively Low", "WFIR_RISKS": 91.416645856399995, "WFIR_RISKR": "Relatively Moderate", "WFIR_EALT": 42296.586670299999 }, "geometry": { "type": "Polygon", "coordinates": [ [ [ -108.5735, 44.394882 ], [ -108.573716, 44.354208 ], [ -108.57356, 44.249954 ], [ -108.573797, 44.168468 ], [ -108.550562, 44.168455 ], [ -108.375664, 44.168222 ], [ -108.36146, 44.168409 ], [ -108.212256, 44.168234 ], [ -108.064676, 44.168173 ], [ -107.96209, 44.168307 ], [ -107.923457, 44.16783 ], [ -107.870975, 44.168216 ], [ -107.826403, 44.168092 ], [ -107.742134, 44.168016 ], [ -107.722019, 44.167877 ], [ -107.712852, 44.16645 ], [ -107.67301, 44.166405 ], [ -107.61219, 44.166527 ], [ -107.541198, 44.166509 ], [ -107.500633, 44.167166 ], [ -107.375628, 44.167882 ], [ -107.280471, 44.167512 ], [ -107.146808, 44.165666 ], [ -107.146135, 44.234646 ], [ -107.145001, 44.324004 ], [ -107.150781, 44.324468 ], [ -107.15547, 44.322328 ], [ -107.159586, 44.325144 ], [ -107.159562, 44.33002 ], [ -107.156723, 44.331759 ], [ -107.160447, 44.33447 ], [ -107.168355, 44.335684 ], [ -107.172614, 44.335163 ], [ -107.176329, 44.338188 ], [ -107.176027, 44.342596 ], [ -107.179707, 44.346072 ], [ -107.184996, 44.346365 ], [ -107.188982, 44.348172 ], [ -107.188691, 44.353346 ], [ -107.184891, 44.3588 ], [ -107.173118, 44.360454 ], [ -107.163457, 44.368056 ], [ -107.165462, 44.373868 ], [ -107.173265, 44.374966 ], [ -107.176505, 44.376645 ], [ -107.174063, 44.382106 ], [ -107.172697, 44.389131 ], [ -107.169212, 44.393507 ], [ -107.179205, 44.403336 ], [ -107.185916, 44.401937 ], [ -107.188471, 44.398665 ], [ -107.198841, 44.399149 ], [ -107.199866, 44.409339 ], [ -107.20188, 44.416457 ], [ -107.200196, 44.421652 ], [ -107.20402, 44.425201 ], [ -107.204337, 44.428981 ], [ -107.200709, 44.434051 ], [ -107.203853, 44.435748 ], [ -107.200149, 44.441962 ], [ -107.202038, 44.446305 ], [ -107.210313, 44.44496 ], [ -107.215175, 44.446702 ], [ -107.227372, 44.44149 ], [ -107.238756, 44.44022 ], [ -107.242507, 44.438359 ], [ -107.255053, 44.441614 ], [ -107.258309, 44.446026 ], [ -107.267865, 44.449581 ], [ -107.272708, 44.448886 ], [ -107.278729, 44.450819 ], [ -107.274891, 44.456175 ], [ -107.27841, 44.459077 ], [ -107.285861, 44.45863 ], [ -107.288955, 44.459817 ], [ -107.30058, 44.459081 ], [ -107.303339, 44.464624 ], [ -107.299665, 44.476268 ], [ -107.30523, 44.483169 ], [ -107.298484, 44.484564 ], [ -107.29712, 44.490934 ], [ -107.298539, 44.496213 ], [ -107.294159, 44.500707 ], [ -107.301435, 44.506419 ], [ -107.310938, 44.508835 ], [ -107.315287, 44.515776 ], [ -107.325272, 44.521705 ], [ -107.327128, 44.523682 ], [ -107.322765, 44.529191 ], [ -107.324311, 44.533231 ], [ -107.330116, 44.536069 ], [ -107.330284, 44.543806 ], [ -107.33484, 44.540518 ], [ -107.353778, 44.542192 ], [ -107.355568, 44.545251 ], [ -107.360467, 44.547074 ], [ -107.360162, 44.550314 ], [ -107.36543, 44.555049 ], [ -107.371447, 44.556944 ], [ -107.369621, 44.559837 ], [ -107.372905, 44.568 ], [ -107.373008, 44.574287 ], [ -107.376618, 44.579995 ], [ -107.374869, 44.581981 ], [ -107.380756, 44.584574 ], [ -107.385161, 44.589769 ], [ -107.383472, 44.595354 ], [ -107.392902, 44.595963 ], [ -107.397209, 44.598627 ], [ -107.403391, 44.599807 ], [ -107.413159, 44.598864 ], [ -107.419343, 44.601026 ], [ -107.422791, 44.603517 ], [ -107.4225, 44.608508 ], [ -107.424972, 44.611478 ], [ -107.43518, 44.612037 ], [ -107.43277, 44.607747 ], [ -107.443127, 44.605583 ], [ -107.448174, 44.607392 ], [ -107.457387, 44.607744 ], [ -107.463761, 44.612096 ], [ -107.469473, 44.612276 ], [ -107.478735, 44.617882 ], [ -107.480016, 44.62219 ], [ -107.486046, 44.625563 ], [ -107.490615, 44.632866 ], [ -107.494862, 44.642029 ], [ -107.500171, 44.642098 ], [ -107.503356, 44.640044 ], [ -107.502163, 44.637923 ], [ -107.500879, 44.625054 ], [ -107.502506, 44.618854 ], [ -107.507652, 44.618892 ], [ -107.510502, 44.617307 ], [ -107.522154, 44.617415 ], [ -107.522176, 44.611606 ], [ -107.526594, 44.608514 ], [ -107.533165, 44.600511 ], [ -107.535285, 44.588089 ], [ -107.53357, 44.584412 ], [ -107.539416, 44.582274 ], [ -107.541345, 44.580103 ], [ -107.538989, 44.577345 ], [ -107.539296, 44.572118 ], [ -107.542646, 44.570425 ], [ -107.549945, 44.573094 ], [ -107.555773, 44.571803 ], [ -107.561002, 44.571956 ], [ -107.56781, 44.574715 ], [ -107.577328, 44.57632 ], [ -107.582232, 44.578153 ], [ -107.592177, 44.584581 ], [ -107.602133, 44.585207 ], [ -107.619567, 44.587459 ], [ -107.627709, 44.585109 ], [ -107.636115, 44.58429 ], [ -107.648378, 44.586299 ], [ -107.649729, 44.589235 ], [ -107.656777, 44.58897 ], [ -107.670604, 44.582305 ], [ -107.674524, 44.579499 ], [ -107.684428, 44.580687 ], [ -107.692126, 44.578325 ], [ -107.696533, 44.574685 ], [ -107.702789, 44.574 ], [ -107.711993, 44.565928 ], [ -107.719654, 44.563837 ], [ -107.725067, 44.560939 ], [ -107.733549, 44.558333 ], [ -107.740285, 44.553424 ], [ -107.749201, 44.54981 ], [ -107.755746, 44.54892 ], [ -107.770639, 44.545241 ], [ -107.778424, 44.540321 ], [ -107.781379, 44.531572 ], [ -107.785913, 44.529046 ], [ -107.795082, 44.52738 ], [ -107.808732, 44.529063 ], [ -107.82484, 44.529753 ], [ -107.829177, 44.528402 ], [ -107.836527, 44.520605 ], [ -107.840325, 44.518338 ], [ -107.849157, 44.517493 ], [ -107.866561, 44.520359 ], [ -107.893197, 44.520439 ], [ -107.907943, 44.518927 ], [ -107.921117, 44.520301 ], [ -107.944213, 44.52035 ], [ -107.950483, 44.51835 ], [ -107.957702, 44.510564 ], [ -107.950926, 44.50731 ], [ -107.950502, 44.50469 ], [ -107.925971, 44.489289 ], [ -107.921376, 44.485633 ], [ -107.918548, 44.486562 ], [ -107.908407, 44.483065 ], [ -107.903215, 44.478743 ], [ -107.903303, 44.474539 ], [ -107.900756, 44.471567 ], [ -107.905983, 44.470311 ], [ -107.903975, 44.466151 ], [ -107.904989, 44.463042 ], [ -107.910338, 44.463979 ], [ -107.911114, 44.460536 ], [ -107.919728, 44.458691 ], [ -107.918106, 44.462339 ], [ -107.91989, 44.467862 ], [ -107.929116, 44.470981 ], [ -107.93772, 44.469299 ], [ -107.940757, 44.47315 ], [ -107.952013, 44.475358 ], [ -107.957451, 44.472384 ], [ -107.957839, 44.467077 ], [ -107.96, 44.463789 ], [ -107.958462, 44.458903 ], [ -107.968476, 44.446553 ], [ -107.969738, 44.4405 ], [ -107.954499, 44.428684 ], [ -107.951814, 44.427771 ], [ -107.946398, 44.422968 ], [ -107.938333, 44.419157 ], [ -107.937187, 44.416515 ], [ -107.929013, 44.407532 ], [ -107.933825, 44.402985 ], [ -107.931633, 44.400544 ], [ -107.937179, 44.396565 ], [ -107.946776, 44.400293 ], [ -107.949434, 44.403402 ], [ -107.955685, 44.404531 ], [ -107.958474, 44.401953 ], [ -107.95772, 44.392611 ], [ -107.963726, 44.389991 ], [ -107.969442, 44.389552 ], [ -107.969623, 44.393474 ], [ -107.973438, 44.399691 ], [ -107.973633, 44.402065 ], [ -107.981332, 44.413825 ], [ -107.985384, 44.415314 ], [ -107.991082, 44.419414 ], [ -107.993335, 44.418109 ], [ -107.999423, 44.421108 ], [ -108.008154, 44.429252 ], [ -108.008407, 44.431394 ], [ -108.018311, 44.442089 ], [ -108.020286, 44.447491 ], [ -108.025595, 44.452481 ], [ -108.031206, 44.451883 ], [ -108.035954, 44.447437 ], [ -108.045466, 44.443413 ], [ -108.065536, 44.443373 ], [ -108.065636, 44.446922 ], [ -108.074143, 44.447005 ], [ -108.075525, 44.449709 ], [ -108.083521, 44.452755 ], [ -108.086835, 44.455768 ], [ -108.08987, 44.455645 ], [ -108.095383, 44.452748 ], [ -108.095237, 44.446507 ], [ -108.098119, 44.445984 ], [ -108.108566, 44.438487 ], [ -108.121815, 44.431824 ], [ -108.126907, 44.430783 ], [ -108.129923, 44.428152 ], [ -108.139518, 44.423917 ], [ -108.148755, 44.422194 ], [ -108.152418, 44.416204 ], [ -108.158283, 44.415693 ], [ -108.16311, 44.413915 ], [ -108.169616, 44.413915 ], [ -108.17272, 44.410668 ], [ -108.184059, 44.409641 ], [ -108.186903, 44.406731 ], [ -108.192918, 44.408093 ], [ -108.203067, 44.405289 ], [ -108.212384, 44.404967 ], [ -108.212877, 44.396348 ], [ -108.215788, 44.396509 ], [ -108.216408, 44.391918 ], [ -108.220136, 44.390428 ], [ -108.227565, 44.389533 ], [ -108.235142, 44.387356 ], [ -108.234727, 44.385133 ], [ -108.248746, 44.379825 ], [ -108.253024, 44.381747 ], [ -108.259029, 44.380617 ], [ -108.264017, 44.383689 ], [ -108.270664, 44.383278 ], [ -108.278573, 44.384172 ], [ -108.282545, 44.387115 ], [ -108.290484, 44.390722 ], [ -108.300111, 44.387486 ], [ -108.311268, 44.39217 ], [ -108.314053, 44.389111 ], [ -108.317064, 44.389495 ], [ -108.320514, 44.386814 ], [ -108.325021, 44.387703 ], [ -108.334242, 44.392051 ], [ -108.33656, 44.389618 ], [ -108.346969, 44.389171 ], [ -108.347654, 44.392873 ], [ -108.353207, 44.391272 ], [ -108.36141, 44.39559 ], [ -108.366836, 44.394998 ], [ -108.366099, 44.392259 ], [ -108.370215, 44.391062 ], [ -108.378458, 44.392103 ], [ -108.383201, 44.394078 ], [ -108.39379, 44.394003 ], [ -108.398695, 44.395072 ], [ -108.407018, 44.394101 ], [ -108.407564, 44.392859 ], [ -108.421232, 44.390767 ], [ -108.424264, 44.394778 ], [ -108.42954, 44.398898 ], [ -108.434811, 44.398836 ], [ -108.450811, 44.403207 ], [ -108.454352, 44.405349 ], [ -108.462612, 44.404748 ], [ -108.470111, 44.408874 ], [ -108.474527, 44.40918 ], [ -108.482357, 44.41442 ], [ -108.483401, 44.417152 ], [ -108.487374, 44.418997 ], [ -108.496964, 44.42056 ], [ -108.502117, 44.41921 ], [ -108.504374, 44.416073 ], [ -108.521532, 44.416489 ], [ -108.523237, 44.412991 ], [ -108.527576, 44.416521 ], [ -108.534352, 44.415363 ], [ -108.535642, 44.411057 ], [ -108.544654, 44.40577 ], [ -108.551193, 44.405647 ], [ -108.56056, 44.398139 ], [ -108.568692, 44.397448 ], [ -108.5735, 44.394882 ] ] ] } },
{ "type": "Feature", "properties": { "PRED_SS_PC": 0.97893295506942457, "PERCAP": 0.078760749229470392, "TRACTCE": "962800", "HLTH_INS": -0.091974974225353834, "Q_FEMALE": 0.17352933510678761, "RC5": -0.34494050044141439, "HOU_DEN": -0.6453831896817569, "MED_VAL": 0.17772197427096389, "POP_CHG": -0.48426704090127198, "LBR_FORCE": -1.1358899317949009, "SoVI_class": "-0.5 to 0.5 SD", "Q_UNEMP": 0.52902616005843028, "Q_EXTRACT": 0.1125855026280672, "MED_RENT": 0.21322469182304479, "Q_MOBILE": -0.1057387087152295, "Q_RENTER": -0.18108583964916439, "AGE_DEP": 0.99719635666495443, "MED_AGE": 0.079056891432826584, "PCT_URBAN": -1.3265962575458641, "NO_VEH": 0.1847165534762481, "Q_SERV": -1.009196756645802, "COUNTYFP": "003", "ALAND": 1867363169.0, "Ii": -0.056459256800053689, "NAME": "9628", "RC4": 1.3960363890790399, "HOSP_PC": 0.81697030834867823, "PRED_NURS_PC": 1.5959876305431351, "AWATER": 38650511.0, "Q_TRANS": -0.59425107943745148, "NAMELSAD": "Census Tract 9628", "RC8": 0.18184754326199301, "RC1": -0.65044069310289609, "STATEFP": "56", "NO_HS": 1.3502376748214999, "MTFCC": "G5020", "PRED_BRATE": 1.159162022203563, "SoVI": 0.34611857523266532, "PRED_PCT_GOP": 1.223328845487194, "Q_MINOR": -0.19462738182779341, "lag_sovi": -1.6209522155165992, "Area_miles": null, "RC3": -0.30282583187938611, "Q_GRP_QTR": -0.1681510974097262, "GEOIDFQ": "1400000US56003962800", "PRED_GDP_PC": -0.19113932149401261, "FUNCSTAT": "S", "RC10": -1.022798003733367, "GISJOIN": "G5600030962800", "NAME_E": "Census Tract 9628, Big Horn County, Wyoming", "COUNTY": "Big Horn County", "INTPTLON": "-108.2675027", "RC2": 0.48124636858774961, "RC9": 0.81498091598305133, "AVG_HH_SZ": 1.1717602571925889, "ESL_PCT": 0.26170708443314128, "INTPTLAT": "+44.8408228", "Q_POV": 0.54951551295155188, "FEM_LBR": -1.118020188011291, "GEOID": "56003962800", "RC7": 0.70012774549365409, "quadrant": "High Vulnerability & Low Wildfire Risk", "RC6": 0.90711535801575838, "PRED_PHYS_PC": -0.25248757549291589, "PRED_FARM_VAL": -0.52099231245006117, "P.Ii": 0.37219563260243105, "cluster": "Not Significant", "TRACTFIPS": "56003962800", "SOVI_SCORE": 81.59924184, "SOVI_RATNG": "Very High", "WFIR_RISKS": 90.145434221599999, "WFIR_RISKR": "Relatively Moderate", "WFIR_EALT": 22169.502757400001 }, "geometry": { "type": "Polygon", "coordinates": [ [ [ -108.621315, 45.000361 ], [ -108.622147, 44.983118 ], [ -108.621482, 44.975006 ], [ -108.621573, 44.944197 ], [ -108.620627, 44.921171 ], [ -108.620876, 44.903851 ], [ -108.620462, 44.871481 ], [ -108.592296, 44.871444 ], [ -108.592512, 44.85052 ], [ -108.592411, 44.765882 ], [ -108.592539, 44.753539 ], [ -108.592211, 44.701271 ], [ -108.59264, 44.67408 ], [ -108.592332, 44.647731 ], [ -108.589954, 44.649739 ], [ -108.587869, 44.654964 ], [ -108.565289, 44.655244 ], [ -108.566064, 44.661764 ], [ -108.5685, 44.665832 ], [ -108.547571, 44.665764 ], [ -108.542669, 44.667472 ], [ -108.536104, 44.666353 ], [ -108.536069, 44.663819 ], [ -108.52699, 44.660556 ], [ -108.524463, 44.655603 ], [ -108.523661, 44.649548 ], [ -108.518849, 44.649562 ], [ -108.507115, 44.646311 ], [ -108.481068, 44.644638 ], [ -108.470091, 44.643452 ], [ -108.461992, 44.643814 ], [ -108.453053, 44.642851 ], [ -108.439408, 44.645939 ], [ -108.431288, 44.644372 ], [ -108.425307, 44.645806 ], [ -108.416351, 44.641155 ], [ -108.416272, 44.639336 ], [ -108.411341, 44.630252 ], [ -108.407162, 44.625964 ], [ -108.399776, 44.620481 ], [ -108.388552, 44.616451 ], [ -108.380035, 44.616509 ], [ -108.371633, 44.621095 ], [ -108.352107, 44.621773 ], [ -108.34795, 44.62545 ], [ -108.341523, 44.627488 ], [ -108.327529, 44.62564 ], [ -108.317739, 44.626898 ], [ -108.293829, 44.619236 ], [ -108.288661, 44.617234 ], [ -108.284321, 44.613995 ], [ -108.279568, 44.618267 ], [ -108.264921, 44.622573 ], [ -108.262048, 44.626833 ], [ -108.261031, 44.632682 ], [ -108.264709, 44.636433 ], [ -108.264469, 44.644805 ], [ -108.275918, 44.657003 ], [ -108.2819, 44.671085 ], [ -108.287016, 44.677746 ], [ -108.279243, 44.67649 ], [ -108.274583, 44.677064 ], [ -108.273977, 44.683429 ], [ -108.260822, 44.675668 ], [ -108.25812, 44.68454 ], [ -108.255432, 44.687714 ], [ -108.252024, 44.68707 ], [ -108.246991, 44.692518 ], [ -108.243741, 44.691753 ], [ -108.222038, 44.694385 ], [ -108.22446, 44.699318 ], [ -108.221862, 44.702103 ], [ -108.216956, 44.702805 ], [ -108.206601, 44.696455 ], [ -108.202641, 44.696582 ], [ -108.197336, 44.68854 ], [ -108.191331, 44.683872 ], [ -108.18306, 44.678747 ], [ -108.182434, 44.675528 ], [ -108.185238, 44.67209 ], [ -108.182337, 44.668598 ], [ -108.183072, 44.664991 ], [ -108.172657, 44.659126 ], [ -108.168551, 44.655585 ], [ -108.160701, 44.651443 ], [ -108.156264, 44.64283 ], [ -108.15244, 44.640933 ], [ -108.149549, 44.637308 ], [ -108.138162, 44.630606 ], [ -108.128764, 44.62904 ], [ -108.12654, 44.635487 ], [ -108.122479, 44.635447 ], [ -108.124308, 44.642804 ], [ -108.128704, 44.653289 ], [ -108.128419, 44.661355 ], [ -108.131175, 44.663752 ], [ -108.132482, 44.673998 ], [ -108.126573, 44.678872 ], [ -108.125834, 44.6881 ], [ -108.132647, 44.699957 ], [ -108.139238, 44.702285 ], [ -108.146611, 44.707624 ], [ -108.155334, 44.710628 ], [ -108.163517, 44.71228 ], [ -108.16719, 44.714496 ], [ -108.167405, 44.744708 ], [ -108.173005, 44.750358 ], [ -108.175751, 44.755328 ], [ -108.168928, 44.760917 ], [ -108.162955, 44.76415 ], [ -108.16275, 44.775076 ], [ -108.161653, 44.78449 ], [ -108.162679, 44.795112 ], [ -108.154398, 44.800428 ], [ -108.144379, 44.81589 ], [ -108.140725, 44.818974 ], [ -108.140684, 44.822243 ], [ -108.088299, 44.791719 ], [ -108.082666, 44.790416 ], [ -108.070469, 44.790332 ], [ -108.054651, 44.791096 ], [ -108.042712, 44.791155 ], [ -108.029957, 44.793387 ], [ -108.019516, 44.792251 ], [ -108.013624, 44.794288 ], [ -108.00821, 44.794194 ], [ -108.002385, 44.796048 ], [ -107.993625, 44.79565 ], [ -107.987924, 44.797525 ], [ -107.986848, 44.801419 ], [ -107.982331, 44.800347 ], [ -107.980078, 44.806011 ], [ -107.973653, 44.8107 ], [ -107.970988, 44.808557 ], [ -107.96738, 44.811009 ], [ -107.962691, 44.810468 ], [ -107.959888, 44.815097 ], [ -107.955662, 44.818129 ], [ -107.951071, 44.816994 ], [ -107.94978, 44.813863 ], [ -107.953375, 44.812947 ], [ -107.952213, 44.808974 ], [ -107.953522, 44.8054 ], [ -107.944512, 44.801158 ], [ -107.941595, 44.794111 ], [ -107.936723, 44.790888 ], [ -107.931292, 44.790067 ], [ -107.927077, 44.794596 ], [ -107.923093, 44.795923 ], [ -107.919815, 44.791477 ], [ -107.912519, 44.793999 ], [ -107.906172, 44.799534 ], [ -107.88985, 44.806381 ], [ -107.882412, 44.807995 ], [ -107.872673, 44.806535 ], [ -107.867459, 44.80783 ], [ -107.846168, 44.809757 ], [ -107.839334, 44.808309 ], [ -107.828065, 44.802926 ], [ -107.81817, 44.809224 ], [ -107.816465, 44.818495 ], [ -107.821562, 44.821172 ], [ -107.826212, 44.820505 ], [ -107.832153, 44.824944 ], [ -107.828173, 44.830745 ], [ -107.829373, 44.836555 ], [ -107.832908, 44.839746 ], [ -107.83178, 44.844995 ], [ -107.837323, 44.846539 ], [ -107.840598, 44.849847 ], [ -107.842608, 44.857587 ], [ -107.844276, 44.860044 ], [ -107.849762, 44.862279 ], [ -107.855021, 44.867477 ], [ -107.861751, 44.868508 ], [ -107.865018, 44.873639 ], [ -107.860766, 44.881691 ], [ -107.860997, 44.894281 ], [ -107.856079, 44.89502 ], [ -107.851581, 44.898685 ], [ -107.849518, 44.905672 ], [ -107.852402, 44.906942 ], [ -107.853777, 44.915708 ], [ -107.860271, 44.918751 ], [ -107.864327, 44.922698 ], [ -107.869341, 44.924799 ], [ -107.872117, 44.928471 ], [ -107.881863, 44.933425 ], [ -107.882358, 44.942448 ], [ -107.879279, 44.949667 ], [ -107.879506, 44.95337 ], [ -107.87721, 44.957563 ], [ -107.8766, 44.96274 ], [ -107.88075, 44.97488 ], [ -107.883583, 44.980916 ], [ -107.881662, 44.98546 ], [ -107.890435, 44.991865 ], [ -107.893515, 44.991109 ], [ -107.898802, 44.995774 ], [ -107.901674, 44.996742 ], [ -107.907349, 44.99573 ], [ -107.911523, 45.000678 ], [ -108.014394, 45.000537 ], [ -108.112847, 45.000411 ], [ -108.229514, 45.000413 ], [ -108.250837, 44.999866 ], [ -108.271397, 45.000228 ], [ -108.39597, 44.999891 ], [ -108.514041, 44.999649 ], [ -108.534403, 45.000365 ], [ -108.621315, 45.000361 ] ] ] } },
{ "type": "Feature", "properties": { "PRED_SS_PC": -0.39773530835840232, "PERCAP": 0.078884206361608353, "TRACTCE": "000300", "HLTH_INS": -0.23488922700962059, "Q_FEMALE": 0.2210397226890802, "RC5": -0.4277329338535289, "HOU_DEN": 0.95433755578547197, "MED_VAL": 0.1792276886932693, "POP_CHG": 0.074833771697530332, "LBR_FORCE": -0.23501234832164661, "SoVI_class": "> 1 SD", "Q_UNEMP": -0.68642739550373033, "Q_EXTRACT": -0.88238978071310514, "MED_RENT": 0.21322541557473559, "Q_MOBILE": -0.93544926752693236, "Q_RENTER": 1.23514557430764, "AGE_DEP": 0.82358906698646439, "MED_AGE": 0.079056950251187544, "PCT_URBAN": 0.92287987496125579, "NO_VEH": 1.5218257780492921, "Q_SERV": 0.70994979209772191, "COUNTYFP": "033", "ALAND": 4404200.0, "Ii": -0.36886655786696687, "NAME": "3", "RC4": 0.16489022427938391, "HOSP_PC": -0.39945578899327572, "PRED_NURS_PC": -0.2134034433352999, "AWATER": 0.0, "Q_TRANS": -0.098783790693354301, "NAMELSAD": "Census Tract 3", "RC8": -0.45250288137528633, "RC1": 1.435913715674211, "STATEFP": "56", "NO_HS": 0.1093872349756377, "MTFCC": "G5020", "PRED_BRATE": -1.5199869682541001, "SoVI": 3.936752708541063, "PRED_PCT_GOP": -0.3791635779674179, "Q_MINOR": 0.59830897517897985, "lag_sovi": -0.93108881746993521, "Area_miles": null, "RC3": 1.9732951450897309, "Q_GRP_QTR": -0.33867903063943589, "GEOIDFQ": "1400000US56033000300", "PRED_GDP_PC": 2.3649290756743908, "FUNCSTAT": "S", "RC10": 1.091077566238893, "GISJOIN": "G5600330000300", "NAME_E": "Census Tract 3, Sheridan County, Wyoming", "COUNTY": "Sheridan County", "INTPTLON": "-106.9641405", "RC2": 0.68241549308403004, "RC9": -0.93227495107418756, "AVG_HH_SZ": -1.0063106408955109, "ESL_PCT": 3.3387485578657881, "INTPTLAT": "+44.8014066", "Q_POV": -0.16547610477657401, "FEM_LBR": 0.50106714743395897, "GEOID": "56033000300", "RC7": 0.5616268741689151, "quadrant": "High Vulnerability & Low Wildfire Risk", "RC6": 0.1599555436910991, "PRED_PHYS_PC": 0.72167082964321272, "PRED_FARM_VAL": 0.70471122445945855, "P.Ii": 0.51420108232049, "cluster": "Not Significant", "TRACTFIPS": "56033000300", "SOVI_SCORE": 80.0349464, "SOVI_RATNG": "Very High", "WFIR_RISKS": 63.636687952599999, "WFIR_RISKR": "Very Low", "WFIR_EALT": 543.18799003699996 }, "geometry": { "type": "Polygon", "coordinates": [ [ [ -106.985683, 44.806595 ], [ -106.983376, 44.802116 ], [ -106.983385, 44.795242 ], [ -106.991701, 44.79475 ], [ -106.986027, 44.79074 ], [ -106.978887, 44.79375 ], [ -106.972244, 44.797359 ], [ -106.95715, 44.79725 ], [ -106.94711, 44.79631 ], [ -106.94592, 44.79905 ], [ -106.93664, 44.79906 ], [ -106.93667, 44.80476 ], [ -106.94393, 44.80679 ], [ -106.96039, 44.80734 ], [ -106.979205, 44.807431 ], [ -106.985683, 44.806595 ] ] ] } },
{ "type": "Feature", "properties": { "PRED_SS_PC": 0.67956413262633053, "PERCAP": 0.078858422091964045, "TRACTCE": "000400", "HLTH_INS": 0.50020494947028926, "Q_FEMALE": -0.82725724769280717, "RC5": -0.48643299665923012, "HOU_DEN": 0.89056109843916742, "MED_VAL": 0.17834126696832969, "POP_CHG": -0.033291976584083123, "LBR_FORCE": 0.45375195207971369, "SoVI_class": "-0.5 to 0.5 SD", "Q_UNEMP": 0.52902616005843028, "Q_EXTRACT": -0.25763785861515959, "MED_RENT": 0.21322653410007589, "Q_MOBILE": 0.3920876265717923, "Q_RENTER": 0.67455397294973851, "AGE_DEP": -0.1738543671839658, "MED_AGE": 0.079056940764355141, "PCT_URBAN": 0.9203660256792584, "NO_VEH": -0.28564639444228412, "Q_SERV": 0.2138776536543171, "COUNTYFP": "033", "ALAND": 6195246.0, "Ii": -0.076262932420057744, "NAME": "4", "RC4": 0.1078348473800332, "HOSP_PC": 0.81245079841985801, "PRED_NURS_PC": 0.066365028720922939, "AWATER": 11045.0, "Q_TRANS": -0.17310388400496879, "NAMELSAD": "Census Tract 4", "RC8": 1.025292974274687, "RC1": 0.20751665194966051, "STATEFP": "56", "NO_HS": 0.4393907581524748, "MTFCC": "G5020", "PRED_BRATE": -0.35595340883247889, "SoVI": 1.5725397971101629, "PRED_PCT_GOP": -0.16614827712162339, "Q_MINOR": -0.6657044999150975, "lag_sovi": -0.48191652430166232, "Area_miles": null, "RC3": -0.1187176270302765, "Q_GRP_QTR": -0.20882036184600411, "GEOIDFQ": "1400000US56033000400", "PRED_GDP_PC": -0.1165514970696276, "FUNCSTAT": "S", "RC10": 0.62509413039087103, "GISJOIN": "G5600330000400", "NAME_E": "Census Tract 4, Sheridan County, Wyoming", "COUNTY": "Sheridan County", "INTPTLON": "-106.9617639", "RC2": -0.18422472273817131, "RC9": 0.248062130081913, "AVG_HH_SZ": -0.41990693756409969, "ESL_PCT": -0.21923791992616731, "INTPTLAT": "+44.8146383", "Q_POV": 0.1473339271888969, "FEM_LBR": 0.84977176027762558, "GEOID": "56033000400", "RC7": 0.24045288414787, "quadrant": "High Vulnerability & Low Wildfire Risk", "RC6": 0.092338474687193833, "PRED_PHYS_PC": 0.40589815312229038, "PRED_FARM_VAL": 0.70471122445945855, "P.Ii": 0.79457626514703639, "cluster": "Not Significant", "TRACTFIPS": "56033000400", "SOVI_SCORE": 40.24936326, "SOVI_RATNG": "Relatively Moderate", "WFIR_RISKS": 87.693387083299996, "WFIR_RISKR": "Relatively Low", "WFIR_EALT": 20329.165098900001 }, "geometry": { "type": "Polygon", "coordinates": [ [ [ -106.94172, 44.82143 ], [ -106.9561, 44.82059 ], [ -106.97014, 44.82114 ], [ -106.98281, 44.822448 ], [ -106.985939, 44.821761 ], [ -106.98837, 44.81391 ], [ -106.988356, 44.806552 ], [ -106.985683, 44.806595 ], [ -106.979205, 44.807431 ], [ -106.96039, 44.80734 ], [ -106.94393, 44.80679 ], [ -106.93667, 44.80476 ], [ -106.937031, 44.808735 ], [ -106.939749, 44.817858 ], [ -106.94172, 44.82143 ] ] ] } },
{ "type": "Feature", "properties": { "PRED_SS_PC": -0.47756625584848889, "PERCAP": 0.079060142735715502, "TRACTCE": "001603", "HLTH_INS": 0.63419439829333868, "Q_FEMALE": 0.23196983102152599, "RC5": -0.68411235215974231, "HOU_DEN": -0.53230664167628239, "MED_VAL": 0.1794819336841435, "POP_CHG": 0.14695581206056049, "LBR_FORCE": -0.1066390349074208, "SoVI_class": "< -1 SD", "Q_UNEMP": -0.054391546611406882, "Q_EXTRACT": 0.42496146367704007, "MED_RENT": -4.6605295529758362, "Q_MOBILE": -0.93544926752693236, "Q_RENTER": -1.3494767561635279, "AGE_DEP": -0.053329928181576912, "MED_AGE": 0.079057028043213337, "PCT_URBAN": 0.30497004978218639, "NO_VEH": -0.5825971775414035, "Q_SERV": 0.11124203880395719, "COUNTYFP": "025", "ALAND": 48950848.0, "Ii": 0.30414732869447297, "NAME": "16.03", "RC4": -0.3270882734722651, "HOSP_PC": -0.39945578899327572, "PRED_NURS_PC": -0.22122682745555139, "AWATER": 49349.0, "Q_TRANS": 0.17372321811589911, "NAMELSAD": "Census Tract 16.03", "RC8": -0.01377865239827205, "RC1": 0.25403108230341143, "STATEFP": "56", "NO_HS": -0.57904949859566024, "MTFCC": "G5020", "PRED_BRATE": 0.70559109003221487, "SoVI": -6.7566286007540572, "PRED_PCT_GOP": -2.584752904032622, "Q_MINOR": -0.65166730611919588, "lag_sovi": -0.44731547383691372, "Area_miles": null, "RC3": -1.916004186403881, "Q_GRP_QTR": -0.35621174230522579, "GEOIDFQ": "1400000US56025001603", "PRED_GDP_PC": -1.2213574108651311, "FUNCSTAT": "S", "RC10": -0.62306644150159929, "GISJOIN": "G5600250001603", "NAME_E": "Census Tract 16.03, Natrona County, Wyoming", "COUNTY": "Natrona County", "INTPTLON": "-106.3658174", "RC2": -0.074913493386451452, "RC9": -0.36708043964282538, "AVG_HH_SZ": 0.33404068100485779, "ESL_PCT": -0.59229885797510329, "INTPTLAT": "+42.7887845", "Q_POV": -0.9279214825474732, "FEM_LBR": 0.056164565309671698, "GEOID": "56025001603", "RC7": -3.2628793592354111, "quadrant": "Low Vulnerability & High Wildfire Risk", "RC6": -0.25826351514297807, "PRED_PHYS_PC": -0.40072338535135421, "PRED_FARM_VAL": 0.70471122445945855, "P.Ii": 0.62814367293968587, "cluster": "Not Significant", "TRACTFIPS": "56025001603", "SOVI_SCORE": 57.67991471, "SOVI_RATNG": "Relatively Moderate", "WFIR_RISKS": 98.072372254499996, "WFIR_RISKR": "Relatively High", "WFIR_EALT": 453803.156326 }, "geometry": { "type": "Polygon", "coordinates": [ [ [ -106.4524, 42.78403 ], [ -106.45205, 42.78025 ], [ -106.44899, 42.77767 ], [ -106.44004, 42.77662 ], [ -106.43911, 42.78173 ], [ -106.42936, 42.77953 ], [ -106.422485, 42.781968 ], [ -106.416385, 42.781564 ], [ -106.407385, 42.778464 ], [ -106.404043, 42.77515 ], [ -106.40497, 42.79171 ], [ -106.39546, 42.79101 ], [ -106.39424, 42.78924 ], [ -106.39511, 42.78273 ], [ -106.39417, 42.77663 ], [ -106.38779, 42.76953 ], [ -106.37877, 42.7676 ], [ -106.379236, 42.758168 ], [ -106.381126, 42.749964 ], [ -106.378238, 42.747039 ], [ -106.374157, 42.738128 ], [ -106.36812, 42.73551 ], [ -106.36859, 42.742219 ], [ -106.36306, 42.755638 ], [ -106.363795, 42.75902 ], [ -106.36114, 42.76706 ], [ -106.36111, 42.77299 ], [ -106.354488, 42.773166 ], [ -106.354504, 42.769505 ], [ -106.339225, 42.770159 ], [ -106.335337, 42.770856 ], [ -106.328581, 42.779964 ], [ -106.325232, 42.778726 ], [ -106.32643, 42.77586 ], [ -106.32123, 42.77388 ], [ -106.3093, 42.77318 ], [ -106.309361, 42.779489 ], [ -106.302224, 42.781503 ], [ -106.300237, 42.786729 ], [ -106.296048, 42.793061 ], [ -106.286683, 42.801569 ], [ -106.278816, 42.810468 ], [ -106.27982, 42.81373 ], [ -106.278027, 42.817323 ], [ -106.280134, 42.8209 ], [ -106.285038, 42.818332 ], [ -106.28922, 42.81585 ], [ -106.29699, 42.80912 ], [ -106.306301, 42.806357 ], [ -106.31243, 42.80625 ], [ -106.33022, 42.80619 ], [ -106.349391, 42.805816 ], [ -106.356387, 42.807605 ], [ -106.36089, 42.80784 ], [ -106.364183, 42.806164 ], [ -106.37003, 42.8061 ], [ -106.376489, 42.809163 ], [ -106.3814, 42.807464 ], [ -106.38148, 42.81687 ], [ -106.391121, 42.81348 ], [ -106.405967, 42.809661 ], [ -106.417092, 42.808123 ], [ -106.423511, 42.807065 ], [ -106.430566, 42.804573 ], [ -106.435434, 42.801589 ], [ -106.4524, 42.78403 ] ] ] } },
{ "type": "Feature", "properties": { "PRED_SS_PC": -0.71406179208957588, "PERCAP": 0.07926317251457031, "TRACTCE": "001602", "HLTH_INS": -0.110643146763414, "Q_FEMALE": 0.78004755159652517, "RC5": -0.414023281679885, "HOU_DEN": 0.19486091616150419, "MED_VAL": 0.17961764553738041, "POP_CHG": -0.020519840087894321, "LBR_FORCE": 0.4599262829641505, "SoVI_class": "-0.5 to 0.5 SD", "Q_UNEMP": -0.24886411550135251, "Q_EXTRACT": -0.41961057915907152, "MED_RENT": 0.21322863955953991, "Q_MOBILE": -0.15315074064732681, "Q_RENTER": -0.35221380216894488, "AGE_DEP": -0.25435464537813057, "MED_AGE": 0.07905689333019307, "PCT_URBAN": 0.89557256777901306, "NO_VEH": -0.50044146493656905, "Q_SERV": 0.60731417724736314, "COUNTYFP": "025", "ALAND": 13815428.0, "Ii": -0.0056204785119276981, "NAME": "16.02", "RC4": -0.82509265292477585, "HOSP_PC": -0.39945578899327572, "PRED_NURS_PC": -0.79716990434541279, "AWATER": 215267.0, "Q_TRANS": 0.74351060017161097, "NAMELSAD": "Census Tract 16.02", "RC8": -0.26978362472055711, "RC1": 0.76182290081002213, "STATEFP": "56", "NO_HS": 0.003529714340700965, "MTFCC": "G5020", "PRED_BRATE": 0.6572992725906035, "SoVI": 0.1464406466441483, "PRED_PCT_GOP": -0.47966236002245699, "Q_MINOR": -0.35204733926427267, "lag_sovi": -0.38139203278687994, "Area_miles": null, "RC3": 0.7010133083049942, "Q_GRP_QTR": -0.35621174230522579, "GEOIDFQ": "1400000US56025001602", "PRED_GDP_PC": 0.94366164540336761, "FUNCSTAT": "S", "RC10": -0.22590886199071769, "GISJOIN": "G5600250001602", "NAME_E": "Census Tract 16.02, Natrona County, Wyoming", "COUNTY": "Natrona County", "INTPTLON": "-106.2621901", "RC2": -0.073236065175117257, "RC9": -0.48267251126514149, "AVG_HH_SZ": 0.47366061036948032, "ESL_PCT": 0.49079852646768912, "INTPTLAT": "+42.8462138", "Q_POV": -0.46750580276158932, "FEM_LBR": 0.25384671674823728, "GEOID": "56025001602", "RC7": 0.066851256624509331, "quadrant": "High Vulnerability & High Wildfire Risk", "RC6": -0.90747017866081703, "PRED_PHYS_PC": -1.0079414690762789, "PRED_FARM_VAL": 0.70471122445945855, "P.Ii": 0.72772712140523654, "cluster": "Not Significant", "TRACTFIPS": "56025001602", "SOVI_SCORE": 9.209856068000001, "SOVI_RATNG": "Very Low", "WFIR_RISKS": 95.512111590700002, "WFIR_RISKR": "Relatively Moderate", "WFIR_EALT": 186445.78905399999 }, "geometry": { "type": "Polygon", "coordinates": [ [ [ -106.2974, 42.8647 ], [ -106.297633, 42.856423 ], [ -106.27803, 42.85814 ], [ -106.277969, 42.855999 ], [ -106.270753, 42.854134 ], [ -106.27027, 42.847 ], [ -106.265687, 42.843168 ], [ -106.26851, 42.83761 ], [ -106.27199, 42.83404 ], [ -106.27277, 42.82732 ], [ -106.2759, 42.82376 ], [ -106.285038, 42.818332 ], [ -106.280134, 42.8209 ], [ -106.278027, 42.817323 ], [ -106.27982, 42.81373 ], [ -106.278816, 42.810468 ], [ -106.276956, 42.81237 ], [ -106.26567, 42.818592 ], [ -106.25826, 42.821256 ], [ -106.254079, 42.8241 ], [ -106.249129, 42.831193 ], [ -106.24541, 42.839342 ], [ -106.247442, 42.8416 ], [ -106.244677, 42.844665 ], [ -106.248846, 42.846402 ], [ -106.24713, 42.851736 ], [ -106.243519, 42.855278 ], [ -106.243426, 42.857702 ], [ -106.236881, 42.857383 ], [ -106.236806, 42.868146 ], [ -106.243522, 42.868154 ], [ -106.248395, 42.86389 ], [ -106.252805, 42.862956 ], [ -106.258731, 42.863621 ], [ -106.264505, 42.869892 ], [ -106.274013, 42.873295 ], [ -106.284631, 42.871064 ], [ -106.287054, 42.869277 ], [ -106.289237, 42.863819 ], [ -106.2974, 42.8647 ] ] ] } },
{ "type": "Feature", "properties": { "PRED_SS_PC": 1.2721446109846399, "PERCAP": 0.0788304179845358, "TRACTCE": "000800", "HLTH_INS": 0.21307215908811039, "Q_FEMALE": 0.88065695535060318, "RC5": -0.85244735791338466, "HOU_DEN": 0.89616252605740476, "MED_VAL": 0.177718538527844, "POP_CHG": -0.079220734864492548, "LBR_FORCE": -0.30492747641521478, "SoVI_class": "-0.5 to 0.5 SD", "Q_UNEMP": 1.112443866728267, "Q_EXTRACT": -0.73198654020804421, "MED_RENT": 0.21322693618434849, "Q_MOBILE": -0.70629111318846205, "Q_RENTER": -0.21649162499808439, "AGE_DEP": 0.69820404447258733, "MED_AGE": 0.079056823127633208, "PCT_URBAN": 0.92287987496125579, "NO_VEH": 0.7632991757953751, "Q_SERV": 0.80403243904388566, "COUNTYFP": "025", "ALAND": 3805079.0, "Ii": 0.22961152364344853, "NAME": "8", "RC4": -0.01648320041250205, "HOSP_PC": -0.39945578899327572, "PRED_NURS_PC": -0.12016918955784241, "AWATER": 111703.0, "Q_TRANS": -0.3217440706281981, "NAMELSAD": "Census Tract 8", "RC8": -0.72016379166853661, "RC1": 1.055305706178941, "STATEFP": "56", "NO_HS": 2.1660734202017351, "MTFCC": "G5020", "PRED_BRATE": -1.5199869682541001, "SoVI": 1.1252906625962651, "PRED_PCT_GOP": -0.03129451550536691, "Q_MINOR": -0.22160883511413509, "lag_sovi": 2.0276310254465257, "Area_miles": null, "RC3": -0.60337767574211643, "Q_GRP_QTR": -0.35621174230522579, "GEOIDFQ": "1400000US56025000800", "PRED_GDP_PC": -0.15496093155338039, "FUNCSTAT": "S", "RC10": 0.70705896100065013, "GISJOIN": "G5600250000800", "NAME_E": "Census Tract 8, Natrona County, Wyoming", "COUNTY": "Natrona County", "INTPTLON": "-106.3528536", "RC2": 0.48881681381650138, "RC9": 0.86349964505804111, "AVG_HH_SZ": -0.4757549093099484, "ESL_PCT": -0.39028311439834118, "INTPTLAT": "+42.8363070", "Q_POV": 0.42904157829125961, "FEM_LBR": -0.131410013685201, "GEOID": "56025000800", "RC7": 0.49734719073117578, "quadrant": "High Vulnerability & Low Wildfire Risk", "RC6": 0.29426562845250548, "PRED_PHYS_PC": 0.57699283158820314, "PRED_FARM_VAL": 0.70471122445945855, "P.Ii": 0.10905116562251931, "cluster": "Not Significant", "TRACTFIPS": "56025000800", "SOVI_SCORE": 67.01593319, "SOVI_RATNG": "Relatively High", "WFIR_RISKS": 74.825490825599999, "WFIR_RISKR": "Relatively Low", "WFIR_EALT": 2200.3944567200001 }, "geometry": { "type": "Polygon", "coordinates": [ [ [ -106.368829, 42.838197 ], [ -106.366053, 42.829199 ], [ -106.369728, 42.821081 ], [ -106.361779, 42.826115 ], [ -106.353244, 42.829204 ], [ -106.343667, 42.831437 ], [ -106.33702, 42.83512 ], [ -106.33703, 42.84152 ], [ -106.336786, 42.846967 ], [ -106.348782, 42.844587 ], [ -106.357002, 42.844373 ], [ -106.360983, 42.838364 ], [ -106.364599, 42.836665 ], [ -106.368829, 42.838197 ] ] ] } },
{ "type": "Feature", "properties": { "PRED_SS_PC": -0.83700696642007311, "PERCAP": 0.079093497221392237, "TRACTCE": "000501", "HLTH_INS": -0.40027523026369149, "Q_FEMALE": 0.072036283435011228, "RC5": 0.011716194230353281, "HOU_DEN": -0.64780718724200448, "MED_VAL": 0.18135527262028039, "POP_CHG": 1.161697343791904, "LBR_FORCE": 0.14712029334858179, "SoVI_class": "-1 to -0.5 SD", "Q_UNEMP": -0.88089996439367602, "Q_EXTRACT": 0.93401858538647697, "MED_RENT": 0.2132289977800737, "Q_MOBILE": -0.5798590280362026, "Q_RENTER": -0.51744080046390539, "AGE_DEP": 0.81051422547357088, "MED_AGE": 0.079057033735312782, "PCT_URBAN": -1.298824947267998, "NO_VEH": -0.83286823525041898, "Q_SERV": -1.2743387616758981, "COUNTYFP": "033", "ALAND": 3597101720.0, "Ii": 0.74179702432266048, "NAME": "5.01", "RC4": -0.52855890297361685, "HOSP_PC": -0.39945578899327572, "PRED_NURS_PC": -0.61993847911520061, "AWATER": 2946818.0, "Q_TRANS": -0.42083752837701738, "NAMELSAD": "Census Tract 5.01", "RC8": -0.16101613645447599, "RC1": -1.780071463281538, "STATEFP": "56", "NO_HS": -0.86148649925152065, "MTFCC": "G5020", "PRED_BRATE": 1.2470282120439971, "SoVI": -2.8991173442828089, "PRED_PCT_GOP": 0.68527408589612993, "Q_MINOR": -1.241352995893038, "lag_sovi": -2.542607099649338, "Area_miles": null, "RC3": 0.30037302998383869, "Q_GRP_QTR": -0.35621174230522579, "GEOIDFQ": "1400000US56033000501", "PRED_GDP_PC": 0.13118733211948949, "FUNCSTAT": "S", "RC10": -0.33801087410704478, "GISJOIN": "G5600330000501", "NAME_E": "Census Tract 5.01, Sheridan County, Wyoming", "COUNTY": "Sheridan County", "INTPTLON": "-106.5348070", "RC2": -0.99399239063880562, "RC9": -0.089346726415102773, "AVG_HH_SZ": 0.36196466687778278, "ESL_PCT": -0.6844469892667695, "INTPTLAT": "+44.7688660", "Q_POV": -0.17825883808762069, "FEM_LBR": 0.0090467226575378645, "GEOID": "56033000501", "RC7": 0.69823690346517486, "quadrant": "Low Vulnerability & High Wildfire Risk", "RC6": 0.0184469780915919, "PRED_PHYS_PC": 0.1194789584311646, "PRED_FARM_VAL": -1.649053399377852, "P.Ii": 0.028475288131205981, "cluster": "Low-Low", "TRACTFIPS": "56033000501", "SOVI_SCORE": 42.96155896, "SOVI_RATNG": "Relatively Moderate", "WFIR_RISKS": 99.010619195399997, "WFIR_RISKR": "Relatively High", "WFIR_EALT": 1167652.94992 }, "geometry": { "type": "Polygon", "coordinates": [ [ [ -106.93658, 44.762255 ], [ -106.933333, 44.755507 ], [ -106.921389, 44.742067 ], [ -106.91918, 44.738512 ], [ -106.918515, 44.727383 ], [ -106.91636, 44.72088 ], [ -106.911095, 44.71121 ], [ -106.90903, 44.70168 ], [ -106.90155, 44.69634 ], [ -106.90027, 44.69257 ], [ -106.900212, 44.68567 ], [ -106.897683, 44.68282 ], [ -106.887497, 44.675038 ], [ -106.87952, 44.66558 ], [ -106.882828, 44.66518 ], [ -106.90266, 44.6665 ], [ -106.89781, 44.65938 ], [ -106.89551, 44.65375 ], [ -106.89, 44.6442 ], [ -106.90133, 44.64416 ], [ -106.91178, 44.64699 ], [ -106.92321, 44.64626 ], [ -106.93499, 44.64678 ], [ -106.94945, 44.66099 ], [ -106.95942, 44.66093 ], [ -106.96486, 44.659 ], [ -106.98092, 44.66074 ], [ -106.98204, 44.65827 ], [ -106.99283, 44.66097 ], [ -106.99726, 44.66072 ], [ -107.00198, 44.65222 ], [ -107.007908, 44.648751 ], [ -107.009381, 44.645718 ], [ -107.013168, 44.645255 ], [ -107.015516, 44.641041 ], [ -107.025701, 44.63451 ], [ -107.029677, 44.627084 ], [ -107.037145, 44.622787 ], [ -107.041058, 44.611104 ], [ -107.039397, 44.607217 ], [ -107.040528, 44.604965 ], [ -107.038426, 44.596974 ], [ -107.039709, 44.595977 ], [ -107.039542, 44.589021 ], [ -107.042468, 44.586267 ], [ -107.043031, 44.576075 ], [ -107.047088, 44.564281 ], [ -107.052925, 44.558411 ], [ -107.033213, 44.558343 ], [ -107.0332, 44.559197 ], [ -107.000618, 44.558832 ], [ -106.99649, 44.559079 ], [ -106.875614, 44.557871 ], [ -106.811312, 44.557872 ], [ -106.75061, 44.557323 ], [ -106.710608, 44.557573 ], [ -106.690307, 44.557474 ], [ -106.663806, 44.556874 ], [ -106.630905, 44.557474 ], [ -106.625605, 44.557174 ], [ -106.590703, 44.556775 ], [ -106.550001, 44.556874 ], [ -106.5006, 44.556713 ], [ -106.428897, 44.556777 ], [ -106.428897, 44.561777 ], [ -106.375594, 44.562078 ], [ -106.250589, 44.56223 ], [ -106.179185, 44.56208 ], [ -106.179485, 44.56378 ], [ -106.111882, 44.56368 ], [ -106.059479, 44.563781 ], [ -106.059279, 44.563081 ], [ -106.009676, 44.563981 ], [ -106.010577, 44.624988 ], [ -106.010677, 44.693182 ], [ -106.014977, 44.707082 ], [ -106.014927, 44.749983 ], [ -106.014476, 44.850684 ], [ -106.014275, 44.857784 ], [ -106.017575, 44.868785 ], [ -106.023103, 44.86882 ], [ -106.024929, 44.976809 ], [ -106.024815, 44.993495 ], [ -106.08961, 44.993469 ], [ -106.126207, 44.993268 ], [ -106.272157, 44.993836 ], [ -106.413832, 44.994367 ], [ -106.43491, 44.994165 ], [ -106.45526, 44.99451 ], [ -106.495169, 44.994413 ], [ -106.50951, 44.994607 ], [ -106.62561, 44.994927 ], [ -106.687678, 44.995274 ], [ -106.761164, 44.995505 ], [ -106.901595, 44.996007 ], [ -106.90141, 44.99341 ], [ -106.90759, 44.98643 ], [ -106.91454, 44.98395 ], [ -106.91747, 44.97938 ], [ -106.92982, 44.96861 ], [ -106.9323, 44.9653 ], [ -106.935732, 44.957397 ], [ -106.943602, 44.94882 ], [ -106.94341, 44.94612 ], [ -106.93512, 44.93545 ], [ -106.93553, 44.92875 ], [ -106.94256, 44.92511 ], [ -106.94421, 44.92257 ], [ -106.94207, 44.917 ], [ -106.94441, 44.89092 ], [ -106.9475, 44.8874 ], [ -106.95109, 44.88648 ], [ -106.96993, 44.88646 ], [ -106.98077, 44.88845 ], [ -106.98465, 44.88789 ], [ -106.98629, 44.88263 ], [ -106.99488, 44.88506 ], [ -107.00097, 44.8858 ], [ -107.005352, 44.884999 ], [ -106.994578, 44.871067 ], [ -106.99104, 44.86332 ], [ -106.98852, 44.85191 ], [ -106.98352, 44.84467 ], [ -106.98048, 44.84268 ], [ -106.94465, 44.82378 ], [ -106.94172, 44.82143 ], [ -106.939749, 44.817858 ], [ -106.937031, 44.808735 ], [ -106.93667, 44.80476 ], [ -106.93664, 44.79906 ], [ -106.93658, 44.762255 ] ] ] } },
{ "type": "Feature", "properties": { "PRED_SS_PC": -1.376284172548484, "PERCAP": 0.079060882681643491, "TRACTCE": "000502", "HLTH_INS": 0.98155565107310239, "Q_FEMALE": -0.33997772934682002, "RC5": -0.24333396292682971, "HOU_DEN": -0.63385732827994057, "MED_VAL": 0.18190928619836769, "POP_CHG": 0.038731729002122517, "LBR_FORCE": -0.71179232728801223, "SoVI_class": "< -1 SD", "Q_UNEMP": -1.1726088177285949, "Q_EXTRACT": 0.020029662317260589, "MED_RENT": 0.21322466258055231, "Q_MOBILE": 0.04439939240307867, "Q_RENTER": -1.3317738634890679, "AGE_DEP": 0.96852483776010156, "MED_AGE": 0.079057094451040227, "PCT_URBAN": -1.084758379818989, "NO_VEH": 0.47418433831199103, "Q_SERV": -0.56444242562757641, "COUNTYFP": "033", "ALAND": 446037799.0, "Ii": 1.8011087462298172, "NAME": "5.02", "RC4": 0.19578536594184789, "HOSP_PC": -0.39945578899327572, "PRED_NURS_PC": 0.27484377206213417, "AWATER": 1849527.0, "Q_TRANS": -1.5851856569256459, "NAMELSAD": "Census Tract 5.02", "RC8": -0.00093203226469535879, "RC1": -0.11333554578527261, "STATEFP": "56", "NO_HS": -0.7367115916291711, "MTFCC": "G5020", "PRED_BRATE": 1.590402422403502, "SoVI": -5.8845101755851976, "PRED_PCT_GOP": 0.21572792516442921, "Q_MINOR": -1.045944331935422, "lag_sovi": -3.041512317687932, "Area_miles": null, "RC3": -1.0467085256140409, "Q_GRP_QTR": -0.35621174230522579, "GEOIDFQ": "1400000US56033000502", "PRED_GDP_PC": -0.93293774448126476, "FUNCSTAT": "S", "RC10": -1.3589449419061159, "GISJOIN": "G5600330000502", "NAME_E": "Census Tract 5.02, Sheridan County, Wyoming", "COUNTY": "Sheridan County", "INTPTLON": "-107.1064110", "RC2": -0.72875711532559784, "RC9": -1.548815726253707, "AVG_HH_SZ": 0.697052497352874, "ESL_PCT": -0.71676894288916393, "INTPTLAT": "+44.6410492", "Q_POV": -1.0675613192922271, "FEM_LBR": -0.66028504343732897, "GEOID": "56033000502", "RC7": 0.51577369223702907, "quadrant": "Low Vulnerability & High Wildfire Risk", "RC6": 1.5552413836878149, "PRED_PHYS_PC": 0.95503028357215203, "PRED_FARM_VAL": 0.41130908425357721, "P.Ii": 0.046801005785642932, "cluster": "Low-Low", "TRACTFIPS": "56033000502", "SOVI_SCORE": 39.35082627, "SOVI_RATNG": "Relatively Low", "WFIR_RISKS": 98.638412234100002, "WFIR_RISKR": "Relatively High", "WFIR_EALT": 814621.357341 }, "geometry": { "type": "Polygon", "coordinates": [ [ [ -106.962532, 44.738521 ], [ -106.970376, 44.738138 ], [ -106.978475, 44.740358 ], [ -106.980485, 44.742003 ], [ -106.986828, 44.741638 ], [ -106.99977, 44.743562 ], [ -107.005328, 44.742692 ], [ -107.013432, 44.743657 ], [ -107.026482, 44.743952 ], [ -107.040974, 44.741308 ], [ -107.044046, 44.739606 ], [ -107.04754, 44.742371 ], [ -107.03904, 44.744678 ], [ -107.038943, 44.74829 ], [ -107.043011, 44.75079 ], [ -107.05074, 44.758015 ], [ -107.05122, 44.760649 ], [ -107.048262, 44.766601 ], [ -107.04903, 44.77099 ], [ -107.05567, 44.7677 ], [ -107.06693, 44.76584 ], [ -107.07454, 44.76359 ], [ -107.0912, 44.75572 ], [ -107.099, 44.75504 ], [ -107.1072, 44.75275 ], [ -107.1153, 44.75155 ], [ -107.12546, 44.75109 ], [ -107.13025, 44.74858 ], [ -107.138853, 44.738602 ], [ -107.144166, 44.736867 ], [ -107.145638, 44.731183 ], [ -107.144158, 44.728691 ], [ -107.150126, 44.718508 ], [ -107.161831, 44.708754 ], [ -107.165691, 44.706979 ], [ -107.174834, 44.705392 ], [ -107.181299, 44.702406 ], [ -107.197682, 44.691387 ], [ -107.197007, 44.689564 ], [ -107.201652, 44.685576 ], [ -107.204827, 44.685785 ], [ -107.209889, 44.682842 ], [ -107.212826, 44.682768 ], [ -107.2249, 44.673818 ], [ -107.22814, 44.669164 ], [ -107.236356, 44.669894 ], [ -107.238009, 44.666639 ], [ -107.245589, 44.663978 ], [ -107.255379, 44.65752 ], [ -107.256736, 44.652505 ], [ -107.263122, 44.650992 ], [ -107.266108, 44.647674 ], [ -107.263205, 44.641781 ], [ -107.266352, 44.63322 ], [ -107.269969, 44.630601 ], [ -107.274882, 44.629215 ], [ -107.277153, 44.630565 ], [ -107.285225, 44.62936 ], [ -107.289942, 44.623278 ], [ -107.293005, 44.622029 ], [ -107.300895, 44.60797 ], [ -107.300554, 44.603484 ], [ -107.29814, 44.60203 ], [ -107.29865, 44.598022 ], [ -107.297917, 44.585199 ], [ -107.295985, 44.579725 ], [ -107.299062, 44.577165 ], [ -107.301952, 44.568871 ], [ -107.299822, 44.563181 ], [ -107.296437, 44.559101 ], [ -107.250627, 44.558667 ], [ -107.125622, 44.558361 ], [ -107.125232, 44.558664 ], [ -107.052925, 44.558411 ], [ -107.047088, 44.564281 ], [ -107.043031, 44.576075 ], [ -107.042468, 44.586267 ], [ -107.039542, 44.589021 ], [ -107.039709, 44.595977 ], [ -107.038426, 44.596974 ], [ -107.040528, 44.604965 ], [ -107.039397, 44.607217 ], [ -107.041058, 44.611104 ], [ -107.037145, 44.622787 ], [ -107.029677, 44.627084 ], [ -107.025701, 44.63451 ], [ -107.015516, 44.641041 ], [ -107.013168, 44.645255 ], [ -107.009381, 44.645718 ], [ -107.007908, 44.648751 ], [ -107.00198, 44.65222 ], [ -106.99726, 44.66072 ], [ -106.99283, 44.66097 ], [ -106.98204, 44.65827 ], [ -106.98092, 44.66074 ], [ -106.96486, 44.659 ], [ -106.95942, 44.66093 ], [ -106.94945, 44.66099 ], [ -106.93499, 44.64678 ], [ -106.92321, 44.64626 ], [ -106.91178, 44.64699 ], [ -106.90133, 44.64416 ], [ -106.89, 44.6442 ], [ -106.89551, 44.65375 ], [ -106.89781, 44.65938 ], [ -106.90266, 44.6665 ], [ -106.882828, 44.66518 ], [ -106.87952, 44.66558 ], [ -106.887497, 44.675038 ], [ -106.897683, 44.68282 ], [ -106.900212, 44.68567 ], [ -106.90027, 44.69257 ], [ -106.90155, 44.69634 ], [ -106.90903, 44.70168 ], [ -106.911095, 44.71121 ], [ -106.91636, 44.72088 ], [ -106.918515, 44.727383 ], [ -106.91918, 44.738512 ], [ -106.921389, 44.742067 ], [ -106.933333, 44.755507 ], [ -106.93658, 44.762255 ], [ -106.940215, 44.754615 ], [ -106.93878, 44.749737 ], [ -106.94698, 44.74799 ], [ -106.94726, 44.73785 ], [ -106.953248, 44.734226 ], [ -106.962446, 44.730682 ], [ -106.962532, 44.738521 ] ] ] } },
{ "type": "Feature", "properties": { "PRED_SS_PC": -0.0035243842016225132, "PERCAP": 0.079074258627264707, "TRACTCE": "975301", "HLTH_INS": -0.063434614146685928, "Q_FEMALE": 1.0860011682746971, "RC5": 0.25294562066859122, "HOU_DEN": -0.64760352595411075, "MED_VAL": 0.17817033874811361, "POP_CHG": -0.34156288743665952, "LBR_FORCE": -1.6626559867668771, "SoVI_class": "0.5 to 1 SD", "Q_UNEMP": -0.78366367994870312, "Q_EXTRACT": 0.18200238286117221, "MED_RENT": 0.2132260223564561, "Q_MOBILE": 0.82669791928268432, "Q_RENTER": 0.30279322678607712, "AGE_DEP": 1.475737156325682, "MED_AGE": 0.07905699199325017, "PCT_URBAN": 0.041903222339376572, "NO_VEH": -0.94431900171995642, "Q_SERV": -0.30785338850167732, "COUNTYFP": "041", "ALAND": 2281714887.0, "Ii": -0.16591297092588431, "NAME": "9753.01", "RC4": 2.2653512572683518, "HOSP_PC": 2.0595314556523698, "PRED_NURS_PC": 2.9792292182596478, "AWATER": 2525114.0, "Q_TRANS": -0.99062491043272916, "NAMELSAD": "Census Tract 9753.01", "RC8": -1.703319764606869, "RC1": -0.33268267917602617, "STATEFP": "56", "NO_HS": 0.59759853589548073, "MTFCC": "G5020", "PRED_BRATE": -1.0423771318491679, "SoVI": 2.9374308423922271, "PRED_PCT_GOP": 1.223328845487194, "Q_MINOR": 0.67561406767959742, "lag_sovi": -0.56127106293160089, "Area_miles": null, "RC3": 1.435333468001607, "Q_GRP_QTR": 0.19629006447767411, "GEOIDFQ": "1400000US56041975301", "PRED_GDP_PC": 1.2077453413446551, "FUNCSTAT": "S", "RC10": 0.57478200938560464, "GISJOIN": "G5600410975301", "NAME_E": "Census Tract 9753.01, Uinta County, Wyoming", "COUNTY": "Uinta County", "INTPTLON": "-110.7970869", "RC2": 0.76749933409483995, "RC9": 0.20817756080729441, "AVG_HH_SZ": -0.028971135343158459, "ESL_PCT": 1.657098984266689, "INTPTLAT": "+41.2731629", "Q_POV": 1.610434214202862, "FEM_LBR": -0.16297071545013661, "GEOID": "56041975301", "RC7": 0.69897021664747194, "quadrant": "High Vulnerability & High Wildfire Risk", "RC6": 1.229626180698639, "PRED_PHYS_PC": 0.8908734122372225, "PRED_FARM_VAL": -0.39830347394117049, "P.Ii": 0.69669271965463653, "cluster": "Not Significant", "TRACTFIPS": "56041975301", "SOVI_SCORE": 91.61345732, "SOVI_RATNG": "Very High", "WFIR_RISKS": 97.714435208599994, "WFIR_RISKR": "Relatively High", "WFIR_EALT": 247134.176534 }, "geometry": { "type": "Polygon", "coordinates": [ [ [ -111.046788, 41.248164 ], [ -111.046809, 41.17818 ], [ -111.04679, 41.115808 ], [ -111.046674, 41.070033 ], [ -111.046815, 40.997875 ], [ -111.006826, 40.997965 ], [ -110.980532, 40.997581 ], [ -110.905929, 40.997191 ], [ -110.864764, 40.997202 ], [ -110.805623, 40.996854 ], [ -110.681369, 40.996239 ], [ -110.606794, 40.996255 ], [ -110.606565, 40.998642 ], [ -110.593739, 41.001534 ], [ -110.589432, 41.007529 ], [ -110.58761, 41.016259 ], [ -110.589236, 41.021719 ], [ -110.586124, 41.027982 ], [ -110.580783, 41.026013 ], [ -110.579114, 41.032399 ], [ -110.582906, 41.03582 ], [ -110.583932, 41.04277 ], [ -110.581327, 41.048968 ], [ -110.570844, 41.061717 ], [ -110.567773, 41.067464 ], [ -110.565001, 41.070235 ], [ -110.564259, 41.075005 ], [ -110.559849, 41.08006 ], [ -110.5605, 41.0819 ], [ -110.555752, 41.088312 ], [ -110.553422, 41.089268 ], [ -110.549526, 41.097006 ], [ -110.547053, 41.098648 ], [ -110.545932, 41.104223 ], [ -110.542718, 41.108554 ], [ -110.543318, 41.1103 ], [ -110.536213, 41.1222 ], [ -110.52894, 41.128146 ], [ -110.523006, 41.130805 ], [ -110.51838, 41.138371 ], [ -110.518464, 41.14158 ], [ -110.511155, 41.148323 ], [ -110.509859, 41.15243 ], [ -110.502068, 41.162705 ], [ -110.496974, 41.165909 ], [ -110.488965, 41.174682 ], [ -110.483575, 41.178089 ], [ -110.478089, 41.185219 ], [ -110.486193, 41.184889 ], [ -110.498698, 41.190084 ], [ -110.5125, 41.194214 ], [ -110.519861, 41.198637 ], [ -110.527832, 41.200817 ], [ -110.532608, 41.203046 ], [ -110.539639, 41.2048 ], [ -110.533718, 41.213134 ], [ -110.531192, 41.219206 ], [ -110.525432, 41.230059 ], [ -110.525131, 41.293736 ], [ -110.526501, 41.294318 ], [ -110.552622, 41.295189 ], [ -110.561197, 41.296549 ], [ -110.570814, 41.291324 ], [ -110.576141, 41.291136 ], [ -110.590077, 41.293471 ], [ -110.597527, 41.29174 ], [ -110.601696, 41.286618 ], [ -110.618173, 41.280823 ], [ -110.626113, 41.278886 ], [ -110.632972, 41.278311 ], [ -110.648755, 41.271246 ], [ -110.665533, 41.266033 ], [ -110.696457, 41.272387 ], [ -110.712213, 41.270044 ], [ -110.716285, 41.267641 ], [ -110.726653, 41.265365 ], [ -110.731465, 41.268931 ], [ -110.729273, 41.273689 ], [ -110.731208, 41.278244 ], [ -110.736533, 41.28347 ], [ -110.739191, 41.287489 ], [ -110.743023, 41.289051 ], [ -110.7421, 41.295955 ], [ -110.738395, 41.302835 ], [ -110.735443, 41.305865 ], [ -110.724419, 41.311431 ], [ -110.720503, 41.314877 ], [ -110.690645, 41.348474 ], [ -110.684677, 41.356591 ], [ -110.680625, 41.360713 ], [ -110.670427, 41.368992 ], [ -110.634101, 41.410056 ], [ -110.630751, 41.416136 ], [ -110.629997, 41.423987 ], [ -110.622843, 41.434984 ], [ -110.622232, 41.438676 ], [ -110.6203, 41.462363 ], [ -110.613554, 41.491232 ], [ -110.612699, 41.493675 ], [ -110.592937, 41.536629 ], [ -110.591571, 41.543123 ], [ -110.591707, 41.562833 ], [ -110.590472, 41.568025 ], [ -110.584899, 41.579164 ], [ -110.674827, 41.578947 ], [ -110.713129, 41.578947 ], [ -110.828435, 41.579246 ], [ -110.924539, 41.579246 ], [ -111.000743, 41.579742 ], [ -111.045837, 41.579845 ], [ -111.045804, 41.521585 ], [ -111.026106, 41.52209 ], [ -111.020284, 41.520595 ], [ -111.019247, 41.522598 ], [ -111.013333, 41.523794 ], [ -111.010696, 41.525686 ], [ -111.001047, 41.52411 ], [ -110.999217, 41.520101 ], [ -111.000909, 41.518276 ], [ -110.999217, 41.514292 ], [ -111.00608, 41.508302 ], [ -111.010573, 41.505869 ], [ -111.01757, 41.504414 ], [ -111.015909, 41.498492 ], [ -111.011315, 41.489227 ], [ -111.009118, 41.48715 ], [ -111.008139, 41.478946 ], [ -111.005432, 41.475085 ], [ -111.006066, 41.470385 ], [ -111.005332, 41.463139 ], [ -111.002307, 41.457341 ], [ -111.001876, 41.45019 ], [ -111.004166, 41.446095 ], [ -111.005543, 41.439152 ], [ -111.005473, 41.430366 ], [ -111.002058, 41.422684 ], [ -111.003448, 41.417891 ], [ -111.003469, 41.412047 ], [ -111.006928, 41.402326 ], [ -111.006915, 41.399187 ], [ -111.01114, 41.392523 ], [ -111.010417, 41.387411 ], [ -111.011542, 41.378867 ], [ -111.010252, 41.375404 ], [ -111.009856, 41.365014 ], [ -111.005551, 41.358764 ], [ -111.003157, 41.352613 ], [ -110.997121, 41.320713 ], [ -110.991574, 41.308516 ], [ -110.983153, 41.298073 ], [ -110.974366, 41.297738 ], [ -110.967114, 41.300303 ], [ -110.952851, 41.30053 ], [ -110.947447, 41.301564 ], [ -110.938881, 41.301538 ], [ -110.93403, 41.300458 ], [ -110.919642, 41.300356 ], [ -110.92477, 41.295698 ], [ -110.924567, 41.293969 ], [ -110.916161, 41.291141 ], [ -110.912331, 41.286629 ], [ -110.897288, 41.28246 ], [ -110.89963, 41.270792 ], [ -110.896782, 41.267359 ], [ -110.899752, 41.262843 ], [ -110.920352, 41.266498 ], [ -110.935182, 41.268028 ], [ -110.945156, 41.267637 ], [ -110.950055, 41.266715 ], [ -110.954629, 41.262112 ], [ -110.947997, 41.260627 ], [ -110.945028, 41.257616 ], [ -110.938275, 41.246204 ], [ -110.928303, 41.231837 ], [ -110.918366, 41.222223 ], [ -110.91866, 41.218167 ], [ -110.921266, 41.215285 ], [ -110.935417, 41.208078 ], [ -110.936841, 41.206271 ], [ -110.945808, 41.202564 ], [ -110.962103, 41.204351 ], [ -110.971429, 41.207485 ], [ -110.973956, 41.211076 ], [ -110.982047, 41.215785 ], [ -110.971244, 41.222323 ], [ -110.967517, 41.226602 ], [ -110.965208, 41.23334 ], [ -110.972016, 41.232059 ], [ -110.978558, 41.23477 ], [ -110.981503, 41.23434 ], [ -110.979816, 41.243287 ], [ -110.986209, 41.242234 ], [ -110.986332, 41.25536 ], [ -110.985633, 41.261215 ], [ -111.007622, 41.250881 ], [ -111.013229, 41.248609 ], [ -111.024676, 41.246849 ], [ -111.041252, 41.246796 ], [ -111.046788, 41.248164 ] ] ] } },
{ "type": "Feature", "properties": { "PRED_SS_PC": 0.24168836226911589, "PERCAP": 0.078967194143377425, "TRACTCE": "975402", "HLTH_INS": -0.9590741277740128, "Q_FEMALE": 0.40846726182977178, "RC5": -0.21496831977189651, "HOU_DEN": -0.60685271007542085, "MED_VAL": 0.17804321625267649, "POP_CHG": 1.5331020059764631, "LBR_FORCE": 0.01276710697499584, "SoVI_class": "0.5 to 1 SD", "Q_UNEMP": 0.140081022278539, "Q_EXTRACT": -0.40804109912022068, "MED_RENT": 0.2132244432618581, "Q_MOBILE": 1.909272648398906, "Q_RENTER": -0.69446972720850597, "AGE_DEP": 0.1528231607683693, "MED_AGE": 0.079056832614465625, "PCT_URBAN": 0.16106794613113559, "NO_VEH": 1.446404919080555, "Q_SERV": 0.36783107592985642, "COUNTYFP": "041", "ALAND": 125075003.0, "Ii": 0.13544856711693548, "NAME": "9754.02", "RC4": -0.41538338711537609, "HOSP_PC": -0.39945578899327572, "PRED_NURS_PC": -0.37928029643238848, "AWATER": 8895382.0, "Q_TRANS": -0.049237061818944543, "NAMELSAD": "Census Tract 9754.02", "RC8": -0.14366121092715281, "RC1": 0.24906113494701379, "STATEFP": "56", "NO_HS": 1.6045454948259701, "MTFCC": "G5020", "PRED_BRATE": 0.87364553647107612, "SoVI": 1.637919406209718, "PRED_PCT_GOP": -0.15719703353952169, "Q_MINOR": -0.1386102865151044, "lag_sovi": 0.82175404252284301, "Area_miles": null, "RC3": 0.31990737719167522, "Q_GRP_QTR": -0.19965075076693989, "GEOIDFQ": "1400000US56041975402", "PRED_GDP_PC": -0.20750017665730219, "FUNCSTAT": "S", "RC10": -0.55099587898407687, "GISJOIN": "G5600410975402", "NAME_E": "Census Tract 9754.02, Uinta County, Wyoming", "COUNTY": "Uinta County", "INTPTLON": "-111.0075603", "RC2": 0.96653555589844042, "RC9": 0.74804925616030871, "AVG_HH_SZ": 1.0600643137008909, "ESL_PCT": 0.31588204561985561, "INTPTLAT": "+41.3532973", "Q_POV": 0.15720172690748241, "FEM_LBR": 0.58063217307935377, "GEOID": "56041975402", "RC7": -0.051014358572320131, "quadrant": "High Vulnerability & High Wildfire Risk", "RC6": -0.73038923738310257, "PRED_PHYS_PC": -0.67309411569168998, "PRED_FARM_VAL": 0.70471122445945855, "P.Ii": 0.7086678139793694, "cluster": "Not Significant", "TRACTFIPS": "56041975402", "SOVI_SCORE": 37.70597643, "SOVI_RATNG": "Relatively Low", "WFIR_RISKS": 96.231553161400001, "WFIR_RISKR": "Relatively Moderate", "WFIR_EALT": 191077.99136499999 }, "geometry": { "type": "Polygon", "coordinates": [ [ [ -111.045804, 41.521585 ], [ -111.045796, 41.506066 ], [ -111.046266, 41.444153 ], [ -111.046409, 41.315851 ], [ -111.046788, 41.248164 ], [ -111.041252, 41.246796 ], [ -111.024676, 41.246849 ], [ -111.013229, 41.248609 ], [ -111.007622, 41.250881 ], [ -111.006938, 41.254533 ], [ -110.993131, 41.274655 ], [ -110.989407, 41.277476 ], [ -110.984333, 41.278977 ], [ -110.97635, 41.277528 ], [ -110.96381, 41.268946 ], [ -110.963264, 41.270133 ], [ -110.951104, 41.27009 ], [ -110.945156, 41.267637 ], [ -110.935182, 41.268028 ], [ -110.920352, 41.266498 ], [ -110.899752, 41.262843 ], [ -110.896782, 41.267359 ], [ -110.89963, 41.270792 ], [ -110.897288, 41.28246 ], [ -110.912331, 41.286629 ], [ -110.916161, 41.291141 ], [ -110.924567, 41.293969 ], [ -110.92477, 41.295698 ], [ -110.919642, 41.300356 ], [ -110.93403, 41.300458 ], [ -110.938881, 41.301538 ], [ -110.947447, 41.301564 ], [ -110.952851, 41.30053 ], [ -110.967114, 41.300303 ], [ -110.974366, 41.297738 ], [ -110.983153, 41.298073 ], [ -110.991574, 41.308516 ], [ -110.997121, 41.320713 ], [ -111.003157, 41.352613 ], [ -111.005551, 41.358764 ], [ -111.009856, 41.365014 ], [ -111.010252, 41.375404 ], [ -111.011542, 41.378867 ], [ -111.010417, 41.387411 ], [ -111.01114, 41.392523 ], [ -111.006915, 41.399187 ], [ -111.006928, 41.402326 ], [ -111.003469, 41.412047 ], [ -111.003448, 41.417891 ], [ -111.002058, 41.422684 ], [ -111.005473, 41.430366 ], [ -111.005543, 41.439152 ], [ -111.004166, 41.446095 ], [ -111.001876, 41.45019 ], [ -111.002307, 41.457341 ], [ -111.005332, 41.463139 ], [ -111.006066, 41.470385 ], [ -111.005432, 41.475085 ], [ -111.008139, 41.478946 ], [ -111.009118, 41.48715 ], [ -111.011315, 41.489227 ], [ -111.015909, 41.498492 ], [ -111.01757, 41.504414 ], [ -111.010573, 41.505869 ], [ -111.00608, 41.508302 ], [ -110.999217, 41.514292 ], [ -111.000909, 41.518276 ], [ -110.999217, 41.520101 ], [ -111.001047, 41.52411 ], [ -111.010696, 41.525686 ], [ -111.013333, 41.523794 ], [ -111.019247, 41.522598 ], [ -111.020284, 41.520595 ], [ -111.026106, 41.52209 ], [ -111.045804, 41.521585 ] ] ] } },
{ "type": "Feature", "properties": { "PRED_SS_PC": -0.75750608241720108, "PERCAP": 0.079067656032830391, "TRACTCE": "975201", "HLTH_INS": 0.64996599465870808, "Q_FEMALE": 0.22678020439317581, "RC5": -0.34205665556247528, "HOU_DEN": -0.5819959051324205, "MED_VAL": 0.17832924186740989, "POP_CHG": -0.69343619737805573, "LBR_FORCE": -1.2862576157826819, "SoVI_class": "-0.5 to 0.5 SD", "Q_UNEMP": -0.58919111105875754, "Q_EXTRACT": 1.396797786940511, "MED_RENT": 0.21322760876167729, "Q_MOBILE": 1.838154600500761, "Q_RENTER": -0.78298419058080626, "AGE_DEP": 0.53934195427662224, "MED_AGE": 0.079056855382863417, "PCT_URBAN": -1.3265962575458641, "NO_VEH": 0.81179113894975086, "Q_SERV": -1.7789638680234989, "COUNTYFP": "041", "ALAND": 49117114.0, "Ii": 0.44151230511758482, "NAME": "9752.01", "RC4": 0.33527538807007218, "HOSP_PC": -0.39945578899327572, "PRED_NURS_PC": 0.95222289672458515, "AWATER": 638916.0, "Q_TRANS": 0.76828396460881565, "NAMELSAD": "Census Tract 9752.01", "RC8": 0.75275176218145612, "RC1": -0.41253173496276241, "STATEFP": "56", "NO_HS": -0.66640284010794582, "MTFCC": "G5020", "PRED_BRATE": 1.590402422403502, "SoVI": -1.548191246292975, "PRED_PCT_GOP": 1.223328845487194, "Q_MINOR": -0.14221981070715251, "lag_sovi": -2.833858537921556, "Area_miles": null, "RC3": -1.106816027446077, "Q_GRP_QTR": -0.35621174230522579, "GEOIDFQ": "1400000US56041975201", "PRED_GDP_PC": -0.086719645988246316, "FUNCSTAT": "S", "RC10": -1.453704851552051, "GISJOIN": "G5600410975201", "NAME_E": "Census Tract 9752.01, Uinta County, Wyoming", "COUNTY": "Uinta County", "INTPTLON": "-110.2648780", "RC2": 0.59253194583022739, "RC9": -0.98109462322198038, "AVG_HH_SZ": 1.6185440311593779, "ESL_PCT": -0.51515559541730349, "INTPTLAT": "+41.3470816", "Q_POV": -0.60542920078350948, "FEM_LBR": -1.914967199605691, "GEOID": "56041975201", "RC7": 0.92132489932009476, "quadrant": "Low Vulnerability & Low Wildfire Risk", "RC6": -0.14612865105052081, "PRED_PHYS_PC": -1.6140114275132149, "PRED_FARM_VAL": 0.70471122445945855, "P.Ii": 0.36815720616832071, "cluster": "Not Significant", "TRACTFIPS": "56041975201", "SOVI_SCORE": 9.209856068000001, "SOVI_RATNG": "Very Low", "WFIR_RISKS": 89.973006076600001, "WFIR_RISKR": "Relatively Moderate", "WFIR_EALT": 39246.242242200002 }, "geometry": { "type": "Polygon", "coordinates": [ [ [ -110.338061, 41.35698 ], [ -110.33612, 41.351594 ], [ -110.336219, 41.316373 ], [ -110.303938, 41.316288 ], [ -110.259052, 41.316561 ], [ -110.258641, 41.334042 ], [ -110.243511, 41.346989 ], [ -110.23884, 41.353101 ], [ -110.234308, 41.356798 ], [ -110.219262, 41.364091 ], [ -110.214384, 41.367338 ], [ -110.184408, 41.390924 ], [ -110.190451, 41.391346 ], [ -110.215621, 41.386298 ], [ -110.225521, 41.383216 ], [ -110.239628, 41.376445 ], [ -110.246653, 41.374476 ], [ -110.264993, 41.371553 ], [ -110.292404, 41.36845 ], [ -110.319632, 41.362774 ], [ -110.338061, 41.35698 ] ] ] } },
{ "type": "Feature", "properties": { "PRED_SS_PC": -0.467236218797414, "PERCAP": 0.078973853656729265, "TRACTCE": "001902", "HLTH_INS": 0.86767503134484092, "Q_FEMALE": -0.1005495766774324, "RC5": -0.20666415803873359, "HOU_DEN": -0.6467026771463128, "MED_VAL": 0.17996207878515241, "POP_CHG": -0.19678563542058819, "LBR_FORCE": -0.31113167482206477, "SoVI_class": "< -1 SD", "Q_UNEMP": -0.1030096888338931, "Q_EXTRACT": -0.48902745939217651, "MED_RENT": 0.21322630016013541, "Q_MOBILE": -0.58776103335821883, "Q_RENTER": -1.3494767561635279, "AGE_DEP": 0.37183907898754759, "MED_AGE": 0.079057079272108366, "PCT_URBAN": -1.287732416507074, "NO_VEH": 0.26578430394061542, "Q_SERV": 0.28230139688789002, "COUNTYFP": "021", "ALAND": 2578411157.0, "Ii": -0.10243475332861413, "NAME": "19.02", "RC4": 0.033124199582301908, "HOSP_PC": -0.39945578899327572, "PRED_NURS_PC": -0.065379954338220719, "AWATER": 2496572.0, "Q_TRANS": 0.14894985367869429, "NAMELSAD": "Census Tract 19.02", "RC8": -0.5599560537448508, "RC1": -0.070810873664659824, "STATEFP": "56", "NO_HS": -0.1896559800252291, "MTFCC": "G5020", "PRED_BRATE": 0.95331597772570598, "SoVI": -3.4282289666097991, "PRED_PCT_GOP": -0.1045327940997219, "Q_MINOR": 0.019633836610721489, "lag_sovi": 0.2969186439717596, "Area_miles": null, "RC3": -0.47517425275509467, "Q_GRP_QTR": -0.35621174230522579, "GEOIDFQ": "1400000US56021001902", "PRED_GDP_PC": -0.30733219959699498, "FUNCSTAT": "S", "RC10": -0.81078331078320554, "GISJOIN": "G5600210001902", "NAME_E": "Census Tract 19.02, Laramie County, Wyoming", "COUNTY": "Laramie County", "INTPTLON": "-105.0842689", "RC2": -0.46093929913668719, "RC9": -0.55573833360761016, "AVG_HH_SZ": 0.3898886527507065, "ESL_PCT": -0.40381529332842447, "INTPTLAT": "+41.3085797", "Q_POV": -1.102947489070516, "FEM_LBR": 0.032704372365865632, "GEOID": "56021001902", "RC7": -0.36085485127976841, "quadrant": "Low Vulnerability & High Wildfire Risk", "RC6": -0.039567966818509187, "PRED_PHYS_PC": -0.41477184970214431, "PRED_FARM_VAL": -1.220867800893549, "P.Ii": 0.76460917447205679, "cluster": "Not Significant", "TRACTFIPS": "56021001902", "SOVI_SCORE": 65.1933898, "SOVI_RATNG": "Relatively High", "WFIR_RISKS": 98.813218698300005, "WFIR_RISKR": "Relatively High", "WFIR_EALT": 802751.53845600004 }, "geometry": { "type": "Polygon", "coordinates": [ [ [ -105.278236, 41.656655 ], [ -105.279076, 41.642276 ], [ -105.278641, 41.622615 ], [ -105.278358, 41.499976 ], [ -105.278513, 41.489893 ], [ -105.278378, 41.435128 ], [ -105.277999, 41.429249 ], [ -105.277599, 41.395473 ], [ -105.280201, 41.395378 ], [ -105.280431, 41.374978 ], [ -105.280674, 41.321433 ], [ -105.279977, 41.27057 ], [ -105.280202, 41.24085 ], [ -105.279861, 41.19073 ], [ -105.278926, 41.145984 ], [ -105.278738, 41.045582 ], [ -105.276837, 41.045683 ], [ -105.27686, 40.998172 ], [ -105.248822, 40.99844 ], [ -105.155054, 40.998247 ], [ -105.074809, 40.998298 ], [ -104.956698, 40.998222 ], [ -104.882452, 40.998186 ], [ -104.855273, 40.998048 ], [ -104.838689, 40.998857 ], [ -104.773018, 40.999833 ], [ -104.785081, 41.038397 ], [ -104.787339, 41.043264 ], [ -104.795981, 41.05653 ], [ -104.822818, 41.052956 ], [ -104.82764, 41.058469 ], [ -104.838281, 41.083213 ], [ -104.829015, 41.088126 ], [ -104.82897, 41.102374 ], [ -104.837199, 41.098555 ], [ -104.850547, 41.099522 ], [ -104.850979, 41.11389 ], [ -104.851091, 41.117868 ], [ -104.850428, 41.122066 ], [ -104.843855, 41.128808 ], [ -104.843009, 41.132434 ], [ -104.847234, 41.1331 ], [ -104.859192, 41.13158 ], [ -104.868786, 41.13174 ], [ -104.885916, 41.135462 ], [ -104.885225, 41.14189 ], [ -104.879581, 41.156605 ], [ -104.8796, 41.163058 ], [ -104.864791, 41.165974 ], [ -104.857116, 41.16954 ], [ -104.843552, 41.167879 ], [ -104.842948, 41.167831 ], [ -104.842949, 41.174942 ], [ -104.847743, 41.174953 ], [ -104.84764, 41.203875 ], [ -104.841963, 41.206686 ], [ -104.837961, 41.204532 ], [ -104.838175, 41.25222 ], [ -104.839549, 41.257529 ], [ -104.866653, 41.339688 ], [ -104.867669, 41.344875 ], [ -104.871165, 41.382233 ], [ -104.872246, 41.389033 ], [ -104.877063, 41.439997 ], [ -104.879426, 41.447566 ], [ -104.894287, 41.474981 ], [ -104.896658, 41.483418 ], [ -104.899418, 41.519355 ], [ -104.897778, 41.530244 ], [ -104.892285, 41.542226 ], [ -104.884503, 41.556134 ], [ -104.866778, 41.595049 ], [ -104.843322, 41.653477 ], [ -104.872005, 41.653718 ], [ -105.016629, 41.655687 ], [ -105.056033, 41.656131 ], [ -105.069552, 41.656019 ], [ -105.114225, 41.656521 ], [ -105.149982, 41.656004 ], [ -105.200849, 41.656192 ], [ -105.236046, 41.65651 ], [ -105.278236, 41.656655 ] ] ] } },
{ "type": "Feature", "properties": { "PRED_SS_PC": -0.73779159018128759, "PERCAP": 0.079105905545415328, "TRACTCE": "001401", "HLTH_INS": 0.088248517924348083, "Q_FEMALE": -0.60491703553620513, "RC5": -0.35352388539276208, "HOU_DEN": 0.70545359254801343, "MED_VAL": 0.1789012930968768, "POP_CHG": -0.30664087726188111, "LBR_FORCE": 0.4034457205989993, "SoVI_class": "-1 to -0.5 SD", "Q_UNEMP": -0.63780925328124383, "Q_EXTRACT": -1.0212235411793149, "MED_RENT": 0.21322757220856159, "Q_MOBILE": -0.88013523027281892, "Q_RENTER": -0.41122344441714498, "AGE_DEP": 0.38705580231448239, "MED_AGE": 0.079056914201224376, "PCT_URBAN": 0.92287987496125579, "NO_VEH": 0.50835301118451726, "Q_SERV": 0.50467856239700326, "COUNTYFP": "021", "ALAND": 3971281.0, "Ii": -0.16441796680163079, "NAME": "14.01", "RC4": -0.29905068300329019, "HOSP_PC": -0.39945578899327572, "PRED_NURS_PC": -0.83144219978413736, "AWATER": 0.0, "Q_TRANS": -0.71811790162347566, "NAMELSAD": "Census Tract 14.01", "RC8": 0.65499492479078825, "RC1": 1.210582577349979, "STATEFP": "56", "NO_HS": -0.36078789523659122, "MTFCC": "G5020", "PRED_BRATE": 0.83306150272970625, "SoVI": -1.9132811765457149, "PRED_PCT_GOP": -0.34641171544541199, "Q_MINOR": 0.68293492096195985, "lag_sovi": 0.85394605634704623, "Area_miles": null, "RC3": -0.1173553698284731, "Q_GRP_QTR": -0.2153047019885215, "GEOIDFQ": "1400000US56021001401", "PRED_GDP_PC": 0.2044508983808668, "FUNCSTAT": "S", "RC10": -1.057800322077592, "GISJOIN": "G5600210001401", "NAME_E": "Census Tract 14.01, Laramie County, Wyoming", "COUNTY": "Laramie County", "INTPTLON": "-104.7774187", "RC2": -0.29553059537844267, "RC9": -0.8750406925154085, "AVG_HH_SZ": 0.30611669513193401, "ESL_PCT": -0.1301113792495884, "INTPTLAT": "+41.1588504", "Q_POV": -0.34011611422434568, "FEM_LBR": -0.0653616075075069, "GEOID": "56021001401", "RC7": 0.055155847411554347, "quadrant": "Low Vulnerability & Low Wildfire Risk", "RC6": 0.83571297790206844, "PRED_PHYS_PC": 0.42518467756718481, "PRED_FARM_VAL": 0.70471122445945855, "P.Ii": 0.50701287207957924, "cluster": "Not Significant", "TRACTFIPS": "56021001401", "SOVI_SCORE": 54.5856779, "SOVI_RATNG": "Relatively Moderate", "WFIR_RISKS": 73.152343239000004, "WFIR_RISKR": "Relatively Low", "WFIR_EALT": 1921.2957644400001 }, "geometry": { "type": "Polygon", "coordinates": [ [ [ -104.785374, 41.152597 ], [ -104.789879, 41.148488 ], [ -104.790011, 41.145826 ], [ -104.770785, 41.145617 ], [ -104.770696, 41.160124 ], [ -104.768297, 41.160109 ], [ -104.76818, 41.174533 ], [ -104.776407, 41.174873 ], [ -104.776, 41.169563 ], [ -104.779767, 41.169688 ], [ -104.788903, 41.166001 ], [ -104.782669, 41.163433 ], [ -104.785387, 41.160201 ], [ -104.785374, 41.152597 ] ] ] } },
{ "type": "Feature", "properties": { "PRED_SS_PC": -0.6198416612194686, "PERCAP": 0.079096570842939237, "TRACTCE": "001402", "HLTH_INS": 0.098257527905617162, "Q_FEMALE": 0.41687500678534678, "RC5": 0.20666273228118359, "HOU_DEN": -0.28202467193464409, "MED_VAL": 0.17992084986771339, "POP_CHG": 1.4872687135768921, "LBR_FORCE": -0.043564764634134223, "SoVI_class": "-0.5 to 0.5 SD", "Q_UNEMP": -0.15162783105637959, "Q_EXTRACT": -0.94023718090735942, "MED_RENT": 0.21322700197995681, "Q_MOBILE": -0.93544926752693236, "Q_RENTER": 0.39130769015837741, "AGE_DEP": 0.994384021608544, "MED_AGE": 0.07905695214855403, "PCT_URBAN": 0.40774560431555751, "NO_VEH": 0.1556258798037555, "Q_SERV": 0.98364476503201437, "COUNTYFP": "021", "ALAND": 12713479.0, "Ii": -0.053314200109213998, "NAME": "14.02", "RC4": 0.1007468100442344, "HOSP_PC": -0.39945578899327572, "PRED_NURS_PC": -0.44324517684304943, "AWATER": 0.0, "Q_TRANS": 0.79305732904602044, "NAMELSAD": "Census Tract 14.02", "RC8": -1.0235117316296749, "RC1": 1.236510721173949, "STATEFP": "56", "NO_HS": -0.37583369443851949, "MTFCC": "G5020", "PRED_BRATE": 0.075279737919549505, "SoVI": 0.34338912993366211, "PRED_PCT_GOP": -0.6522926513201226, "Q_MINOR": 0.44996995639365839, "lag_sovi": -1.5428237546595955, "Area_miles": null, "RC3": 0.24737340639246319, "Q_GRP_QTR": 0.26549443811228068, "GEOIDFQ": "1400000US56021001402", "PRED_GDP_PC": -0.02854344958042385, "FUNCSTAT": "S", "RC10": -0.50295265865583827, "GISJOIN": "G5600210001402", "NAME_E": "Census Tract 14.02, Laramie County, Wyoming", "COUNTY": "Laramie County", "INTPTLON": "-104.7879144", "RC2": -0.71084342808183043, "RC9": -0.35129657063659242, "AVG_HH_SZ": -0.22443903645362839, "ESL_PCT": -0.2608711266900951, "INTPTLAT": "+41.1812021", "Q_POV": -0.97445012528177755, "FEM_LBR": -0.68538959616785999, "GEOID": "56021001402", "RC7": -0.1399183649701263, "quadrant": "High Vulnerability & Low Wildfire Risk", "RC6": -1.2806182140158939, "PRED_PHYS_PC": -0.59676634351872404, "PRED_FARM_VAL": 0.70471122445945855, "P.Ii": 0.26976908121058896, "cluster": "Not Significant", "TRACTFIPS": "56021001402", "SOVI_SCORE": 74.58686252, "SOVI_RATNG": "Relatively High", "WFIR_RISKS": 90.189433127599997, "WFIR_RISKR": "Relatively Moderate", "WFIR_EALT": 25380.34096 }, "geometry": { "type": "Polygon", "coordinates": [ [ [ -104.809058, 41.171195 ], [ -104.809176, 41.160325 ], [ -104.807277, 41.158564 ], [ -104.791096, 41.157393 ], [ -104.788786, 41.160211 ], [ -104.785387, 41.160201 ], [ -104.782669, 41.163433 ], [ -104.788903, 41.166001 ], [ -104.779767, 41.169688 ], [ -104.776, 41.169563 ], [ -104.776407, 41.174873 ], [ -104.76818, 41.174533 ], [ -104.767846, 41.20335 ], [ -104.793561, 41.203729 ], [ -104.794028, 41.198569 ], [ -104.796521, 41.192998 ], [ -104.800992, 41.186491 ], [ -104.805068, 41.182831 ], [ -104.809028, 41.174047 ], [ -104.809058, 41.171195 ] ] ] } },
{ "type": "Feature", "properties": { "PRED_SS_PC": -0.27366366488068189, "PERCAP": 0.078915454847336211, "TRACTCE": "001901", "HLTH_INS": 1.0854588586621481, "Q_FEMALE": 0.50932377615326696, "RC5": -0.1259679419169504, "HOU_DEN": -0.64472230014820897, "MED_VAL": 0.1810555040330673, "POP_CHG": 0.51115501069428027, "LBR_FORCE": -0.45504396632350891, "SoVI_class": "-1 to -0.5 SD", "Q_UNEMP": -0.00577340438892041, "Q_EXTRACT": -0.28077681869286142, "MED_RENT": 0.21322947297057779, "Q_MOBILE": -0.61936905464628367, "Q_RENTER": -1.237358435891948, "AGE_DEP": 0.69497234471566161, "MED_AGE": 0.079056959738019961, "PCT_URBAN": -1.3265962575458641, "NO_VEH": -0.94944559659625039, "Q_SERV": 0.56454933772637883, "COUNTYFP": "021", "ALAND": 1516198604.0, "Ii": 0.34476232970348403, "NAME": "19.01", "RC4": -0.10966043845830779, "HOSP_PC": -0.39945578899327572, "PRED_NURS_PC": 0.04076826485404049, "AWATER": 112824.0, "Q_TRANS": 1.288524617790118, "NAMELSAD": "Census Tract 19.01", "RC8": -0.893880078419798, "RC1": 0.082374899340904362, "STATEFP": "56", "NO_HS": -0.92512577370080162, "MTFCC": "G5020", "PRED_BRATE": 1.590402422403502, "SoVI": -2.736503182712398, "PRED_PCT_GOP": -0.14915115335110851, "Q_MINOR": -0.2432886270602925, "lag_sovi": -1.2519408540291463, "Area_miles": null, "RC3": -0.15506706628654551, "Q_GRP_QTR": -0.35170668707987879, "GEOIDFQ": "1400000US56021001901", "PRED_GDP_PC": 0.25384665040029958, "FUNCSTAT": "S", "RC10": -1.5861038443401509, "GISJOIN": "G5600210001901", "NAME_E": "Census Tract 19.01, Laramie County, Wyoming", "COUNTY": "Laramie County", "INTPTLON": "-104.6795634", "RC2": -1.204177670488024, "RC9": -0.064461728681151187, "AVG_HH_SZ": 1.451000115921832, "ESL_PCT": -0.67159747997662955, "INTPTLAT": "+41.4235689", "Q_POV": -1.0050508231091611, "FEM_LBR": -0.47781666964312181, "GEOID": "56021001901", "RC7": -0.048448678867032823, "quadrant": "Low Vulnerability & High Wildfire Risk", "RC6": -1.368889365404659, "PRED_PHYS_PC": -1.6140114275132149, "PRED_FARM_VAL": -0.91344354874202638, "P.Ii": 0.21535017894907535, "cluster": "Not Significant", "TRACTFIPS": "56021001901", "SOVI_SCORE": 28.72001422, "SOVI_RATNG": "Relatively Low", "WFIR_RISKS": 97.723948485600005, "WFIR_RISKR": "Relatively High", "WFIR_EALT": 449816.79998900002 }, "geometry": { "type": "Polygon", "coordinates": [ [ [ -104.843322, 41.653477 ], [ -104.866778, 41.595049 ], [ -104.884503, 41.556134 ], [ -104.892285, 41.542226 ], [ -104.897778, 41.530244 ], [ -104.899418, 41.519355 ], [ -104.896658, 41.483418 ], [ -104.894287, 41.474981 ], [ -104.879426, 41.447566 ], [ -104.877063, 41.439997 ], [ -104.872246, 41.389033 ], [ -104.871165, 41.382233 ], [ -104.867669, 41.344875 ], [ -104.866653, 41.339688 ], [ -104.839549, 41.257529 ], [ -104.838175, 41.25222 ], [ -104.837961, 41.204532 ], [ -104.833287, 41.202114 ], [ -104.828277, 41.201323 ], [ -104.828318, 41.203846 ], [ -104.793561, 41.203729 ], [ -104.767846, 41.20335 ], [ -104.731698, 41.203153 ], [ -104.726151, 41.201999 ], [ -104.723902, 41.199446 ], [ -104.72404, 41.188792 ], [ -104.732115, 41.18193 ], [ -104.732336, 41.159821 ], [ -104.668804, 41.159353 ], [ -104.661946, 41.16063 ], [ -104.646869, 41.167733 ], [ -104.643064, 41.170035 ], [ -104.638575, 41.175502 ], [ -104.631552, 41.18964 ], [ -104.626189, 41.194421 ], [ -104.601548, 41.204115 ], [ -104.597518, 41.205363 ], [ -104.597273, 41.250904 ], [ -104.59644, 41.260714 ], [ -104.596365, 41.271515 ], [ -104.597939, 41.275299 ], [ -104.596799, 41.278095 ], [ -104.596274, 41.318039 ], [ -104.615513, 41.318285 ], [ -104.614991, 41.352445 ], [ -104.539762, 41.376833 ], [ -104.404194, 41.42081 ], [ -104.353707, 41.437577 ], [ -104.34614, 41.441811 ], [ -104.343316, 41.445012 ], [ -104.341151, 41.450679 ], [ -104.338336, 41.465428 ], [ -104.338299, 41.471046 ], [ -104.346145, 41.486141 ], [ -104.348524, 41.503692 ], [ -104.346895, 41.509795 ], [ -104.335324, 41.524789 ], [ -104.325383, 41.534448 ], [ -104.316765, 41.546011 ], [ -104.310938, 41.54965 ], [ -104.291171, 41.558979 ], [ -104.283248, 41.564453 ], [ -104.344053, 41.564526 ], [ -104.363606, 41.564843 ], [ -104.453156, 41.564436 ], [ -104.468927, 41.564548 ], [ -104.497692, 41.564173 ], [ -104.528566, 41.564592 ], [ -104.614507, 41.564718 ], [ -104.652992, 41.565014 ], [ -104.653475, 41.63533 ], [ -104.653338, 41.653007 ], [ -104.728513, 41.652672 ], [ -104.750522, 41.652681 ], [ -104.843322, 41.653477 ] ] ] } },
{ "type": "Feature", "properties": { "PRED_SS_PC": -0.56480383791787125, "PERCAP": 0.078777597229061372, "TRACTCE": "950200", "HLTH_INS": 0.1520447897836385, "Q_FEMALE": 0.21864782052613199, "RC5": -0.37353418092432211, "HOU_DEN": -0.6481475824060805, "MED_VAL": 0.17834727951878951, "POP_CHG": 0.14594900824688309, "LBR_FORCE": -0.59010629200662246, "SoVI_class": "-1 to -0.5 SD", "Q_UNEMP": -0.88089996439367602, "Q_EXTRACT": 1.0728523458526871, "MED_RENT": 0.21322541557473559, "Q_MOBILE": 0.39998963189380832, "Q_RENTER": -0.83609286860418641, "AGE_DEP": 1.025799656971867, "MED_AGE": 0.079056946456454585, "PCT_URBAN": -1.3265962575458641, "NO_VEH": -0.39110235410717098, "Q_SERV": -1.2743387616758981, "COUNTYFP": "011", "ALAND": 5202900359.0, "Ii": 0.27966788113965591, "NAME": "9502", "RC4": -0.24068758302678619, "HOSP_PC": -0.39945578899327572, "PRED_NURS_PC": 0.13632137956338719, "AWATER": 27816346.0, "Q_TRANS": 0.47100359136235759, "NAMELSAD": "Census Tract 9502", "RC8": 0.12822702927227961, "RC1": -1.15003679381553, "STATEFP": "56", "NO_HS": 1.1369251759803081, "MTFCC": "G5020", "PRED_BRATE": 1.50983447324213, "SoVI": -1.6868146203915231, "PRED_PCT_GOP": 1.223328845487194, "Q_MINOR": -0.69259712090314929, "lag_sovi": -1.6475370813510757, "Area_miles": null, "RC3": -0.46786651990605399, "Q_GRP_QTR": -0.35621174230522579, "GEOIDFQ": "1400000US56011950200", "PRED_GDP_PC": -0.37636601474797787, "FUNCSTAT": "S", "RC10": -0.74775168138903891, "GISJOIN": "G5600110950200", "NAME_E": "Census Tract 9502, Crook County, Wyoming", "COUNTY": "Crook County", "INTPTLON": "-104.6778233", "RC2": 0.34380961858447739, "RC9": -0.52867032960977101, "AVG_HH_SZ": 1.087988299573815, "ESL_PCT": -0.20761369098534849, "INTPTLAT": "+44.6588186", "Q_POV": -0.57380620804458726, "FEM_LBR": -0.66397996039449958, "GEOID": "56011950200", "RC7": 0.95592883931672723, "quadrant": "Low Vulnerability & High Wildfire Risk", "RC6": -0.39376698110649522, "PRED_PHYS_PC": -1.1624745769349629, "PRED_FARM_VAL": -1.1843752829255361, "P.Ii": 0.28920253344243557, "cluster": "Not Significant", "TRACTFIPS": "56011950200", "SOVI_SCORE": 47.73085352, "SOVI_RATNG": "Relatively Moderate", "WFIR_RISKS": 97.8285945322, "WFIR_RISKR": "Relatively High", "WFIR_EALT": 400064.309985 }, "geometry": { "type": "Polygon", "coordinates": [ [ [ -105.076601, 44.999926 ], [ -105.076724, 44.988018 ], [ -105.07654, 44.942558 ], [ -105.076696, 44.871072 ], [ -105.074791, 44.87107 ], [ -105.075553, 44.858143 ], [ -105.076817, 44.808738 ], [ -105.076861, 44.786193 ], [ -105.085451, 44.786801 ], [ -105.0856, 44.769128 ], [ -105.085583, 44.720446 ], [ -105.085558, 44.624983 ], [ -105.085452, 44.590426 ], [ -105.085816, 44.577865 ], [ -105.085646, 44.54187 ], [ -105.086151, 44.527708 ], [ -105.082698, 44.527607 ], [ -105.083153, 44.499982 ], [ -105.082915, 44.480472 ], [ -105.083149, 44.452472 ], [ -105.08388, 44.42077 ], [ -105.084559, 44.374981 ], [ -105.084446, 44.342366 ], [ -105.085076, 44.324184 ], [ -105.08391, 44.2855 ], [ -105.083726, 44.264082 ], [ -105.084391, 44.235081 ], [ -105.084467, 44.216633 ], [ -105.082181, 44.176175 ], [ -105.079281, 44.176182 ], [ -105.038338, 44.176977 ], [ -105.000513, 44.176897 ], [ -105.000414, 44.177329 ], [ -104.907417, 44.178 ], [ -104.722878, 44.179283 ], [ -104.62536, 44.180155 ], [ -104.614889, 44.179919 ], [ -104.461132, 44.180747 ], [ -104.460971, 44.196551 ], [ -104.46254, 44.2085 ], [ -104.45581, 44.22236 ], [ -104.45643, 44.23094 ], [ -104.45856, 44.23416 ], [ -104.45896, 44.24094 ], [ -104.45645, 44.24276 ], [ -104.45694, 44.24824 ], [ -104.46049, 44.25179 ], [ -104.46569, 44.25423 ], [ -104.47339, 44.25947 ], [ -104.48172, 44.26718 ], [ -104.49559, 44.27378 ], [ -104.50726, 44.2739 ], [ -104.50736, 44.28069 ], [ -104.50986, 44.28513 ], [ -104.50573, 44.30014 ], [ -104.51041, 44.30762 ], [ -104.509, 44.31121 ], [ -104.49988, 44.32185 ], [ -104.49849, 44.32724 ], [ -104.5104, 44.32132 ], [ -104.51579, 44.31997 ], [ -104.52561, 44.32144 ], [ -104.535, 44.32775 ], [ -104.54693, 44.3326 ], [ -104.55313, 44.33295 ], [ -104.55735, 44.33175 ], [ -104.56645, 44.32661 ], [ -104.57743, 44.32338 ], [ -104.5933, 44.32234 ], [ -104.597685, 44.324066 ], [ -104.595676, 44.327957 ], [ -104.592344, 44.330242 ], [ -104.590855, 44.340157 ], [ -104.596851, 44.349016 ], [ -104.60059, 44.351617 ], [ -104.602696, 44.358526 ], [ -104.605916, 44.36056 ], [ -104.610601, 44.368714 ], [ -104.61108, 44.38111 ], [ -104.60855, 44.385 ], [ -104.60565, 44.38505 ], [ -104.60106, 44.39549 ], [ -104.59875, 44.40407 ], [ -104.59128, 44.41072 ], [ -104.59074, 44.41387 ], [ -104.59843, 44.42157 ], [ -104.60258, 44.42468 ], [ -104.60819, 44.42596 ], [ -104.61439, 44.43015 ], [ -104.61537, 44.43434 ], [ -104.62579, 44.44127 ], [ -104.63869, 44.45116 ], [ -104.642104, 44.455992 ], [ -104.645702, 44.457718 ], [ -104.64405, 44.46422 ], [ -104.64824, 44.47153 ], [ -104.64912, 44.47805 ], [ -104.65318, 44.48376 ], [ -104.66079, 44.48656 ], [ -104.66944, 44.49268 ], [ -104.67655, 44.49547 ], [ -104.68019, 44.49853 ], [ -104.69045, 44.50262 ], [ -104.69062, 44.50717 ], [ -104.69399, 44.51336 ], [ -104.68945, 44.51841 ], [ -104.68922, 44.52328 ], [ -104.68377, 44.52757 ], [ -104.6777, 44.5416 ], [ -104.68069, 44.55189 ], [ -104.68905, 44.56444 ], [ -104.69162, 44.57089 ], [ -104.69676, 44.57928 ], [ -104.69358, 44.58381 ], [ -104.68255, 44.59096 ], [ -104.68019, 44.59574 ], [ -104.68273, 44.60408 ], [ -104.68293, 44.618004 ], [ -104.68238, 44.62246 ], [ -104.67908, 44.62581 ], [ -104.67082, 44.62948 ], [ -104.65438, 44.6301 ], [ -104.64901, 44.63262 ], [ -104.64765, 44.63615 ], [ -104.63617, 44.64269 ], [ -104.63125, 44.64807 ], [ -104.62926, 44.65288 ], [ -104.62319, 44.65845 ], [ -104.61688, 44.66559 ], [ -104.6132, 44.66782 ], [ -104.60458, 44.65949 ], [ -104.60022, 44.65687 ], [ -104.59586, 44.65186 ], [ -104.59276, 44.65061 ], [ -104.58908, 44.64365 ], [ -104.58552, 44.64033 ], [ -104.58035, 44.64001 ], [ -104.57423, 44.63754 ], [ -104.56865, 44.63882 ], [ -104.554, 44.6332 ], [ -104.5516, 44.63075 ], [ -104.5402, 44.62767 ], [ -104.53675, 44.62079 ], [ -104.53249, 44.61829 ], [ -104.52809, 44.61246 ], [ -104.5285, 44.60766 ], [ -104.523729, 44.601539 ], [ -104.51539, 44.60077 ], [ -104.510333, 44.603676 ], [ -104.502106, 44.601769 ], [ -104.497594, 44.603403 ], [ -104.487766, 44.604389 ], [ -104.48396, 44.605705 ], [ -104.47848, 44.605052 ], [ -104.478532, 44.607861 ], [ -104.46925, 44.61122 ], [ -104.46349, 44.61665 ], [ -104.46311, 44.61878 ], [ -104.45801, 44.62563 ], [ -104.45157, 44.6284 ], [ -104.44701, 44.63165 ], [ -104.44476, 44.63644 ], [ -104.434127, 44.63378 ], [ -104.431672, 44.630237 ], [ -104.42744, 44.62784 ], [ -104.42084, 44.62789 ], [ -104.41464, 44.62596 ], [ -104.41179, 44.61985 ], [ -104.40479, 44.62314 ], [ -104.39822, 44.62994 ], [ -104.39578, 44.63412 ], [ -104.39035, 44.63765 ], [ -104.38402, 44.64627 ], [ -104.376488, 44.649674 ], [ -104.368324, 44.651587 ], [ -104.36467, 44.65656 ], [ -104.35986, 44.65576 ], [ -104.34941, 44.65619 ], [ -104.34331, 44.6531 ], [ -104.33661, 44.65321 ], [ -104.32982, 44.65623 ], [ -104.3234, 44.65632 ], [ -104.31939, 44.65852 ], [ -104.30242, 44.66254 ], [ -104.29153, 44.66136 ], [ -104.28404, 44.6563 ], [ -104.27414, 44.65606 ], [ -104.2569, 44.65315 ], [ -104.24705, 44.65033 ], [ -104.24047, 44.64957 ], [ -104.23314, 44.64663 ], [ -104.22147, 44.64567 ], [ -104.21678, 44.64419 ], [ -104.20729, 44.64355 ], [ -104.20071, 44.64151 ], [ -104.18137, 44.63971 ], [ -104.17488, 44.6379 ], [ -104.16635, 44.63843 ], [ -104.15545, 44.63779 ], [ -104.14544, 44.64302 ], [ -104.13981, 44.64439 ], [ -104.128452, 44.645303 ], [ -104.12118, 44.64836 ], [ -104.10553, 44.65042 ], [ -104.09719, 44.64898 ], [ -104.09161, 44.64961 ], [ -104.07868, 44.64859 ], [ -104.055773, 44.641156 ], [ -104.055952, 44.686081 ], [ -104.055776, 44.700466 ], [ -104.055963, 44.76804 ], [ -104.056495, 44.867034 ], [ -104.055913, 44.874986 ], [ -104.056556, 44.913382 ], [ -104.057739, 44.995828 ], [ -104.057879, 44.997605 ], [ -104.110889, 44.997731 ], [ -104.129347, 44.997966 ], [ -104.171687, 44.997848 ], [ -104.295613, 44.99815 ], [ -104.420173, 44.998387 ], [ -104.493087, 44.998452 ], [ -104.592321, 44.998656 ], [ -104.631296, 44.998808 ], [ -104.801776, 44.99962 ], [ -104.889161, 45.000026 ], [ -105.058777, 45.000121 ], [ -105.076601, 44.999926 ] ] ] } },
{ "type": "Feature", "properties": { "PRED_SS_PC": -0.98585147828717778, "PERCAP": 0.078859503551397259, "TRACTCE": "950300", "HLTH_INS": -0.00785646902256084, "Q_FEMALE": -0.1275174057830657, "RC5": -0.22546846233800549, "HOU_DEN": -0.64735813215534732, "MED_VAL": 0.17842028906008789, "POP_CHG": 0.45550904088825001, "LBR_FORCE": 0.27915863603428231, "SoVI_class": "-0.5 to 0.5 SD", "Q_UNEMP": -1.1726088177285949, "Q_EXTRACT": 2.7967048716414631, "MED_RENT": 0.21322543019598189, "Q_MOBILE": -0.61936905464628367, "Q_RENTER": 0.32049611946053741, "AGE_DEP": 0.54989858348334952, "MED_AGE": 0.079057069785275949, "PCT_URBAN": -1.3265962575458641, "NO_VEH": -0.52271898868869471, "Q_SERV": -1.6421163815563531, "COUNTYFP": "011", "ALAND": 2190168566.0, "Ii": 0.15165275885543758, "NAME": "9503", "RC4": 1.063203361815483, "HOSP_PC": 2.0051491354611648, "PRED_NURS_PC": 1.001237257850544, "AWATER": 369706.0, "Q_TRANS": -0.049237061818944543, "NAMELSAD": "Census Tract 9503", "RC8": 1.147029735861494, "RC1": -2.4115474394666969, "STATEFP": "56", "NO_HS": -1.0319705807309869, "MTFCC": "G5020", "PRED_BRATE": 0.46542602410307671, "SoVI": -0.60330288414759436, "PRED_PCT_GOP": 1.070941102653975, "Q_MINOR": -1.148204692111946, "lag_sovi": -2.4978990135298487, "Area_miles": null, "RC3": 0.01632459044740776, "Q_GRP_QTR": -0.13315920152205629, "GEOIDFQ": "1400000US56011950300", "PRED_GDP_PC": -0.48481593523551048, "FUNCSTAT": "S", "RC10": 0.63063495602486375, "GISJOIN": "G5600110950300", "NAME_E": "Census Tract 9503, Crook County, Wyoming", "COUNTY": "Crook County", "INTPTLON": "-104.3389753", "RC2": -1.070811798376728, "RC9": -0.33441959782394182, "AVG_HH_SZ": -0.05689512121608345, "ESL_PCT": -0.35314696463722728, "INTPTLAT": "+44.4406015", "Q_POV": -0.79108347003695423, "FEM_LBR": -0.20171741248269401, "GEOID": "56011950300", "RC7": 0.71977221529718105, "quadrant": "Low Vulnerability & High Wildfire Risk", "RC6": 0.13802044558865059, "PRED_PHYS_PC": 0.056578640224454677, "PRED_FARM_VAL": -1.6911874025867919, "P.Ii": 0.26164467155759313, "cluster": "Not Significant", "TRACTFIPS": "56011950300", "SOVI_SCORE": 74.75863294, "SOVI_RATNG": "Relatively High", "WFIR_RISKS": 97.773893189700004, "WFIR_RISKR": "Relatively High", "WFIR_EALT": 300447.06610200001 }, "geometry": { "type": "Polygon", "coordinates": [ [ [ -104.055773, 44.641156 ], [ -104.07868, 44.64859 ], [ -104.09161, 44.64961 ], [ -104.09719, 44.64898 ], [ -104.10553, 44.65042 ], [ -104.12118, 44.64836 ], [ -104.128452, 44.645303 ], [ -104.13981, 44.64439 ], [ -104.14544, 44.64302 ], [ -104.15545, 44.63779 ], [ -104.16635, 44.63843 ], [ -104.17488, 44.6379 ], [ -104.18137, 44.63971 ], [ -104.20071, 44.64151 ], [ -104.20729, 44.64355 ], [ -104.21678, 44.64419 ], [ -104.22147, 44.64567 ], [ -104.23314, 44.64663 ], [ -104.24047, 44.64957 ], [ -104.24705, 44.65033 ], [ -104.2569, 44.65315 ], [ -104.27414, 44.65606 ], [ -104.28404, 44.6563 ], [ -104.29153, 44.66136 ], [ -104.30242, 44.66254 ], [ -104.31939, 44.65852 ], [ -104.3234, 44.65632 ], [ -104.32982, 44.65623 ], [ -104.33661, 44.65321 ], [ -104.34331, 44.6531 ], [ -104.34941, 44.65619 ], [ -104.35986, 44.65576 ], [ -104.36467, 44.65656 ], [ -104.368324, 44.651587 ], [ -104.376488, 44.649674 ], [ -104.38402, 44.64627 ], [ -104.39035, 44.63765 ], [ -104.39578, 44.63412 ], [ -104.39822, 44.62994 ], [ -104.40479, 44.62314 ], [ -104.41179, 44.61985 ], [ -104.41464, 44.62596 ], [ -104.42084, 44.62789 ], [ -104.42744, 44.62784 ], [ -104.431672, 44.630237 ], [ -104.434127, 44.63378 ], [ -104.44476, 44.63644 ], [ -104.44701, 44.63165 ], [ -104.45157, 44.6284 ], [ -104.45801, 44.62563 ], [ -104.46311, 44.61878 ], [ -104.46349, 44.61665 ], [ -104.46925, 44.61122 ], [ -104.478532, 44.607861 ], [ -104.47848, 44.605052 ], [ -104.48396, 44.605705 ], [ -104.487766, 44.604389 ], [ -104.497594, 44.603403 ], [ -104.502106, 44.601769 ], [ -104.510333, 44.603676 ], [ -104.51539, 44.60077 ], [ -104.523729, 44.601539 ], [ -104.5285, 44.60766 ], [ -104.52809, 44.61246 ], [ -104.53249, 44.61829 ], [ -104.53675, 44.62079 ], [ -104.5402, 44.62767 ], [ -104.5516, 44.63075 ], [ -104.554, 44.6332 ], [ -104.56865, 44.63882 ], [ -104.57423, 44.63754 ], [ -104.58035, 44.64001 ], [ -104.58552, 44.64033 ], [ -104.58908, 44.64365 ], [ -104.59276, 44.65061 ], [ -104.59586, 44.65186 ], [ -104.60022, 44.65687 ], [ -104.60458, 44.65949 ], [ -104.6132, 44.66782 ], [ -104.61688, 44.66559 ], [ -104.62319, 44.65845 ], [ -104.62926, 44.65288 ], [ -104.63125, 44.64807 ], [ -104.63617, 44.64269 ], [ -104.64765, 44.63615 ], [ -104.64901, 44.63262 ], [ -104.65438, 44.6301 ], [ -104.67082, 44.62948 ], [ -104.67908, 44.62581 ], [ -104.68238, 44.62246 ], [ -104.68293, 44.618004 ], [ -104.68273, 44.60408 ], [ -104.68019, 44.59574 ], [ -104.68255, 44.59096 ], [ -104.69358, 44.58381 ], [ -104.69676, 44.57928 ], [ -104.69162, 44.57089 ], [ -104.68905, 44.56444 ], [ -104.68069, 44.55189 ], [ -104.6777, 44.5416 ], [ -104.68377, 44.52757 ], [ -104.68922, 44.52328 ], [ -104.68945, 44.51841 ], [ -104.69399, 44.51336 ], [ -104.69062, 44.50717 ], [ -104.69045, 44.50262 ], [ -104.68019, 44.49853 ], [ -104.67655, 44.49547 ], [ -104.66944, 44.49268 ], [ -104.66079, 44.48656 ], [ -104.65318, 44.48376 ], [ -104.64912, 44.47805 ], [ -104.64824, 44.47153 ], [ -104.64405, 44.46422 ], [ -104.645702, 44.457718 ], [ -104.642104, 44.455992 ], [ -104.63869, 44.45116 ], [ -104.62579, 44.44127 ], [ -104.61537, 44.43434 ], [ -104.61439, 44.43015 ], [ -104.60819, 44.42596 ], [ -104.60258, 44.42468 ], [ -104.59843, 44.42157 ], [ -104.59074, 44.41387 ], [ -104.59128, 44.41072 ], [ -104.59875, 44.40407 ], [ -104.60106, 44.39549 ], [ -104.60565, 44.38505 ], [ -104.60855, 44.385 ], [ -104.61108, 44.38111 ], [ -104.610601, 44.368714 ], [ -104.605916, 44.36056 ], [ -104.602696, 44.358526 ], [ -104.60059, 44.351617 ], [ -104.596851, 44.349016 ], [ -104.590855, 44.340157 ], [ -104.592344, 44.330242 ], [ -104.595676, 44.327957 ], [ -104.597685, 44.324066 ], [ -104.5933, 44.32234 ], [ -104.57743, 44.32338 ], [ -104.56645, 44.32661 ], [ -104.55735, 44.33175 ], [ -104.55313, 44.33295 ], [ -104.54693, 44.3326 ], [ -104.535, 44.32775 ], [ -104.52561, 44.32144 ], [ -104.51579, 44.31997 ], [ -104.5104, 44.32132 ], [ -104.49849, 44.32724 ], [ -104.49988, 44.32185 ], [ -104.509, 44.31121 ], [ -104.51041, 44.30762 ], [ -104.50573, 44.30014 ], [ -104.50986, 44.28513 ], [ -104.50736, 44.28069 ], [ -104.50726, 44.2739 ], [ -104.49559, 44.27378 ], [ -104.48172, 44.26718 ], [ -104.47339, 44.25947 ], [ -104.46569, 44.25423 ], [ -104.46049, 44.25179 ], [ -104.45694, 44.24824 ], [ -104.45645, 44.24276 ], [ -104.45896, 44.24094 ], [ -104.45856, 44.23416 ], [ -104.45643, 44.23094 ], [ -104.45581, 44.22236 ], [ -104.46254, 44.2085 ], [ -104.460971, 44.196551 ], [ -104.461132, 44.180747 ], [ -104.442641, 44.180834 ], [ -104.375484, 44.181622 ], [ -104.368156, 44.180913 ], [ -104.291864, 44.180782 ], [ -104.16072, 44.180599 ], [ -104.054487, 44.180381 ], [ -104.055389, 44.249983 ], [ -104.055626, 44.360729 ], [ -104.055634, 44.394772 ], [ -104.055926, 44.517359 ], [ -104.055823, 44.546704 ], [ -104.056012, 44.591587 ], [ -104.0558, 44.602302 ], [ -104.055773, 44.641156 ] ] ] } },
{ "type": "Feature", "properties": { "PRED_SS_PC": -0.23044071770857261, "PERCAP": 0.078949606197858471, "TRACTCE": "975202", "HLTH_INS": 0.7344303134828255, "Q_FEMALE": 0.8004025235492781, "RC5": 0.08851075179084196, "HOU_DEN": -0.647769792189265, "MED_VAL": 0.17819782469307299, "POP_CHG": -0.73428475386384251, "LBR_FORCE": -0.75238935324940492, "SoVI_class": "-1 to -0.5 SD", "Q_UNEMP": -0.29748225772383891, "Q_EXTRACT": -0.1188040981489496, "MED_RENT": 0.2132267241762775, "Q_MOBILE": 1.5931924355182581, "Q_RENTER": -0.49383694356462537, "AGE_DEP": 0.4924373523284577, "MED_AGE": 0.079056936969622169, "PCT_URBAN": -1.3265962575458641, "NO_VEH": -1.0347752858901611, "Q_SERV": -0.4532538428730204, "COUNTYFP": "041", "ALAND": 2904854626.0, "Ii": -0.43971433268601245, "NAME": "9752.02", "RC4": -0.38814897296304862, "HOSP_PC": -0.39945578899327572, "PRED_NURS_PC": 0.38848839368442578, "AWATER": 4462874.0, "Q_TRANS": 0.2232699469903088, "NAMELSAD": "Census Tract 9752.02", "RC8": -0.9584459497640504, "RC1": -0.7272043631921421, "STATEFP": "56", "NO_HS": -0.71643525756324222, "MTFCC": "G5020", "PRED_BRATE": 0.78065086363111746, "SoVI": -2.833858537921556, "PRED_PCT_GOP": 0.94952288871553803, "Q_MINOR": -1.1088017745926879, "lag_sovi": 1.5418865405315021, "Area_miles": null, "RC3": -0.63182085623099682, "Q_GRP_QTR": -0.35621174230522579, "GEOIDFQ": "1400000US56041975202", "PRED_GDP_PC": -0.37081200800595371, "FUNCSTAT": "S", "RC10": -0.52906004020364217, "GISJOIN": "G5600410975202", "NAME_E": "Census Tract 9752.02, Uinta County, Wyoming", "COUNTY": "Uinta County", "INTPTLON": "-110.3273624", "RC2": -0.080999121066689633, "RC9": -0.25542610453139231, "AVG_HH_SZ": 1.087988299573815, "ESL_PCT": -0.60696931628621054, "INTPTLAT": "+41.2918255", "Q_POV": -0.25093318458300251, "FEM_LBR": -0.065609476221075352, "GEOID": "56041975202", "RC7": 0.48742879093719688, "quadrant": "Low Vulnerability & High Wildfire Risk", "RC6": -0.16130732730236741, "PRED_PHYS_PC": -0.93812284248478717, "PRED_FARM_VAL": -1.034153837464169, "P.Ii": 0.27378234995220729, "cluster": "Not Significant", "TRACTFIPS": "56041975202", "SOVI_SCORE": 39.96031511, "SOVI_RATNG": "Relatively Low", "WFIR_RISKS": 96.191121734299998, "WFIR_RISKR": "Relatively Moderate", "WFIR_EALT": 184173.439262 }, "geometry": { "type": "Polygon", "coordinates": [ [ [ -110.584899, 41.579164 ], [ -110.590472, 41.568025 ], [ -110.591707, 41.562833 ], [ -110.591571, 41.543123 ], [ -110.592937, 41.536629 ], [ -110.612699, 41.493675 ], [ -110.613554, 41.491232 ], [ -110.6203, 41.462363 ], [ -110.622232, 41.438676 ], [ -110.622843, 41.434984 ], [ -110.629997, 41.423987 ], [ -110.630751, 41.416136 ], [ -110.634101, 41.410056 ], [ -110.670427, 41.368992 ], [ -110.680625, 41.360713 ], [ -110.684677, 41.356591 ], [ -110.690645, 41.348474 ], [ -110.720503, 41.314877 ], [ -110.724419, 41.311431 ], [ -110.735443, 41.305865 ], [ -110.738395, 41.302835 ], [ -110.7421, 41.295955 ], [ -110.743023, 41.289051 ], [ -110.739191, 41.287489 ], [ -110.736533, 41.28347 ], [ -110.731208, 41.278244 ], [ -110.729273, 41.273689 ], [ -110.731465, 41.268931 ], [ -110.726653, 41.265365 ], [ -110.716285, 41.267641 ], [ -110.712213, 41.270044 ], [ -110.696457, 41.272387 ], [ -110.665533, 41.266033 ], [ -110.648755, 41.271246 ], [ -110.632972, 41.278311 ], [ -110.626113, 41.278886 ], [ -110.618173, 41.280823 ], [ -110.601696, 41.286618 ], [ -110.597527, 41.29174 ], [ -110.590077, 41.293471 ], [ -110.576141, 41.291136 ], [ -110.570814, 41.291324 ], [ -110.561197, 41.296549 ], [ -110.552622, 41.295189 ], [ -110.526501, 41.294318 ], [ -110.525131, 41.293736 ], [ -110.525432, 41.230059 ], [ -110.531192, 41.219206 ], [ -110.533718, 41.213134 ], [ -110.539639, 41.2048 ], [ -110.532608, 41.203046 ], [ -110.527832, 41.200817 ], [ -110.519861, 41.198637 ], [ -110.5125, 41.194214 ], [ -110.498698, 41.190084 ], [ -110.486193, 41.184889 ], [ -110.478089, 41.185219 ], [ -110.483575, 41.178089 ], [ -110.488965, 41.174682 ], [ -110.496974, 41.165909 ], [ -110.502068, 41.162705 ], [ -110.509859, 41.15243 ], [ -110.511155, 41.148323 ], [ -110.518464, 41.14158 ], [ -110.51838, 41.138371 ], [ -110.523006, 41.130805 ], [ -110.52894, 41.128146 ], [ -110.536213, 41.1222 ], [ -110.543318, 41.1103 ], [ -110.542718, 41.108554 ], [ -110.545932, 41.104223 ], [ -110.547053, 41.098648 ], [ -110.549526, 41.097006 ], [ -110.553422, 41.089268 ], [ -110.555752, 41.088312 ], [ -110.5605, 41.0819 ], [ -110.559849, 41.08006 ], [ -110.564259, 41.075005 ], [ -110.565001, 41.070235 ], [ -110.567773, 41.067464 ], [ -110.570844, 41.061717 ], [ -110.581327, 41.048968 ], [ -110.583932, 41.04277 ], [ -110.582906, 41.03582 ], [ -110.579114, 41.032399 ], [ -110.580783, 41.026013 ], [ -110.586124, 41.027982 ], [ -110.589236, 41.021719 ], [ -110.58761, 41.016259 ], [ -110.589432, 41.007529 ], [ -110.593739, 41.001534 ], [ -110.606565, 40.998642 ], [ -110.606794, 40.996255 ], [ -110.545871, 40.996332 ], [ -110.505074, 40.994804 ], [ -110.403815, 40.994775 ], [ -110.274112, 40.994817 ], [ -110.223384, 40.995669 ], [ -110.18346, 40.995763 ], [ -110.099538, 40.997047 ], [ -110.048483, 40.997295 ], [ -110.048645, 41.040083 ], [ -110.048645, 41.124953 ], [ -110.049165, 41.138463 ], [ -110.048766, 41.156959 ], [ -110.048972, 41.183672 ], [ -110.049047, 41.246383 ], [ -110.048522, 41.263626 ], [ -110.048925, 41.279086 ], [ -110.048879, 41.346443 ], [ -110.049081, 41.374955 ], [ -110.048835, 41.402172 ], [ -110.048895, 41.4649 ], [ -110.048782, 41.501952 ], [ -110.048, 41.578015 ], [ -110.062787, 41.577519 ], [ -110.189642, 41.578031 ], [ -110.250711, 41.578251 ], [ -110.375716, 41.57905 ], [ -110.50114, 41.579198 ], [ -110.584899, 41.579164 ] ], [ [ -110.338061, 41.35698 ], [ -110.319632, 41.362774 ], [ -110.292404, 41.36845 ], [ -110.264993, 41.371553 ], [ -110.246653, 41.374476 ], [ -110.239628, 41.376445 ], [ -110.225521, 41.383216 ], [ -110.215621, 41.386298 ], [ -110.190451, 41.391346 ], [ -110.184408, 41.390924 ], [ -110.214384, 41.367338 ], [ -110.219262, 41.364091 ], [ -110.234308, 41.356798 ], [ -110.23884, 41.353101 ], [ -110.243511, 41.346989 ], [ -110.258641, 41.334042 ], [ -110.259052, 41.316561 ], [ -110.303938, 41.316288 ], [ -110.336219, 41.316373 ], [ -110.33612, 41.351594 ], [ -110.338061, 41.35698 ] ] ] } },
{ "type": "Feature", "properties": { "PRED_SS_PC": 1.0470346308340219, "PERCAP": 0.07884965657866333, "TRACTCE": "975401", "HLTH_INS": -0.54213413053662185, "Q_FEMALE": -0.046074631893508383, "RC5": -0.7119431285104586, "HOU_DEN": 0.031995341777627438, "MED_VAL": 0.17824334828941191, "POP_CHG": 0.1956200366376854, "LBR_FORCE": 0.74508176805111137, "SoVI_class": "-0.5 to 0.5 SD", "Q_UNEMP": 1.6472434311756179, "Q_EXTRACT": -0.52373589950872912, "MED_RENT": 0.21322521087728771, "Q_MOBILE": -0.93544926752693236, "Q_RENTER": 0.64504915182563838, "AGE_DEP": 0.31040690894858619, "MED_AGE": 0.079056794667135971, "PCT_URBAN": 0.92287987496125579, "NO_VEH": 0.75679656343287627, "Q_SERV": 0.59876120934316579, "COUNTYFP": "041", "ALAND": 6756156.0, "Ii": -0.097955234356241816, "NAME": "9754.01", "RC4": -0.68752979597861574, "HOSP_PC": -0.39945578899327572, "PRED_NURS_PC": -1.0469495550947829, "AWATER": 90192.0, "Q_TRANS": -0.94107818155831957, "NAMELSAD": "Census Tract 9754.01", "RC8": 0.53813227568392419, "RC1": 0.56211797022077203, "STATEFP": "56", "NO_HS": -0.20026148614826569, "MTFCC": "G5020", "PRED_BRATE": -0.26836459832563292, "SoVI": -1.2939227573465411, "PRED_PCT_GOP": -0.66590538763116258, "Q_MINOR": -0.93316103044327403, "lag_sovi": 0.75227955569685034, "Area_miles": null, "RC3": -0.56128477763047735, "Q_GRP_QTR": -0.26761805052105242, "GEOIDFQ": "1400000US56041975401", "PRED_GDP_PC": -0.72731541204357619, "FUNCSTAT": "S", "RC10": -0.43179579407611518, "GISJOIN": "G5600410975401", "NAME_E": "Census Tract 9754.01, Uinta County, Wyoming", "COUNTY": "Uinta County", "INTPTLON": "-110.9827572", "RC2": -0.62296734461437953, "RC9": 1.2258069799570901, "AVG_HH_SZ": 0.83667242671749642, "ESL_PCT": -0.59794351828180747, "INTPTLAT": "+41.2704074", "Q_POV": -1.0346335934843749, "FEM_LBR": 1.2321253833657859, "GEOID": "56041975401", "RC7": -0.1143772041775801, "quadrant": "Low Vulnerability & Low Wildfire Risk", "RC6": 0.49008193822070117, "PRED_PHYS_PC": 0.28050667951217462, "PRED_FARM_VAL": 0.70471122445945855, "P.Ii": 0.68151635915354125, "cluster": "Not Significant", "TRACTFIPS": "56041975401", "SOVI_SCORE": 26.31522834, "SOVI_RATNG": "Relatively Low", "WFIR_RISKS": 86.318718561599994, "WFIR_RISKR": "Relatively Low", "WFIR_EALT": 17533.096243299999 }, "geometry": { "type": "Polygon", "coordinates": [ [ [ -110.945156, 41.267637 ], [ -110.951104, 41.27009 ], [ -110.963264, 41.270133 ], [ -110.96381, 41.268946 ], [ -110.97635, 41.277528 ], [ -110.984333, 41.278977 ], [ -110.989407, 41.277476 ], [ -110.993131, 41.274655 ], [ -111.006938, 41.254533 ], [ -111.007622, 41.250881 ], [ -110.985633, 41.261215 ], [ -110.97863, 41.262355 ], [ -110.972231, 41.25911 ], [ -110.966709, 41.258296 ], [ -110.959322, 41.259254 ], [ -110.954629, 41.262112 ], [ -110.950055, 41.266715 ], [ -110.945156, 41.267637 ] ] ] } },
{ "type": "Feature", "properties": { "PRED_SS_PC": -1.511669142152317, "PERCAP": 0.079579584777158999, "TRACTCE": "975302", "HLTH_INS": 0.95742458341147241, "Q_FEMALE": -0.0203962134404208, "RC5": -0.11337471700330649, "HOU_DEN": -0.35785423935604382, "MED_VAL": 0.17891933074825639, "POP_CHG": 0.070713081381914025, "LBR_FORCE": 0.22093628900306969, "SoVI_class": "-1 to -0.5 SD", "Q_UNEMP": -0.78366367994870312, "Q_EXTRACT": -0.31548525880941392, "MED_RENT": 0.21322464064868279, "Q_MOBILE": -0.72209512383249441, "Q_RENTER": -0.48793597933980531, "AGE_DEP": 0.2177520210540857, "MED_AGE": 0.079056889535460098, "PCT_URBAN": 0.79116594474051527, "NO_VEH": -0.78452603233316576, "Q_SERV": 0.59876120934316579, "COUNTYFP": "041", "ALAND": 24127320.0, "Ii": -0.19173047853960312, "NAME": "9753.02", "RC4": -0.66196778272180334, "HOSP_PC": -0.39945578899327572, "PRED_NURS_PC": -0.61137455467533963, "AWATER": 0.0, "Q_TRANS": 1.288524617790118, "NAMELSAD": "Census Tract 9753.02", "RC8": 0.11089918669057119, "RC1": 0.84943526823300886, "STATEFP": "56", "NO_HS": -0.84816820576800567, "MTFCC": "G5020", "PRED_BRATE": 0.58934567397272131, "SoVI": -2.3185115815113941, "PRED_PCT_GOP": -0.55200796673188279, "Q_MINOR": -0.62054652283692402, "lag_sovi": 0.82175404252284301, "Area_miles": null, "RC3": -0.47533520900527859, "Q_GRP_QTR": -0.27681247140779902, "GEOIDFQ": "1400000US56041975302", "PRED_GDP_PC": -0.89610974494720175, "FUNCSTAT": "S", "RC10": -0.8383489591324601, "GISJOIN": "G5600410975302", "NAME_E": "Census Tract 9753.02, Uinta County, Wyoming", "COUNTY": "Uinta County", "INTPTLON": "-110.9545869", "RC2": -1.094906485914247, "RC9": -1.1650098424921309, "AVG_HH_SZ": 0.94836837020919396, "ESL_PCT": -0.64335034720393136, "INTPTLAT": "+41.2320541", "Q_POV": -0.8346186318577552, "FEM_LBR": 0.44439175853068102, "GEOID": "56041975302", "RC7": -0.22841241222427949, "quadrant": "Low Vulnerability & High Wildfire Risk", "RC6": -1.298509372058533, "PRED_PHYS_PC": -1.6140114275132149, "PRED_FARM_VAL": 0.70471122445945855, "P.Ii": 0.71681886482427304, "cluster": "Not Significant", "TRACTFIPS": "56041975302", "SOVI_SCORE": 34.91026476, "SOVI_RATNG": "Relatively Low", "WFIR_RISKS": 92.616507913899994, "WFIR_RISKR": "Relatively Moderate", "WFIR_EALT": 59605.311134299998 }, "geometry": { "type": "Polygon", "coordinates": [ [ [ -110.985633, 41.261215 ], [ -110.986332, 41.25536 ], [ -110.986209, 41.242234 ], [ -110.979816, 41.243287 ], [ -110.981503, 41.23434 ], [ -110.978558, 41.23477 ], [ -110.972016, 41.232059 ], [ -110.965208, 41.23334 ], [ -110.967517, 41.226602 ], [ -110.971244, 41.222323 ], [ -110.982047, 41.215785 ], [ -110.973956, 41.211076 ], [ -110.971429, 41.207485 ], [ -110.962103, 41.204351 ], [ -110.945808, 41.202564 ], [ -110.936841, 41.206271 ], [ -110.935417, 41.208078 ], [ -110.921266, 41.215285 ], [ -110.91866, 41.218167 ], [ -110.918366, 41.222223 ], [ -110.928303, 41.231837 ], [ -110.938275, 41.246204 ], [ -110.945028, 41.257616 ], [ -110.947997, 41.260627 ], [ -110.954629, 41.262112 ], [ -110.959322, 41.259254 ], [ -110.966709, 41.258296 ], [ -110.972231, 41.25911 ], [ -110.97863, 41.262355 ], [ -110.985633, 41.261215 ] ] ] } },
{ "type": "Feature", "properties": { "PRED_SS_PC": -1.4640779317824379, "PERCAP": 0.079627795100312926, "TRACTCE": "000103", "HLTH_INS": 0.63931784341303732, "Q_FEMALE": 0.96248316962273806, "RC5": -0.14631878641941121, "HOU_DEN": -0.6479689857751294, "MED_VAL": 0.17901810836295409, "POP_CHG": -0.44203760658438068, "LBR_FORCE": 1.0668750906323909, "SoVI_class": "< -1 SD", "Q_UNEMP": -0.4433366843912982, "Q_EXTRACT": -0.22292941849860709, "MED_RENT": 0.21322814243716651, "Q_MOBILE": -0.81691918769668914, "Q_RENTER": -0.95411215310058695, "AGE_DEP": -0.14988535161804281, "MED_AGE": 0.079057143782568784, "PCT_URBAN": -1.3265962575458641, "NO_VEH": -0.58863065179268581, "Q_SERV": 0.43625481916342917, "COUNTYFP": "035", "ALAND": 3272278979.0, "Ii": 0.41573930653416802, "NAME": "1.03", "RC4": 0.72251172924516383, "HOSP_PC": 2.1488618516492628, "PRED_NURS_PC": 0.36552706683494318, "AWATER": 88363711.0, "Q_TRANS": -0.29697070619099308, "NAMELSAD": "Census Tract 1.03", "RC8": -0.87700675823234275, "RC1": -1.187387883490493, "STATEFP": "56", "NO_HS": -0.91194211002082359, "MTFCC": "G5020", "PRED_BRATE": -0.15121367763293189, "SoVI": -3.277195024094945, "PRED_PCT_GOP": -0.61981854127098057, "Q_MINOR": -0.90540206483187036, "lag_sovi": -1.2606042389117862, "Area_miles": null, "RC3": 0.58945583362237475, "Q_GRP_QTR": -0.21963465791492021, "GEOIDFQ": "1400000US56035000103", "PRED_GDP_PC": -0.11070686245952931, "FUNCSTAT": "S", "RC10": 0.60884791620902168, "GISJOIN": "G5600350000103", "NAME_E": "Census Tract 1.03, Sublette County, Wyoming", "COUNTY": "Sublette County", "INTPTLON": "-109.9219784", "RC2": -1.5885297142596611, "RC9": 0.0082412051629525696, "AVG_HH_SZ": 0.30611669513193401, "ESL_PCT": -0.71676894288916393, "INTPTLAT": "+43.1342463", "Q_POV": -0.71691438989641465, "FEM_LBR": 1.547195704513908, "GEOID": "56035000103", "RC7": -1.2377456788563279, "quadrant": "Low Vulnerability & High Wildfire Risk", "RC6": 0.16926288707622181, "PRED_PHYS_PC": 0.043786729001884198, "PRED_FARM_VAL": -2.2908750173804622, "P.Ii": 0.35706549403352983, "cluster": "Not Significant", "TRACTFIPS": "56035000103", "SOVI_SCORE": 50.19309364, "SOVI_RATNG": "Relatively Moderate", "WFIR_RISKS": 97.974861165600004, "WFIR_RISKR": "Relatively High", "WFIR_EALT": 427267.907175 }, "geometry": { "type": "Polygon", "coordinates": [ [ [ -110.525244, 43.291661 ], [ -110.52972, 43.28597 ], [ -110.533874, 43.282833 ], [ -110.53176, 43.27854 ], [ -110.52461, 43.27214 ], [ -110.51576, 43.26967 ], [ -110.51135, 43.26688 ], [ -110.50755, 43.26166 ], [ -110.50659, 43.255818 ], [ -110.504026, 43.252808 ], [ -110.49741, 43.25142 ], [ -110.49199, 43.2462 ], [ -110.48129, 43.24382 ], [ -110.47166, 43.24771 ], [ -110.45622, 43.24487 ], [ -110.45348, 43.24371 ], [ -110.43102, 43.22673 ], [ -110.424895, 43.22274 ], [ -110.418546, 43.215143 ], [ -110.416424, 43.210773 ], [ -110.36991, 43.16185 ], [ -110.36806, 43.16083 ], [ -110.338, 43.153 ], [ -110.33179, 43.15462 ], [ -110.30142, 43.15587 ], [ -110.29165, 43.15212 ], [ -110.282, 43.15216 ], [ -110.26693, 43.14859 ], [ -110.25525, 43.1506 ], [ -110.24816, 43.15006 ], [ -110.24198, 43.14831 ], [ -110.23531, 43.14125 ], [ -110.23145, 43.13586 ], [ -110.22691, 43.13563 ], [ -110.22029, 43.1388 ], [ -110.2108, 43.13821 ], [ -110.20318, 43.13238 ], [ -110.19577, 43.13234 ], [ -110.19253, 43.13103 ], [ -110.18887, 43.12588 ], [ -110.17914, 43.11865 ], [ -110.17483, 43.11351 ], [ -110.16308, 43.08659 ], [ -110.16302, 43.08219 ], [ -110.16607, 43.06962 ], [ -110.16401, 43.06475 ], [ -110.15676, 43.05728 ], [ -110.14724, 43.04636 ], [ -110.13101, 43.03432 ], [ -110.12663, 43.02937 ], [ -110.12102, 43.0204 ], [ -110.11183, 43.01319 ], [ -110.0978, 42.99965 ], [ -110.09355, 42.99203 ], [ -110.0864, 42.9523 ], [ -110.08136, 42.93495 ], [ -110.08064, 42.92278 ], [ -110.07838, 42.91353 ], [ -110.07718, 42.90366 ], [ -110.07738, 42.89506 ], [ -110.07608, 42.89261 ], [ -110.07167, 42.89056 ], [ -110.01554, 42.88738 ], [ -110.00709, 42.88613 ], [ -109.99688, 42.88207 ], [ -109.99286, 42.88126 ], [ -109.98291, 42.88203 ], [ -109.97776, 42.88151 ], [ -109.94763, 42.87547 ], [ -109.94254, 42.8757 ], [ -109.93589, 42.87425 ], [ -109.92637, 42.86844 ], [ -109.91943, 42.86649 ], [ -109.893539, 42.866664 ], [ -109.85718, 42.86656 ], [ -109.8517, 42.86126 ], [ -109.8503, 42.85574 ], [ -109.83177, 42.85581 ], [ -109.8237, 42.85195 ], [ -109.80012, 42.85189 ], [ -109.79411, 42.85316 ], [ -109.78229, 42.85169 ], [ -109.77395, 42.8517 ], [ -109.76759, 42.848877 ], [ -109.76389, 42.84472 ], [ -109.75643, 42.8432 ], [ -109.747, 42.83947 ], [ -109.74195, 42.8383 ], [ -109.74269, 42.82245 ], [ -109.743801, 42.81991 ], [ -109.742465, 42.81537 ], [ -109.7388, 42.8154 ], [ -109.73378, 42.81901 ], [ -109.73347, 42.8213 ], [ -109.727507, 42.82205 ], [ -109.721894, 42.819239 ], [ -109.71528, 42.820532 ], [ -109.713464, 42.826915 ], [ -109.714906, 42.830848 ], [ -109.711595, 42.834872 ], [ -109.70533, 42.837161 ], [ -109.696188, 42.836624 ], [ -109.680963, 42.839832 ], [ -109.677915, 42.842698 ], [ -109.644405, 42.852872 ], [ -109.6257, 42.855712 ], [ -109.622561, 42.85752 ], [ -109.61597, 42.856512 ], [ -109.604589, 42.859503 ], [ -109.595258, 42.858614 ], [ -109.591016, 42.860098 ], [ -109.586478, 42.85966 ], [ -109.580478, 42.856019 ], [ -109.572076, 42.858881 ], [ -109.559795, 42.859428 ], [ -109.543996, 42.862194 ], [ -109.538638, 42.864288 ], [ -109.532717, 42.864288 ], [ -109.52904, 42.868508 ], [ -109.522326, 42.868069 ], [ -109.514124, 42.868916 ], [ -109.506738, 42.86596 ], [ -109.501489, 42.865403 ], [ -109.489892, 42.86033 ], [ -109.478897, 42.853627 ], [ -109.473252, 42.855279 ], [ -109.46614, 42.854905 ], [ -109.458061, 42.859071 ], [ -109.455291, 42.862766 ], [ -109.451044, 42.863926 ], [ -109.44667, 42.873041 ], [ -109.443474, 42.872949 ], [ -109.434225, 42.880647 ], [ -109.430847, 42.882422 ], [ -109.427566, 42.880549 ], [ -109.424681, 42.883799 ], [ -109.419951, 42.88579 ], [ -109.420386, 42.895384 ], [ -109.414367, 42.899047 ], [ -109.412696, 42.901343 ], [ -109.401396, 42.905097 ], [ -109.398016, 42.905009 ], [ -109.389975, 42.910789 ], [ -109.374784, 42.917751 ], [ -109.365964, 42.918663 ], [ -109.36228, 42.917533 ], [ -109.362988, 42.925724 ], [ -109.364728, 42.93013 ], [ -109.370812, 42.935905 ], [ -109.374768, 42.943287 ], [ -109.38616, 42.938861 ], [ -109.39112, 42.940339 ], [ -109.399466, 42.940061 ], [ -109.402247, 42.947171 ], [ -109.404788, 42.950605 ], [ -109.411206, 42.955459 ], [ -109.420891, 42.957283 ], [ -109.428757, 42.960662 ], [ -109.432364, 42.968151 ], [ -109.441008, 42.967861 ], [ -109.443486, 42.970352 ], [ -109.450675, 42.971159 ], [ -109.453742, 42.970143 ], [ -109.455597, 42.975083 ], [ -109.458171, 42.976801 ], [ -109.463196, 42.981297 ], [ -109.459757, 42.982973 ], [ -109.460178, 42.988059 ], [ -109.466658, 42.991951 ], [ -109.472564, 42.990475 ], [ -109.474915, 42.993868 ], [ -109.479136, 42.994818 ], [ -109.487026, 42.993953 ], [ -109.492059, 42.995354 ], [ -109.493819, 43.000703 ], [ -109.497587, 43.003519 ], [ -109.498439, 43.00701 ], [ -109.502407, 43.010511 ], [ -109.506174, 43.01063 ], [ -109.51389, 43.007174 ], [ -109.517763, 43.011043 ], [ -109.522983, 43.009399 ], [ -109.529025, 43.013857 ], [ -109.539686, 43.013093 ], [ -109.543154, 43.010373 ], [ -109.552579, 43.012538 ], [ -109.555406, 43.021674 ], [ -109.553709, 43.024841 ], [ -109.555753, 43.027012 ], [ -109.554307, 43.031952 ], [ -109.549138, 43.037436 ], [ -109.552052, 43.039959 ], [ -109.560643, 43.039634 ], [ -109.558942, 43.044051 ], [ -109.559444, 43.047388 ], [ -109.564407, 43.04659 ], [ -109.565307, 43.050345 ], [ -109.556542, 43.055542 ], [ -109.552211, 43.059829 ], [ -109.55461, 43.062128 ], [ -109.551757, 43.067322 ], [ -109.553003, 43.072302 ], [ -109.558577, 43.074407 ], [ -109.561597, 43.077784 ], [ -109.560451, 43.083538 ], [ -109.565287, 43.085128 ], [ -109.570077, 43.091984 ], [ -109.568341, 43.09436 ], [ -109.571727, 43.100116 ], [ -109.57729, 43.099598 ], [ -109.581194, 43.101488 ], [ -109.581881, 43.104195 ], [ -109.59155, 43.115381 ], [ -109.595682, 43.11827 ], [ -109.60395, 43.118978 ], [ -109.612008, 43.124951 ], [ -109.620634, 43.125602 ], [ -109.624876, 43.13378 ], [ -109.623665, 43.13553 ], [ -109.626722, 43.139092 ], [ -109.630953, 43.149226 ], [ -109.629892, 43.161911 ], [ -109.63599, 43.165383 ], [ -109.643681, 43.162128 ], [ -109.650439, 43.166369 ], [ -109.653859, 43.171181 ], [ -109.655661, 43.176064 ], [ -109.654665, 43.18424 ], [ -109.657804, 43.195149 ], [ -109.660769, 43.199628 ], [ -109.660013, 43.202939 ], [ -109.665544, 43.204406 ], [ -109.670457, 43.209565 ], [ -109.670738, 43.212729 ], [ -109.6761, 43.21526 ], [ -109.675005, 43.221377 ], [ -109.675778, 43.22406 ], [ -109.670094, 43.228701 ], [ -109.672788, 43.233169 ], [ -109.677653, 43.235866 ], [ -109.676798, 43.248569 ], [ -109.681987, 43.254661 ], [ -109.682556, 43.258905 ], [ -109.690045, 43.262432 ], [ -109.692716, 43.26503 ], [ -109.683775, 43.268698 ], [ -109.678869, 43.274934 ], [ -109.685508, 43.281921 ], [ -109.685665, 43.285735 ], [ -109.680658, 43.287232 ], [ -109.680816, 43.293838 ], [ -109.673593, 43.296676 ], [ -109.671916, 43.300879 ], [ -109.674015, 43.304344 ], [ -109.672372, 43.310015 ], [ -109.677642, 43.313486 ], [ -109.679715, 43.318152 ], [ -109.685295, 43.318312 ], [ -109.694182, 43.324807 ], [ -109.698674, 43.3306 ], [ -109.701262, 43.338792 ], [ -109.700635, 43.342826 ], [ -109.695341, 43.348181 ], [ -109.694612, 43.357227 ], [ -109.696214, 43.359326 ], [ -109.693844, 43.364218 ], [ -109.694942, 43.366152 ], [ -109.704705, 43.368686 ], [ -109.708037, 43.374223 ], [ -109.712701, 43.374126 ], [ -109.719078, 43.371113 ], [ -109.726004, 43.369927 ], [ -109.732899, 43.36604 ], [ -109.742415, 43.364878 ], [ -109.745458, 43.366421 ], [ -109.754462, 43.365905 ], [ -109.754717, 43.4632 ], [ -109.832398, 43.463881 ], [ -109.87572, 43.464425 ], [ -109.925597, 43.464365 ], [ -110.05157, 43.464783 ], [ -110.057506, 43.464756 ], [ -110.057028, 43.450776 ], [ -110.056991, 43.407706 ], [ -110.05731, 43.377768 ], [ -110.117394, 43.378062 ], [ -110.20839, 43.378321 ], [ -110.250734, 43.378554 ], [ -110.344218, 43.377918 ], [ -110.344325, 43.352116 ], [ -110.343959, 43.291165 ], [ -110.414962, 43.291332 ], [ -110.500742, 43.29167 ], [ -110.525244, 43.291661 ] ] ] } },
{ "type": "Feature", "properties": { "PRED_SS_PC": -1.358721036514859, "PERCAP": 0.079790070934211171, "TRACTCE": "000104", "HLTH_INS": 0.26164099173691241, "Q_FEMALE": -1.340673198629678, "RC5": 0.0067673038193353241, "HOU_DEN": -0.64762384284387653, "MED_VAL": 0.1791151681060919, "POP_CHG": -0.58074682757004659, "LBR_FORCE": 0.17847952928931671, "SoVI_class": "-1 to -0.5 SD", "Q_UNEMP": -0.1030096888338931, "Q_EXTRACT": 2.1719529495435168, "MED_RENT": 0.2132302990709925, "Q_MOBILE": -0.74580113979854312, "Q_RENTER": -0.65906394185958572, "AGE_DEP": 0.07601965249704544, "MED_AGE": 0.079056889535460098, "PCT_URBAN": -1.3265962575458641, "NO_VEH": -0.53896223319424341, "Q_SERV": -0.71839584790311561, "COUNTYFP": "035", "ALAND": 2906481521.0, "Ii": 0.15548792249224325, "NAME": "1.04", "RC4": -0.1249960781169, "HOSP_PC": -0.39945578899327572, "PRED_NURS_PC": -0.54507857822161265, "AWATER": 26307434.0, "Q_TRANS": 0.17372321811589911, "NAMELSAD": "Census Tract 1.04", "RC8": 1.26290947920247, "RC1": -1.5047651484294291, "STATEFP": "56", "NO_HS": -1.146927937600225, "MTFCC": "G5020", "PRED_BRATE": 0.30885206035491702, "SoVI": -2.573334896711478, "PRED_PCT_GOP": 0.77502047255316409, "Q_MINOR": -0.32595603949430513, "lag_sovi": -0.60042713921686175, "Area_miles": null, "RC3": 0.015552544442895191, "Q_GRP_QTR": -0.2482178294224745, "GEOIDFQ": "1400000US56035000104", "PRED_GDP_PC": 0.53667277906534028, "FUNCSTAT": "S", "RC10": -0.47171135690015248, "GISJOIN": "G5600350000104", "NAME_E": "Census Tract 1.04, Sublette County, Wyoming", "COUNTY": "Sublette County", "INTPTLON": "-109.3818274", "RC2": -0.55613058547576699, "RC9": -0.80827444875739607, "AVG_HH_SZ": -0.084819107089007195, "ESL_PCT": -0.55013674497865583, "INTPTLAT": "+42.5826689", "Q_POV": -0.53953020931010509, "FEM_LBR": -0.60586606807614951, "GEOID": "56035000104", "RC7": -0.017262995922392221, "quadrant": "Low Vulnerability & High Wildfire Risk", "RC6": 0.37542361057414092, "PRED_PHYS_PC": -0.12709610188280049, "PRED_FARM_VAL": -1.6509400577756761, "P.Ii": 0.65799657192749716, "cluster": "Not Significant", "TRACTFIPS": "56035000104", "SOVI_SCORE": 59.1861636, "SOVI_RATNG": "Relatively Moderate", "WFIR_RISKS": 96.438466935400001, "WFIR_RISKR": "Relatively High", "WFIR_EALT": 171105.32193199999 }, "geometry": { "type": "Polygon", "coordinates": [ [ [ -109.893539, 42.866664 ], [ -109.89034, 42.863499 ], [ -109.889615, 42.86033 ], [ -109.885746, 42.858559 ], [ -109.879753, 42.849336 ], [ -109.872628, 42.844377 ], [ -109.865498, 42.842845 ], [ -109.863949, 42.837524 ], [ -109.861372, 42.837458 ], [ -109.853112, 42.832905 ], [ -109.8545, 42.830319 ], [ -109.849617, 42.824054 ], [ -109.851869, 42.82316 ], [ -109.850085, 42.818093 ], [ -109.844678, 42.815117 ], [ -109.836068, 42.81572 ], [ -109.83066, 42.81105 ], [ -109.81511, 42.8032 ], [ -109.791, 42.79417 ], [ -109.78462, 42.7909 ], [ -109.77013, 42.78463 ], [ -109.76593, 42.78215 ], [ -109.73656, 42.76249 ], [ -109.73288, 42.75909 ], [ -109.72872, 42.75204 ], [ -109.71788, 42.7439 ], [ -109.71488, 42.73808 ], [ -109.71496, 42.695482 ], [ -109.71336, 42.69155 ], [ -109.6938, 42.66964 ], [ -109.6848, 42.65493 ], [ -109.68114, 42.65064 ], [ -109.6573, 42.62511 ], [ -109.64696, 42.61715 ], [ -109.618246, 42.577721 ], [ -109.61686, 42.5753 ], [ -109.613018, 42.56284 ], [ -109.6109, 42.54304 ], [ -109.60829, 42.53075 ], [ -109.60618, 42.52557 ], [ -109.59145, 42.50314 ], [ -109.56463, 42.4554 ], [ -109.55825, 42.445 ], [ -109.55639, 42.43928 ], [ -109.55477, 42.41662 ], [ -109.55362, 42.41291 ], [ -109.52788, 42.36978 ], [ -109.52309, 42.36034 ], [ -109.52209, 42.35468 ], [ -109.52181, 42.34155 ], [ -109.51941, 42.33558 ], [ -109.49895, 42.30695 ], [ -109.49673, 42.30326 ], [ -109.486948, 42.283279 ], [ -109.483517, 42.277379 ], [ -109.473881, 42.263428 ], [ -109.375683, 42.263861 ], [ -109.373112, 42.263739 ], [ -109.245914, 42.263492 ], [ -109.144336, 42.263545 ], [ -109.122188, 42.263429 ], [ -109.043864, 42.263684 ], [ -109.043456, 42.268083 ], [ -109.043093, 42.298186 ], [ -109.043425, 42.326177 ], [ -109.043196, 42.349836 ], [ -109.043801, 42.433644 ], [ -109.069477, 42.433477 ], [ -109.070058, 42.499952 ], [ -109.070803, 42.503376 ], [ -109.071368, 42.516363 ], [ -109.070908, 42.569034 ], [ -109.07143, 42.581895 ], [ -109.071637, 42.61739 ], [ -109.072214, 42.637748 ], [ -109.072177, 42.682364 ], [ -109.072851, 42.693514 ], [ -109.115159, 42.693802 ], [ -109.134466, 42.694289 ], [ -109.133799, 42.698436 ], [ -109.137701, 42.705117 ], [ -109.128412, 42.708387 ], [ -109.132253, 42.710227 ], [ -109.134349, 42.717815 ], [ -109.137924, 42.721421 ], [ -109.147908, 42.727562 ], [ -109.143282, 42.733226 ], [ -109.138332, 42.733241 ], [ -109.134035, 42.735697 ], [ -109.140121, 42.738714 ], [ -109.144038, 42.742257 ], [ -109.149117, 42.743235 ], [ -109.156885, 42.74264 ], [ -109.160213, 42.743783 ], [ -109.160677, 42.74807 ], [ -109.167114, 42.748079 ], [ -109.179467, 42.751045 ], [ -109.179786, 42.755581 ], [ -109.182575, 42.75607 ], [ -109.184613, 42.760327 ], [ -109.192888, 42.765555 ], [ -109.195257, 42.768537 ], [ -109.202884, 42.768549 ], [ -109.205737, 42.770708 ], [ -109.209797, 42.770424 ], [ -109.213567, 42.766846 ], [ -109.214602, 42.761795 ], [ -109.223924, 42.76209 ], [ -109.2344, 42.767964 ], [ -109.237357, 42.77674 ], [ -109.232898, 42.780464 ], [ -109.232951, 42.782595 ], [ -109.226716, 42.788002 ], [ -109.225946, 42.790938 ], [ -109.220113, 42.79026 ], [ -109.210344, 42.793143 ], [ -109.214144, 42.799833 ], [ -109.234317, 42.805477 ], [ -109.236875, 42.809523 ], [ -109.240128, 42.808801 ], [ -109.243755, 42.805263 ], [ -109.24797, 42.806156 ], [ -109.253671, 42.810407 ], [ -109.256298, 42.813774 ], [ -109.259766, 42.815241 ], [ -109.260641, 42.81941 ], [ -109.264004, 42.824157 ], [ -109.268497, 42.824345 ], [ -109.273526, 42.834834 ], [ -109.277019, 42.836148 ], [ -109.281083, 42.843564 ], [ -109.278669, 42.844824 ], [ -109.283596, 42.848276 ], [ -109.285159, 42.846475 ], [ -109.29166, 42.845797 ], [ -109.300063, 42.849692 ], [ -109.301355, 42.851685 ], [ -109.31536, 42.856131 ], [ -109.323552, 42.863868 ], [ -109.325773, 42.86878 ], [ -109.329193, 42.877035 ], [ -109.331911, 42.89542 ], [ -109.338008, 42.897237 ], [ -109.343128, 42.908004 ], [ -109.345453, 42.91592 ], [ -109.345358, 42.918896 ], [ -109.356412, 42.924745 ], [ -109.35731, 42.929433 ], [ -109.361613, 42.936141 ], [ -109.370658, 42.945728 ], [ -109.374768, 42.943287 ], [ -109.370812, 42.935905 ], [ -109.364728, 42.93013 ], [ -109.362988, 42.925724 ], [ -109.36228, 42.917533 ], [ -109.365964, 42.918663 ], [ -109.374784, 42.917751 ], [ -109.389975, 42.910789 ], [ -109.398016, 42.905009 ], [ -109.401396, 42.905097 ], [ -109.412696, 42.901343 ], [ -109.414367, 42.899047 ], [ -109.420386, 42.895384 ], [ -109.419951, 42.88579 ], [ -109.424681, 42.883799 ], [ -109.427566, 42.880549 ], [ -109.430847, 42.882422 ], [ -109.434225, 42.880647 ], [ -109.443474, 42.872949 ], [ -109.44667, 42.873041 ], [ -109.451044, 42.863926 ], [ -109.455291, 42.862766 ], [ -109.458061, 42.859071 ], [ -109.46614, 42.854905 ], [ -109.473252, 42.855279 ], [ -109.478897, 42.853627 ], [ -109.489892, 42.86033 ], [ -109.501489, 42.865403 ], [ -109.506738, 42.86596 ], [ -109.514124, 42.868916 ], [ -109.522326, 42.868069 ], [ -109.52904, 42.868508 ], [ -109.532717, 42.864288 ], [ -109.538638, 42.864288 ], [ -109.543996, 42.862194 ], [ -109.559795, 42.859428 ], [ -109.572076, 42.858881 ], [ -109.580478, 42.856019 ], [ -109.586478, 42.85966 ], [ -109.591016, 42.860098 ], [ -109.595258, 42.858614 ], [ -109.604589, 42.859503 ], [ -109.61597, 42.856512 ], [ -109.622561, 42.85752 ], [ -109.6257, 42.855712 ], [ -109.644405, 42.852872 ], [ -109.677915, 42.842698 ], [ -109.680963, 42.839832 ], [ -109.696188, 42.836624 ], [ -109.70533, 42.837161 ], [ -109.711595, 42.834872 ], [ -109.714906, 42.830848 ], [ -109.713464, 42.826915 ], [ -109.71528, 42.820532 ], [ -109.721894, 42.819239 ], [ -109.727507, 42.82205 ], [ -109.73347, 42.8213 ], [ -109.73378, 42.81901 ], [ -109.7388, 42.8154 ], [ -109.742465, 42.81537 ], [ -109.743801, 42.81991 ], [ -109.74269, 42.82245 ], [ -109.74195, 42.8383 ], [ -109.747, 42.83947 ], [ -109.75643, 42.8432 ], [ -109.76389, 42.84472 ], [ -109.76759, 42.848877 ], [ -109.77395, 42.8517 ], [ -109.78229, 42.85169 ], [ -109.79411, 42.85316 ], [ -109.80012, 42.85189 ], [ -109.8237, 42.85195 ], [ -109.83177, 42.85581 ], [ -109.8503, 42.85574 ], [ -109.8517, 42.86126 ], [ -109.85718, 42.86656 ], [ -109.893539, 42.866664 ] ] ] } },
{ "type": "Feature", "properties": { "PRED_SS_PC": -0.5800982799640686, "PERCAP": 0.078975276629667704, "TRACTCE": "970905", "HLTH_INS": 0.15407030161584151, "Q_FEMALE": -1.039493514756461, "RC5": -0.38130968828429679, "HOU_DEN": -0.38749364016950377, "MED_VAL": 0.1789717258308352, "POP_CHG": -0.12810421912249481, "LBR_FORCE": 1.0487910695996041, "SoVI_class": "-0.5 to 0.5 SD", "Q_UNEMP": -0.54057296883627104, "Q_EXTRACT": 1.3620893468239581, "MED_RENT": 0.2132277037997781, "Q_MOBILE": -0.35860287901974852, "Q_RENTER": -0.36991669484340489, "AGE_DEP": -1.0511185871056239, "MED_AGE": 0.079056874356528237, "PCT_URBAN": 0.86185414717658648, "NO_VEH": -0.73074672075454128, "Q_SERV": -0.9493259813164252, "COUNTYFP": "037", "ALAND": 25399360.0, "Ii": -0.20412786337467156, "NAME": "9709.05", "RC4": -1.1091721216698569, "HOSP_PC": -0.39945578899327572, "PRED_NURS_PC": -1.0469495550947829, "AWATER": 0.0, "Q_TRANS": 0.74351060017161097, "NAMELSAD": "Census Tract 9709.05", "RC8": 2.1490088034904482, "RC1": -0.23685103578630179, "STATEFP": "56", "NO_HS": -0.049680056757618121, "MTFCC": "G5020", "PRED_BRATE": 1.590402422403502, "SoVI": -0.73133172047858042, "PRED_PCT_GOP": 0.29377082231609758, "Q_MINOR": 1.0851813744588421, "lag_sovi": 2.7736256291535542, "Area_miles": null, "RC3": -0.1158732144161513, "Q_GRP_QTR": -0.32808940612190463, "GEOIDFQ": "1400000US56037970905", "PRED_GDP_PC": 0.071955119266619516, "FUNCSTAT": "S", "RC10": -1.206970262394911, "GISJOIN": "G5600370970905", "NAME_E": "Census Tract 9709.05, Sweetwater County, Wyoming", "COUNTY": "Sweetwater County", "INTPTLON": "-109.2796707", "RC2": 0.014115274553044449, "RC9": -0.60035374256287755, "AVG_HH_SZ": 1.1717602571925889, "ESL_PCT": -0.3432089662286526, "INTPTLAT": "+41.6075655", "Q_POV": -0.57178479131440074, "FEM_LBR": 0.34320080390592278, "GEOID": "56037970905", "RC7": 0.29984665880032918, "quadrant": "Low Vulnerability & Low Wildfire Risk", "RC6": -0.45622760779199378, "PRED_PHYS_PC": -1.4639869415238691, "PRED_FARM_VAL": 0.70471122445945855, "P.Ii": 0.076969966746380916, "cluster": "Not Significant", "TRACTFIPS": "56037970905", "SOVI_SCORE": 34.99022686, "SOVI_RATNG": "Relatively Low", "WFIR_RISKS": 80.664264564199996, "WFIR_RISKR": "Relatively Low", "WFIR_EALT": 6496.0206251899999 }, "geometry": { "type": "Polygon", "coordinates": [ [ [ -109.30803, 41.63242 ], [ -109.30328, 41.62064 ], [ -109.30291, 41.61514 ], [ -109.30566, 41.60609 ], [ -109.31159, 41.59958 ], [ -109.31507, 41.59288 ], [ -109.30972, 41.59119 ], [ -109.30443, 41.58578 ], [ -109.29545, 41.58369 ], [ -109.29298, 41.57995 ], [ -109.27398, 41.57898 ], [ -109.27151, 41.57481 ], [ -109.27631, 41.57166 ], [ -109.25623, 41.57942 ], [ -109.25956, 41.58044 ], [ -109.26331, 41.58401 ], [ -109.268244, 41.586129 ], [ -109.26013, 41.59353 ], [ -109.258376, 41.600468 ], [ -109.25462, 41.60943 ], [ -109.25141, 41.61069 ], [ -109.251429, 41.613656 ], [ -109.243622, 41.629433 ], [ -109.249012, 41.633125 ], [ -109.2719, 41.63309 ], [ -109.284987, 41.632066 ], [ -109.291906, 41.632492 ], [ -109.30803, 41.63242 ] ] ] } },
{ "type": "Feature", "properties": { "PRED_SS_PC": -0.77305907983119337, "PERCAP": 0.079129469977275685, "TRACTCE": "970904", "HLTH_INS": 0.50672099597579723, "Q_FEMALE": -0.55161896084595907, "RC5": -0.43796642671320801, "HOU_DEN": -0.60762876451482883, "MED_VAL": 0.17860753706012361, "POP_CHG": -0.68736037274263517, "LBR_FORCE": 0.11312737568316091, "SoVI_class": "< -1 SD", "Q_UNEMP": -0.68642739550373033, "Q_EXTRACT": 1.4315062270570631, "MED_RENT": -4.6605295529758362, "Q_MOBILE": 2.201646845313507, "Q_RENTER": -1.668128824303809, "AGE_DEP": -0.46254305359154879, "MED_AGE": 0.079056946456454585, "PCT_URBAN": 0.35982752587684902, "NO_VEH": -0.65826920990460236, "Q_SERV": -0.37627713173525018, "COUNTYFP": "037", "ALAND": 86184205.0, "Ii": -0.93285659312334424, "NAME": "9709.04", "RC4": -0.7250950153113298, "HOSP_PC": -0.39945578899327572, "PRED_NURS_PC": -0.39575435002283649, "AWATER": 43943.0, "Q_TRANS": 1.0903377022924789, "NAMELSAD": "Census Tract 9709.04", "RC8": 0.66841610205084656, "RC1": -0.043530268780578717, "STATEFP": "56", "NO_HS": 0.039562657378236922, "MTFCC": "G5020", "PRED_BRATE": 0.37981549309025991, "SoVI": -4.054776072301757, "PRED_PCT_GOP": -2.584752904032622, "Q_MINOR": 1.058157312556824, "lag_sovi": 2.2861671125528509, "Area_miles": null, "RC3": -1.3058040105252799, "Q_GRP_QTR": -0.29124754014261289, "GEOIDFQ": "1400000US56037970904", "PRED_GDP_PC": -1.2213574108651311, "FUNCSTAT": "S", "RC10": -0.075686906323732372, "GISJOIN": "G5600370970904", "NAME_E": "Census Tract 9709.04, Sweetwater County, Wyoming", "COUNTY": "Sweetwater County", "INTPTLON": "-109.2692562", "RC2": 2.234246722516767, "RC9": -1.135685426694597, "AVG_HH_SZ": -0.28028700819947722, "ESL_PCT": 1.818586598358924, "INTPTLAT": "+41.6894480", "Q_POV": -0.25802592449199901, "FEM_LBR": -0.088695487727096553, "GEOID": "56037970904", "RC7": -3.7198312566225349, "quadrant": "Low Vulnerability & Low Wildfire Risk", "RC6": -0.48616041410189043, "PRED_PHYS_PC": -0.82950478706312891, "PRED_FARM_VAL": 0.70471122445945855, "P.Ii": 0.10358381267495288, "cluster": "Not Significant", "TRACTFIPS": "56037970904", "SOVI_SCORE": 58.99899307, "SOVI_RATNG": "Relatively Moderate", "WFIR_RISKS": 77.746066854600002, "WFIR_RISKR": "Relatively Low", "WFIR_EALT": 3432.0411380300002 }, "geometry": { "type": "Polygon", "coordinates": [ [ [ -109.335608, 41.743269 ], [ -109.34746, 41.7446 ], [ -109.35515, 41.74846 ], [ -109.36213, 41.74908 ], [ -109.365, 41.73544 ], [ -109.35631, 41.73235 ], [ -109.35337, 41.72924 ], [ -109.34422, 41.72971 ], [ -109.34014, 41.72869 ], [ -109.33353, 41.72477 ], [ -109.32524, 41.72373 ], [ -109.32266, 41.72101 ], [ -109.31624, 41.7203 ], [ -109.31371, 41.71812 ], [ -109.31181, 41.70995 ], [ -109.30641, 41.6943 ], [ -109.30306, 41.68988 ], [ -109.30007, 41.68202 ], [ -109.29944, 41.67413 ], [ -109.29414, 41.66534 ], [ -109.29351, 41.6562 ], [ -109.2965, 41.65261 ], [ -109.29558, 41.6469 ], [ -109.30141, 41.6397 ], [ -109.30733, 41.63733 ], [ -109.30803, 41.63242 ], [ -109.291906, 41.632492 ], [ -109.284987, 41.632066 ], [ -109.2719, 41.63309 ], [ -109.249012, 41.633125 ], [ -109.243622, 41.629433 ], [ -109.23302, 41.62104 ], [ -109.233181, 41.624636 ], [ -109.22903, 41.63996 ], [ -109.22685, 41.65474 ], [ -109.22499, 41.65684 ], [ -109.224911, 41.664721 ], [ -109.22217, 41.67632 ], [ -109.22074, 41.6868 ], [ -109.21685, 41.69744 ], [ -109.21248, 41.71705 ], [ -109.2067, 41.72752 ], [ -109.20119, 41.72848 ], [ -109.21304, 41.7298 ], [ -109.22171, 41.72828 ], [ -109.239679, 41.730374 ], [ -109.244601, 41.728564 ], [ -109.26487, 41.72718 ], [ -109.27438, 41.72691 ], [ -109.28155, 41.73385 ], [ -109.28788, 41.73684 ], [ -109.30903, 41.74374 ], [ -109.31365, 41.74416 ], [ -109.33144, 41.74202 ], [ -109.335608, 41.743269 ] ] ] } },
{ "type": "Feature", "properties": { "PRED_SS_PC": -0.88285581949948488, "PERCAP": 0.078900200577436269, "TRACTCE": "001100", "HLTH_INS": 0.77916066942359652, "Q_FEMALE": -1.546003710258441, "RC5": 4.8349864242410288, "HOU_DEN": -0.40698646702551727, "MED_VAL": -5.5503194594067322, "POP_CHG": 0.15298888353147161, "LBR_FORCE": 1.287262464241939, "SoVI_class": "-0.5 to 0.5 SD", "Q_UNEMP": -1.026754391061135, "Q_EXTRACT": -0.88238978071310514, "MED_RENT": 0.21323074501900399, "Q_MOBILE": -0.84062520366273785, "Q_RENTER": 4.1679247940431896, "AGE_DEP": -1.730158240586916, "MED_AGE": 0.079056601135754745, "PCT_URBAN": 0.75709591968392342, "NO_VEH": -0.14504946289744389, "Q_SERV": 1.094833347786571, "COUNTYFP": "021", "ALAND": 12470502.0, "Ii": 0.1652683604471, "NAME": "11", "RC4": -1.1607966859283789, "HOSP_PC": -0.39945578899327572, "PRED_NURS_PC": -1.0469495550947829, "AWATER": 126908.0, "Q_TRANS": -0.89153145268390976, "NAMELSAD": "Census Tract 11", "RC8": 1.9740678265532079, "RC1": 1.288481313198556, "STATEFP": "56", "NO_HS": -1.0362640585230189, "MTFCC": "G5020", "PRED_BRATE": 1.590402422403502, "SoVI": 1.079641398597404, "PRED_PCT_GOP": 1.223328845487194, "Q_MINOR": 1.3248973094730701, "lag_sovi": 1.5211433816038951, "Area_miles": null, "RC3": -0.66605528133657432, "Q_GRP_QTR": 2.098797848412151, "GEOIDFQ": "1400000US56021001100", "PRED_GDP_PC": -1.2213574108651311, "FUNCSTAT": "S", "RC10": -2.5321888425787988, "GISJOIN": "G5600210001100", "NAME_E": "Census Tract 11, Laramie County, Wyoming", "COUNTY": "Laramie County", "INTPTLON": "-104.8616298", "RC2": -0.94573005342246119, "RC9": -1.851906543073641, "AVG_HH_SZ": 1.11591228544674, "ESL_PCT": 0.1036313440877752, "INTPTLAT": "+41.1470529", "Q_POV": -0.67080088465509369, "FEM_LBR": -0.75223519353356683, "GEOID": "56021001100", "RC7": 0.84278741859058504, "quadrant": "High Vulnerability & Low Wildfire Risk", "RC6": 0.70400417764611944, "PRED_PHYS_PC": 0.053218143643104239, "PRED_FARM_VAL": 0.70471122445945855, "P.Ii": 0.32901144704247842, "cluster": "Not Significant", "TRACTFIPS": "56021001100", "SOVI_SCORE": 9.209856068000001, "SOVI_RATNG": "Very Low", "WFIR_RISKS": 86.544658889600001, "WFIR_RISKR": "Relatively Low", "WFIR_EALT": 21439.114687400001 }, "geometry": { "type": "Polygon", "coordinates": [ [ [ -104.843552, 41.167879 ], [ -104.857116, 41.16954 ], [ -104.864791, 41.165974 ], [ -104.8796, 41.163058 ], [ -104.879581, 41.156605 ], [ -104.885225, 41.14189 ], [ -104.885916, 41.135462 ], [ -104.868786, 41.13174 ], [ -104.859192, 41.13158 ], [ -104.847234, 41.1331 ], [ -104.843009, 41.132434 ], [ -104.843501, 41.137696 ], [ -104.840538, 41.139807 ], [ -104.840509, 41.146842 ], [ -104.839389, 41.147849 ], [ -104.839425, 41.159211 ], [ -104.852679, 41.159257 ], [ -104.852664, 41.164089 ], [ -104.846044, 41.164081 ], [ -104.843552, 41.167879 ] ] ] } }
]
}
